Source;Target;Weight;Type
0;0;0;undirected
0;7;0.03354711663228027;undirected
0;5;0.035628038786465366;undirected
1;1;0;undirected
1;2;0.011667162679491083;undirected
1;4;0.10251621989000048;undirected
2;2;0;undirected
2;1;0.011667162679491083;undirected
2;5;0.10931194210472395;undirected
3;3;0;undirected
3;6;0.044430342140321044;undirected
3;4;0.04647900726312726;undirected
4;4;0;undirected
4;6;0.01750259362025952;undirected
4;3;0.04647900726312726;undirected
5;5;0;undirected
5;7;0.026777587011734938;undirected
5;0;0.035628038786465366;undirected
6;6;0;undirected
6;4;0.01750259362025952;undirected
6;3;0.044430342140321044;undirected
7;7;0;undirected
7;5;0.026777587011734938;undirected
7;0;0.03354711663228027;undirected
