δε;;7688
και;;7623
τε;;2775
εσ;;2744
οι;;2677
των;;2586
μεν;;2550
την;;2520
τον;;2139
ο;;2100
το;;2018
του;;1899
εν;;1832
τα;;1734
τησ;;1551
γαρ;;1479
ωσ;;1472
τουσ;;1396
δη;;1395
η;;1197
ταυτα;;1170
τωι;;1135
επι;;1030
τηι;;965
εκ;;934
τοισι;;908
προσ;;824
εστι;;811
ου;;754
ουκ;;738
τασ;;729
ην;;705
κατα;;636
σφι;;624
ειναι;;619
τουτο;;579
νυν;;576
περι;;542
απο;;535
μη;;508
αν;;492
ουτω;;491
ων;;472
ει;;457
υπο;;455
τουτων;;442
αυτων;;420
αλλα;;418
τι;;417
ουτε;;413
μετα;;374
δ;;352
ουτοι;;350
παρα;;347
ταδε;;332
μιν;;329
αυτου;;319
επ;;308
αυτον;;304
σφεασ;;303
ουδεν;;297
τουτου;;294
παντα;;294
τουτον;;282
εξ;;263
αυτοσ;;262
αι;;262
δια;;258
εισι;;257
αλλ;;253
περ;;252
οτι;;250
προτερον;;245
ουτοσ;;239
εγω;;237
επειτε;;234
γε;;230
εωυτου;;228
ετι;;222
ουνομα;;220
ελληνων;;220
μοι;;219
μαλιστα;;217
περσεων;;215
λεγουσι;;214
γενεσθαι;;212
ησαν;;212
τοτε;;207
οσ;;201
εγενετο;;195
ταυτην;;195
αυτουσ;;194
τηισι;;188
τοι;;186
ταυτηι;;184
αυτοι;;181
εων;;181
ενθαυτα;;181
τουτουσ;;180
τισ;;180
ουδε;;179
παντων;;178
αμα;;174
ω;;174
πολιν;;172
περσαι;;167
χρονον;;163
τουτοισι;;161
ελληνεσ;;160
επεαν;;157
νεασ;;157
ειη;;155
ωστε;;154
αθηναιοι;;151
αυτη;;151
ανδρων;;149
τουτωι;;148
οκωσ;;148
δυο;;147
αθηναιων;;144
αυτωι;;143
συ;;140
λογον;;138
εοντα;;138
ανθρωπων;;137
ηδη;;136
βασιλεοσ;;134
αυτην;;132
βασιλεα;;131
χωρην;;131
ταυτησ;;130
θαλασσαν;;129
ελλαδα;;129
γην;;129
εοντεσ;;129
ανηρ;;129
αυτοισι;;129
ινα;;127
αλλων;;126
επει;;126
πολλα;;126
οπισω;;126
ευ;;126
πολλον;;125
ανδρα;;124
ωδε;;124
πασαν;;124
ποιεειν;;124
ειχον;;124
ποταμον;;122
κατ;;122
περσασ;;122
ξερξησ;;122
δαρειοσ;;120
σε;;119
απ;;118
εμοι;;118
υμιν;;118
αυτικα;;117
ελεγε;;117
ιρον;;117
παν;;115
μεντοι;;114
βασιλευσ;;113
αλλοι;;113
ανδρασ;;113
ειπε;;112
ενθευτεν;;111
περσηισι;;111
λεγεται;;111
αιει;;110
χωρησ;;110
μαλλον;;110
παρ;;109
ανδρεσ;;109
αιγυπτιοι;;109
μεχρι;;107
παντεσ;;107
τινα;;105
ημιν;;105
σφεων;;102
αιγυπτον;;101
υπ;;100
εχει;;100
ημεισ;;99
στρατιην;;99
εγινετο;;99
πολιοσ;;98
εινεκα;;97
στρατον;;97
αυτησ;;96
αιγυπτου;;95
εχειν;;95
εχων;;95
εφη;;94
πλην;;94
ετεα;;93
ειπειν;;93
καρτα;;93
ειχε;;92
χρηματα;;92
πολλωι;;92
λακεδαιμονιοι;;92
δαρειου;;92
δι;;90
παισ;;90
βασιλει;;90
τροπωι;;89
ελεγον;;89
εχοντεσ;;88
αλλο;;88
λεγειν;;88
γινεται;;88
οια;;87
αιγυπτιων;;87
σφισι;;86
αρχην;;86
λεγων;;86
απικετο;;86
πριν;;86
τωυτο;;85
σκυθαι;;85
πολισ;;85
αλλουσ;;84
οσον;;83
εον;;81
λογωι;;81
ημεασ;;81
παντασ;;80
κυρου;;80
ελλησι;;79
ελληνασ;;79
επειτα;;79
πρωτα;;79
εωυτων;;79
εμε;;78
ανδροσ;;78
τειχοσ;;78
νεων;;77
παιδα;;76
πρηγματα;;76
κυροσ;;76
προ;;75
μεγα;;75
αθηναιοισι;;75
αλλοισι;;74
λογουσ;;74
εωυτον;;74
συν;;73
γυναικα;;73
επτα;;73
βασιλευ;;73
κροισοσ;;72
ανα;;72
φασι;;71
γησ;;71
γυναικασ;;70
ποταμου;;70
σαρδισ;;70
υδωρ;;70
υστερον;;70
χρονωι;;69
απικοντο;;69
ιωνων;;69
ουδεισ;;69
ιωνεσ;;69
θεων;;69
σκυθεων;;68
παιδασ;;68
υπερ;;68
αθηνασ;;68
αρα;;67
εχω;;67
εωυτωι;;66
γνωμην;;66
εγενοντο;;66
πεντε;;65
πρηγμα;;65
λογοσ;;65
ειτε;;65
ατε;;65
θαλασσησ;;64
τοδε;;64
εδοκεε;;64
εοντασ;;64
μητε;;63
ουδενα;;63
εκατον;;63
αυτισ;;63
μεγαλα;;62
θυγατερα;;62
εουσα;;62
εικοσι;;62
δεκα;;62
πολλοι;;62
κοτε;;62
μηδων;;62
αθηναιουσ;;62
πρωτον;;61
κωσ;;61
εκελευε;;61
λακεδαιμονιων;;61
ιρα;;61
αυτηι;;61
τοιαδε;;60
με;;60
οσα;;60
εοντων;;60
οδον;;60
στρατιησ;;59
εκαστοσ;;59
ποταμοσ;;59
εργον;;58
αυται;;58
τοιονδε;;58
αντι;;58
πληθοσ;;58
στρατοσ;;58
εινεκεν;;57
στρατευεσθαι;;57
ομοιωσ;;57
βαρβαρων;;57
πολεμον;;57
καμβυσησ;;57
εμεο;;56
ουδ;;56
οσοι;;56
νηυσι;;56
βαρβαροι;;56
γινεσθαι;;55
ημερεων;;55
ημερησ;;55
υμεασ;;55
αλλην;;55
αλλοσ;;55
δει;;54
τρεισ;;54
ξερξεω;;54
μεγαλωσ;;53
χρονου;;53
εδοξε;;53
ταχιστα;;53
χρεωνται;;53
εθνοσ;;53
χρηματων;;53
ορεων;;53
εουσαν;;52
εποιεε;;52
μεγιστον;;52
λεγει;;52
ποιευσι;;52
σκυθασ;;52
μεσον;;52
σοι;;51
απικομενοσ;;51
απικομενοι;;51
χωρον;;50
απικεσθαι;;50
ασιην;;50
εσχε;;50
χρηστηριον;;50
δελφουσ;;50
μουνον;;50
οψιν;;50
δευτερα;;50
λεγοντεσ;;50
οτε;;50
τριηκοντα;;49
κου;;49
πυθομενοσ;;49
κατυπερθε;;49
εφασαν;;49
δαρειωι;;49
σεο;;48
ταλαντα;;48
εκεινου;;48
τινεσ;;48
ανω;;48
μαρδονιοσ;;48
δοκεω;;47
μηδε;;47
ειπασ;;47
νομοσ;;47
πολλουσ;;47
ασιησ;;46
γυναικοσ;;46
γυνη;;46
ενθα;;46
επειδη;;46
ιππον;;46
λιβυησ;;46
ενα;;46
πολι;;46
καλεουσι;;46
γυναικεσ;;46
γυναικων;;45
εθνεα;;45
λογου;;45
τοισδε;;45
αλλον;;45
θεον;;45
ακουσασ;;45
εχοντα;;45
παιδοσ;;45
εποιησε;;45
κεφαλην;;45
δαρειον;;45
εχουσι;;44
εξω;;44
πυθιη;;44
βουλομενοσ;;44
ποιησαι;;44
ημερασ;;44
εισ;;44
δοκεει;;44
οδου;;44
στρατου;;44
εποιευν;;44
φοινικεσ;;43
γενομενον;;43
ανθρωπουσ;;43
ουκετι;;43
χωρη;;43
εσεσθαι;;43
πασα;;43
διοσ;;43
οικεουσι;;42
ημερηι;;42
γενοσ;;42
ιωνασ;;42
μουνοι;;42
τουτεων;;42
κω;;42
ρεει;;42
παιδων;;42
σπαρτιητεων;;42
υμεων;;42
ξερξην;;42
ταυτασ;;41
δυωδεκα;;41
παιδεσ;;41
αυτεων;;41
εγινοντο;;41
οκτω;;41
εοντοσ;;41
αιγυπτωι;;41
ελλησποντον;;41
πατροσ;;40
ηρχε;;40
κροισον;;40
ποιησασ;;40
τελοσ;;40
εποιεετο;;40
ειρηται;;40
αυτα;;40
ηλιου;;40
εκαστον;;39
νυκτοσ;;39
χρασθαι;;39
ιεναι;;39
οροσ;;39
δωρα;;39
αστων;;39
βουλομενοι;;39
ηιε;;39
δοκεειν;;39
γενηται;;38
εργα;;38
ελθειν;;38
κηρυκα;;38
ελλαδοσ;;38
κροισου;;38
εσται;;38
τεκνα;;38
ημερην;;38
τοιουτο;;38
γλωσσαν;;38
ατρεκεωσ;;38
πλεον;;38
ημεων;;38
ξερξηι;;38
ιδμεν;;37
πρηγματων;;37
τοιαυτα;;37
δεινον;;37
εποιευντο;;37
πεντηκοντα;;37
ουδενοσ;;37
αυτο;;37
ειρετο;;37
θεοσ;;37
ανδρι;;37
τουδε;;37
λακεδαιμονιοισι;;37
μαθων;;37
λαβων;;37
στρατοπεδον;;37
χωρισ;;37
πρωτοι;;37
λιμνησ;;37
ηω;;37
αμασισ;;37
δυναμιν;;36
μεταξυ;;36
κειται;;36
μεγαλην;;36
βασιληιην;;36
λυδων;;36
τεσσερακοντα;;36
επυθοντο;;36
χρεον;;36
μεγαθοσ;;36
οιον;;36
ειδον;;36
γη;;36
συμμαχων;;36
τοσουτο;;36
υμεισ;;36
παντωσ;;35
κακον;;35
τοσαυτα;;35
στρατιηι;;35
τωνδε;;35
μηδεν;;35
πολλων;;35
μαχην;;35
ιρου;;35
ιππου;;35
τειχεοσ;;35
τροπον;;35
παρειχοντο;;35
κλεομενησ;;35
χωρηι;;34
αγγελουσ;;34
αλλωσ;;34
ανεμον;;34
πολλου;;34
πειθεσθαι;;34
δελφοισι;;34
αριθμον;;34
καλεεται;;34
νομον;;34
ωσπερ;;34
οιδε;;34
μετ;;34
εουσησ;;34
φασ;;34
ποιευμενοσ;;34
πλεονεσ;;34
αυτοθι;;34
ουδαμωσ;;34
ουνοματα;;34
σαμον;;34
νεεσ;;34
αιγυπτιοισι;;34
πρωτοσ;;33
τονδε;;33
γενομενοσ;;33
εκεινων;;33
ωι;;33
αδελφεον;;33
ετερον;;33
καμβυσεω;;33
θεωι;;33
πεμψασ;;33
αμφι;;33
πεδιον;;33
εποιησαντο;;33
ουδενι;;33
στρατηγοσ;;33
πασησ;;33
πλεω;;33
λιμνην;;33
αλληι;;32
λεγω;;32
δευτερον;;32
ειδε;;32
μαχησ;;32
κροισωι;;32
οπλα;;32
νησον;;32
μαχηι;;32
εποιησαν;;32
περσην;;32
ουτ;;32
εσω;;32
αστυαγησ;;32
ρεων;;31
ιωνιην;;31
πολιων;;31
αμειβετο;;31
επεμπε;;31
ταχιστην;;31
θεου;;31
ανθρωποι;;31
σπαρτηι;;31
εκδιδοι;;31
τοιουτωι;;31
αλλωι;;31
ηλιον;;31
εξηκοντα;;31
ποταμων;;31
σπαρτησ;;31
αρισταγορησ;;31
βορεην;;30
νοωι;;30
ηλθε;;30
ανεθηκε;;30
τοιωιδε;;30
ιωσι;;30
δουναι;;30
κηι;;30
οικοσ;;30
σπαρτην;;30
πασασ;;30
αιγυπτιουσ;;30
πεζον;;30
οστισ;;30
αγων;;30
αρπαγοσ;;30
μαθοντεσ;;30
ποιεεσθαι;;30
νεμονται;;30
μιαν;;30
λιβυην;;30
αιγινηται;;30
αλλασ;;29
αυτασ;;29
εθνεων;;29
ανθρωποισι;;29
οπισθε;;29
ειλε;;29
γινονται;;29
σωμα;;29
οικια;;29
ηι;;29
καλεομενην;;29
ιππων;;29
ηπειρον;;29
εποσ;;29
θυουσι;;29
νειλου;;29
αιγινητεων;;29
μαρδονιου;;29
νεα;;28
σαρδιων;;28
χρυσον;;28
μιλητον;;28
γηι;;28
εκεινον;;28
αμεινον;;28
αγαθα;;28
χειρασ;;28
ορεοσ;;28
γνωμηι;;28
σαμιοι;;28
κατω;;28
ιπποσ;;28
ορωντεσ;;28
εκαστοι;;28
επλεον;;28
ιρεεσ;;28
σαλαμινα;;28
ποιησασθαι;;27
προσω;;27
αμφοτερων;;27
λυδοι;;27
ενοσ;;27
ετει;;27
οιοι;;27
εοντι;;27
πολλοισι;;27
κακων;;27
επεα;;27
εντειλαμενοσ;;27
ανευ;;27
αθηνεων;;27
εστρατευοντο;;27
ελθων;;27
πυθομενοι;;27
κυρον;;27
ποιησαντεσ;;27
χρεωμενοι;;27
εωυτουσ;;27
μεγασ;;27
νομιζουσι;;27
βασιλεων;;27
σουσα;;27
ευπετεωσ;;27
μυριαδεσ;;27
ουδεμιαν;;27
πολεμου;;27
ιστιαιοσ;;27
αττικην;;27
μιλτιαδησ;;27
θεμιστοκλεησ;;27
αιτιην;;26
ελλαδι;;26
ουδαμα;;26
λακεδαιμονιουσ;;26
αρχησ;;26
κακωσ;;26
παρεξ;;26
αστυ;;26
ιδων;;26
πυνθανομαι;;26
περιανδροσ;;26
μουνοσ;;26
σταδιοι;;26
εουσι;;26
εωυτησ;;26
απαντων;;26
σφεα;;26
μαντηιον;;26
πασι;;26
ορθωσ;;26
εμελλε;;26
ιππουσ;;26
ενι;;26
μηκοσ;;26
αδελφεοσ;;26
ποιευνται;;26
πολιεσ;;26
εωσι;;26
ποιευντεσ;;26
οικεοντεσ;;26
εσπερησ;;26
αλεξανδροσ;;26
θηβαιων;;26
δικασ;;25
ουτωσ;;25
εσχον;;25
κελευων;;25
γυναικι;;25
μιλητου;;25
αργειοι;;25
αγειν;;25
επεμπον;;25
θελων;;25
σαμιων;;25
εσθητα;;25
θεοισι;;25
μηδοι;;25
ομωσ;;25
χωριον;;25
ειδεναι;;25
περσησ;;25
διδοι;;25
θυγατροσ;;25
χωροσ;;25
κακα;;25
γνωμη;;25
νειλοσ;;25
στρατηγοι;;25
νεοσ;;24
αλληλων;;24
εντοσ;;24
τεωι;;24
ουδεμια;;24
ποιησειν;;24
νομοισι;;24
οδε;;24
παντοσ;;24
συμφορην;;24
πελοποννησον;;24
πελοποννησου;;24
πληθει;;24
σπαρτιηται;;24
αργειων;;24
κεφαλασ;;24
πλοια;;24
πρωτουσ;;24
παιδιον;;24
πατερα;;24
ανδρασι;;24
ισθμον;;24
χιλιοι;;24
ηλθον;;24
ναυτικοσ;;24
επλεε;;24
πλεονασ;;23
εδοσαν;;23
μεγαν;;23
οιδα;;23
παλαι;;23
ασιηι;;23
πολλην;;23
ημερη;;23
επωνυμιην;;23
αγγελον;;23
θωμα;;23
θαλασσηι;;23
πολλοσ;;23
απεθανε;;23
ιρωι;;23
ετερου;;23
μεγαλη;;23
εδωκε;;23
βαρβαρον;;23
δημου;;23
εκαστου;;23
γενομενου;;23
μηδουσ;;23
εσπερην;;23
απαλλασσοντο;;23
μηδενα;;23
γραμματα;;23
ησσον;;23
πυθεσθαι;;23
αγαλματα;;23
πλεειν;;23
αριστα;;23
φοινικων;;23
βουλομενον;;23
αρχασ;;23
λιβυεσ;;23
νησου;;23
μαρδονιον;;23
τινασ;;22
νηι;;22
ηρακλεοσ;;22
οτεο;;22
τυγχανει;;22
δεσποτα;;22
αγχου;;22
εγεγονεε;;22
βασιλεεσ;;22
απεπεμψε;;22
αμασιν;;22
εβδομηκοντα;;22
αλλου;;22
πολλακισ;;22
ηισαν;;22
νεκρον;;22
θανατον;;22
τοινυν;;22
υδατοσ;;22
ολιγωι;;22
ηκουσαν;;22
γενομενοι;;22
οκου;;22
ηγον;;22
ιπποι;;22
απαλλασσεσθαι;;22
ευροσ;;22
λογων;;22
θεουσ;;22
νομωι;;22
ελεξε;;22
ηπειρου;;22
καλεονται;;22
ποταμωι;;22
τοιηνδε;;22
λιβυων;;22
κερασ;;22
μυριαδασ;;22
τοξα;;22
θεσσαλιην;;22
γενομενα;;21
ευρωπην;;21
ταλλα;;21
εκεινοι;;21
τυραννοσ;;21
απικομενον;;21
δοκεων;;21
εδεε;;21
λοιποι;;21
αθηναιησ;;21
πεμπει;;21
καλλιστα;;21
ειμι;;21
σεωυτου;;21
αμφοτερα;;21
αγαλμα;;21
νυκτα;;21
εποιησατο;;21
πυρ;;21
σιτια;;21
ολιγον;;21
βασιληιησ;;21
σκυθηισι;;21
ιρων;;21
περσηι;;21
εκελευσε;;21
επισταμενοι;;21
στρατηγον;;21
ηκιστα;;21
βασιλεασ;;21
ναυμαχιηι;;21
σταδιων;;21
κεφαληισι;;21
ημισυ;;21
πολυκρατεοσ;;21
καμβυσην;;21
ναυτικον;;21
ακουσαντεσ;;21
θεσσαλοι;;21
ησ;;20
καλεομενον;;20
ποντον;;20
αξιον;;20
εστρατευετο;;20
καρπον;;20
μιλησιοι;;20
νηον;;20
κορινθιοι;;20
τελευται;;20
προθυμωσ;;20
αριστον;;20
ποιησαμενοι;;20
αγγελοι;;20
αμειβεται;;20
χρηστα;;20
τεσσερασ;;20
ειποντο;;20
ακροπολιν;;20
χωρωι;;20
εφευγον;;20
τηιδε;;20
συνηνεικε;;20
στρατωι;;20
παραλαβων;;20
πεζου;;20
αλλη;;20
ευρωπησ;;20
καμβυσηι;;20
καλεσασ;;20
φεροντα;;20
εκαστωι;;20
λεγοντα;;20
μεγιστα;;20
τριων;;20
κολπον;;20
κατελαβε;;20
νησωι;;20
επορευετο;;20
εβουλευοντο;;20
στρατιη;;20
πεζοσ;;20
στρατηγουσ;;20
βαρβαροισι;;19
γεγονε;;19
πασεων;;19
λυδοισι;;19
εκεινοσ;;19
τηνικαυτα;;19
πολεμιων;;19
γενομενων;;19
παραπαν;;19
ανθρωπον;;19
χρημα;;19
παι;;19
δικην;;19
φαινεται;;19
θηβαιοι;;19
αττικησ;;19
φευγοντασ;;19
μεγαλων;;19
στρατοπεδωι;;19
αλλησ;;19
ετραποντο;;19
βοηθεειν;;19
ετεσι;;19
εφαινετο;;19
ηγε;;19
μεσου;;19
πυλασ;;19
οσωι;;19
θρηικων;;19
παλαιον;;19
λεγονται;;19
ελαβον;;19
μηνασ;;19
φαμενοι;;19
λιθου;;19
εμπροσθε;;19
αιγιναν;;19
κλεισθενησ;;19
δημαρητοσ;;19
ναυμαχιην;;19
απικατο;;18
εκεινουσ;;18
επισταμενοσ;;18
χρην;;18
ησυχιην;;18
τεωσ;;18
λεγομενα;;18
τυραννιδα;;18
κακου;;18
οικιησ;;18
λαβειν;;18
αθηναιοσ;;18
αριστων;;18
χρη;;18
εδεοντο;;18
λιβυηι;;18
ομου;;18
ετεοσ;;18
ετοιμοι;;18
φορεουσι;;18
αγαθον;;18
γινομενον;;18
νησοσ;;18
πυνθανομενοι;;18
τρια;;18
πολλαι;;18
πατρι;;18
ποντου;;18
εδοκεον;;18
δειπνον;;18
νομαδεσ;;18
φωκεεσ;;18
απεπλεον;;18
μεσογαιαν;;18
ποιευμενον;;18
πατηρ;;18
τεμενοσ;;18
εχοντασ;;18
εφανη;;18
καιτοι;;18
ηκειν;;18
σμερδιοσ;;18
οικον;;18
οτανησ;;18
αρτεμισιον;;18
ελλησποντου;;18
αρταφρενησ;;18
κλεομενεα;;18
μαρδονιωι;;18
δημαρητον;;18
πλαταιηισι;;18
ηδε;;17
σχεδον;;17
πολλασ;;17
πασ;;17
ωτα;;17
εμην;;17
αληθεωσ;;17
εστασι;;17
ποιεων;;17
ενδεκα;;17
ποιησαμενοσ;;17
φαναι;;17
εχεισ;;17
ξεινε;;17
εθελει;;17
βιον;;17
ανθρωπου;;17
ελαβε;;17
πλειστον;;17
παρησαν;;17
καιπερ;;17
αστυαγεοσ;;17
ηκουσε;;17
χρυσου;;17
πελασγοι;;17
τερασ;;17
πηχεων;;17
αστεοσ;;17
ειεν;;17
ελθοντεσ;;17
λογοισι;;17
αποθανειν;;17
λαβοντεσ;;17
ειρωτα;;17
βασιλευσαι;;17
τειχεα;;17
μαγοι;;17
αρχειν;;17
νυξ;;17
οδοσ;;17
εφερε;;17
ποδασ;;17
ποιευμενοι;;17
εξεστι;;17
ποιεει;;17
αγωνα;;17
θρηικησ;;17
χερσονησου;;17
γεφυραν;;17
δημητροσ;;17
πολεμιουσ;;17
χειμωνοσ;;17
αιθιοπεσ;;17
βουσ;;17
κλεομενεοσ;;17
σαλαμινι;;17
αλληλοισι;;16
αργοσ;;16
οιχεσθαι;;16
εκεινοισι;;16
οικημα;;16
επειθε;;16
εμον;;16
οθεν;;16
μνημην;;16
εα;;16
μιλησιων;;16
παραυτικα;;16
παρεον;;16
αλληλουσ;;16
κηρυξ;;16
κελευειν;;16
καρεσ;;16
νομουσ;;16
αμφοτεροι;;16
σταδιουσ;;16
αντιον;;16
αληθειην;;16
απικνεεται;;16
φερων;;16
δικαιον;;16
φωκεων;;16
απολλωνοσ;;16
επυθετο;;16
χραι;;16
επεσι;;16
πεισιστρατου;;16
ελων;;16
δηλον;;16
μουνουσ;;16
φρασαι;;16
σπαρτιητηισι;;16
εργου;;16
ενθεν;;16
ορκιον;;16
κυρωι;;16
στρατοπεδου;;16
εμαθον;;16
νησων;;16
παρεοντων;;16
εμαχοντο;;16
φωνην;;16
ελασσω;;16
λεγοντων;;16
εκαστοτε;;16
μουνοισι;;16
περιξ;;16
βορεω;;16
ειπαν;;16
βουλευομενοισι;;16
νομιζοντεσ;;16
μαχεσθαι;;16
πεμπειν;;16
τεσσερεσ;;16
ορτην;;16
σαρδισι;;16
ητισ;;16
σταδια;;16
υστασπεοσ;;16
βαβυλωνιοι;;16
αργυριου;;16
μεμφι;;16
ηλιοσ;;16
ιστρον;;16
αιθιοπασ;;16
βαρβαρουσ;;16
αιγινητασ;;16
παιονεσ;;16
στρατηγων;;16
τηνδε;;15
στρατευμα;;15
οδων;;15
κτεινειν;;15
αναθηματα;;15
κορινθιων;;15
δενδρεα;;15
τεο;;15
μετεπειτα;;15
τελευτησαντοσ;;15
πρωτοισι;;15
αληθεα;;15
νοον;;15
ηπειρωι;;15
οικημενων;;15
νησουσ;;15
απικνεονται;;15
μακρωι;;15
παιδι;;15
πεμπων;;15
εκαστα;;15
οιχοντο;;15
υψοσ;;15
ενετελλετο;;15
εχρεωντο;;15
μενειν;;15
τινοσ;;15
εουσασ;;15
πεμψαντεσ;;15
τεισασθαι;;15
αστυαγεα;;15
ρεεθρον;;15
χειμωνα;;15
αργειουσ;;15
οτεωι;;15
υδατι;;15
θαπτουσι;;15
αιτιον;;15
θυγατηρ;;15
ιωνιησ;;15
μαλα;;15
εδιδου;;15
κεφαλησ;;15
ετερα;;15
δουσ;;15
κρατοσ;;15
ουρανου;;15
μιηι;;15
μεσαμβριην;;15
μια;;15
γινομενα;;15
ογδωκοντα;;15
ταυτηισι;;15
πλεοντεσ;;15
εκαλεοντο;;15
νοτον;;15
ιστρου;;15
ηφαιστου;;15
αιγυπτοσ;;15
σιτον;;15
δοκεοντεσ;;15
απαντα;;15
κυρηναιοι;;15
γενομενουσ;;15
ευρον;;15
χρημασι;;15
ωρων;;15
πεζηι;;15
αριστοσ;;15
δεισαντεσ;;15
πολυκρατησ;;15
ελλασ;;15
παυσανιησ;;15
ιστιαιου;;15
ετυγχανε;;15
φοινικασ;;14
ειησαν;;14
ελενην;;14
δηλα;;14
ελληνικον;;14
εργων;;14
ειδοσ;;14
γενομενησ;;14
ακροπολιοσ;;14
απαλλασσετο;;14
ετεων;;14
χιοι;;14
ξεινον;;14
εκεινα;;14
ελπιζων;;14
ηλικιην;;14
παγχυ;;14
μητερα;;14
εργωι;;14
καλωσ;;14
εκεινωι;;14
παρεοντα;;14
ελειν;;14
διοτι;;14
αδελφεου;;14
μεγαλωι;;14
μεγαλουσ;;14
απεπεμπε;;14
επειρωτων;;14
θυειν;;14
χειροσ;;14
οικεον;;14
χωρια;;14
πεδιου;;14
παισι;;14
χρεωμενοσ;;14
πολεμωι;;14
πυθιην;;14
ουτι;;14
αναξανδριδεω;;14
αριστωνοσ;;14
ισον;;14
πολλη;;14
πυνθανομενοσ;;14
ιδρυται;;14
συμμαχιην;;14
αγομενοσ;;14
ποιεεται;;14
υστεραιηι;;14
ταχοσ;;14
λακεδαιμονα;;14
επιοντα;;14
δισ;;14
οιοσ;;14
βοιωτων;;14
οικεειν;;14
βασιληια;;14
δημον;;14
τωιδε;;14
εσθητι;;14
παντι;;14
νεκυν;;14
γεγονεναι;;14
ερημον;;14
κρεα;;14
γεγονασι;;14
αραβιοι;;14
γυναιξι;;14
δεισασ;;14
φευγων;;14
παρεσκευαζοντο;;14
προβατα;;14
γνωμασ;;14
πιστα;;14
βαβυλωνα;;14
τριηκοσιασ;;14
τριηκοσια;;14
ειπον;;14
λοιπουσ;;14
σκυθικηι;;14
ιπποται;;14
αιχμασ;;14
θηβασ;;14
μεμφιν;;14
δελτα;;14
λοιπων;;14
στομα;;14
αιθιοπων;;14
αγχοτατω;;14
ερημοσ;;14
κυρηναιων;;14
ηρακλεα;;14
εμελλον;;14
ξυλινον;;14
αταρ;;14
αλεξανδρου;;14
κυρηνην;;14
σμερδιν;;14
ναυτικου;;14
σφετερην;;14
πεμπουσι;;14
παρεχομενοι;;14
συμμαχοι;;14
λευτυχιδησ;;14
πλαταιεων;;14
αρταβαζοσ;;14
γελων;;14
αρτεμισιωι;;14
δωσειν;;13
ερχομαι;;13
κατεστρεψατο;;13
ελευθεροι;;13
παρην;;13
παθοσ;;13
δελφων;;13
ειλον;;13
νηου;;13
νηοσ;;13
σικελιην;;13
κορινθον;;13
νομου;;13
γεγονοσ;;13
ζοησ;;13
υπνωι;;13
μαχη;;13
εγωγε;;13
κυκλωι;;13
θανατωι;;13
απεκτεινε;;13
δεινωσ;;13
ουδαμων;;13
μεγαθει;;13
δελφοι;;13
φιλον;;13
μουνα;;13
γνωμαι;;13
αντ;;13
κρεων;;13
δηθεν;;13
ξυλων;;13
πεισιστρατοσ;;13
εντεταλμενα;;13
εωσ;;13
δεκεσθαι;;13
χωρου;;13
κοινωι;;13
επεμψε;;13
εξωθεν;;13
σιτεονται;;13
μοιραν;;13
μηδικην;;13
ρεειν;;13
γενοιτο;;13
πρωτην;;13
ομοια;;13
παρεχεται;;13
ετερην;;13
ειμεν;;13
ψαμμητιχοσ;;13
ολιγοι;;13
μεγιστοσ;;13
χρυσωι;;13
γεγονοτα;;13
δειπνου;;13
φερειν;;13
πρωτων;;13
απαντεσ;;13
απεδεξε;;13
προβατων;;13
αυ;;13
μεζω;;13
αποθανοντοσ;;13
κτεινουσι;;13
φαινονται;;13
αυτηισι;;13
απολεσθαι;;13
χιων;;13
ωσαυτωσ;;13
αποδεξασθαι;;13
χειρι;;13
εκαστην;;13
μουνη;;13
τησδε;;13
λιθουσ;;13
οινου;;13
ελθοντα;;13
αργυριον;;13
πεντεκαιδεκα;;13
ιδοντεσ;;13
δυναται;;13
μεγαλησ;;13
φρασω;;13
ελασσονεσ;;13
διονυσον;;13
ευρωπηι;;13
αιδοια;;13
κερεα;;13
εκων;;13
ιθεωσ;;13
σφετερων;;13
ινδων;;13
υπαρχοσ;;13
εβοηθεον;;13
σαλαμινοσ;;13
εχονται;;13
λεωνιδην;;13
σπαρτιητασ;;13
ταξιν;;13
εστρατηγεε;;13
θερμοπυληισι;;13
παυσανιην;;13
δοξαι;;12
εμαθε;;12
καλεομενοσ;;12
εκεινην;;12
ειματα;;12
εκαλεε;;12
προσθε;;12
δυων;;12
βουλεαι;;12
τοιαυτην;;12
εβασιλευσε;;12
πλειστα;;12
εσεβαλε;;12
ορμωμενοι;;12
δεδηλωται;;12
γινομενησ;;12
επειρεσθαι;;12
προειπε;;12
συμμαχουσ;;12
πλοιον;;12
ψυχην;;12
πασηι;;12
θρηικεσ;;12
δωριεεσ;;12
ετερη;;12
αξιοσ;;12
εχηι;;12
επυνθανετο;;12
ορμωμενοσ;;12
φαινεσθαι;;12
αμεινω;;12
οψισ;;12
φονου;;12
τοσουτωι;;12
λοιπον;;12
τ;;12
τεσσερα;;12
θηβηισι;;12
παρελαβε;;12
οταν;;12
πελασγων;;12
εμοιγε;;12
ευρισκω;;12
ορμηθεντεσ;;12
τεγεητασ;;12
κοσμον;;12
σεβονται;;12
οστεα;;12
αγγελων;;12
γνωμησ;;12
αγαθων;;12
εσονται;;12
επειρατο;;12
βαβυλωνιων;;12
οσαι;;12
εκατερον;;12
πρωτωι;;12
δολωι;;12
πασαι;;12
απιστασθαι;;12
δοκιμοσ;;12
εδιδοσαν;;12
ετερωι;;12
κυπριοι;;12
φορον;;12
ηκουσα;;12
αποκτειναι;;12
αναγκη;;12
κοσμωι;;12
οδωι;;12
τοιουτου;;12
μεγαλασ;;12
παντοια;;12
εκελευον;;12
βυβλιον;;12
παντηι;;12
βουλομενοισι;;12
δουλουσ;;12
θυσιασ;;12
αραβιων;;12
αιρεει;;12
αποθανηι;;12
ιχθυων;;12
ετυχον;;12
ηθεα;;12
οκοιον;;12
υποζυγια;;12
στολωι;;12
καλεομενοι;;12
καλλιστον;;12
θαλασσα;;12
τρισι;;12
ερυθρην;;12
ημερηισι;;12
εκαστησ;;12
νεωστι;;12
επεθυμησε;;12
περην;;12
οιτινεσ;;12
εθελειν;;12
ηκουον;;12
δηλοι;;12
συμβαλειν;;12
ελεφαντινησ;;12
ιδεσθαι;;12
τωγαλμα;;12
εσβολην;;12
ολιγουσ;;12
εχομενοι;;12
πλοιοισι;;12
τριηρεασ;;12
αμασιοσ;;12
βουλομενων;;12
σμερδισ;;12
πολυκρατεα;;12
σαμιοισι;;12
εκτοσ;;12
ιππωι;;12
θεσσαλιησ;;12
ινδοι;;12
αιρεουσι;;12
σαμου;;12
σκυθικησ;;12
διεβη;;12
λακεδαιμονοσ;;12
αρκεσιλεωσ;;12
πελοποννησιοισι;;12
ετασσοντο;;12
ναυμαχιησ;;12
ισθμου;;12
ισθμωι;;12
καλεομενησ;;11
φοινικησ;;11
διδοναι;;11
δοντεσ;;11
σπουδην;;11
τιμωρεειν;;11
στολον;;11
σμικρα;;11
λυδοσ;;11
γεγονοτεσ;;11
οφθαλμων;;11
θεησασθαι;;11
δεεσθαι;;11
φερει;;11
ωρα;;11
αποκτεινασ;;11
επειρωτα;;11
βασιληιον;;11
θρονον;;11
μηδοισι;;11
επολιορκεε;;11
θεοπροπουσ;;11
ενεπρησαν;;11
μελλοι;;11
ξεινουσ;;11
σκευην;;11
παρειναι;;11
εκαστοισι;;11
μελλοντα;;11
βιου;;11
σωματοσ;;11
μητηρ;;11
ανθρωπωι;;11
ημεραι;;11
μηνων;;11
ετεροσ;;11
χερσι;;11
εδεετο;;11
οκοθεν;;11
εμεωυτου;;11
διαιταν;;11
θηρην;;11
ενυπνιου;;11
οικιοισι;;11
σον;;11
κακωι;;11
λοιπα;;11
χρηστηρια;;11
εχρησε;;11
χρυσεον;;11
χωρεων;;11
φευγειν;;11
αρχαιον;;11
συνεβουλευε;;11
κηρυκασ;;11
προθυμιην;;11
μετεξετεροι;;11
νεκρουσ;;11
εσσωθεντεσ;;11
σαμωι;;11
ηραιον;;11
γεφυρασ;;11
οικεοντασ;;11
επειθοντο;;11
υπεκριναντο;;11
εταξε;;11
εκατεροι;;11
αγγελιη;;11
ζωοντα;;11
ποιευντασ;;11
ενερθε;;11
λιμνη;;11
εχεται;;11
εχρησαντο;;11
ασσυριων;;11
εσεβαλον;;11
προσωτερω;;11
μαγων;;11
ορεα;;11
επιτελεα;;11
ετελευτησε;;11
αριστοι;;11
πολεμια;;11
ηλιωι;;11
ετοσ;;11
αρξαμενοι;;11
δοκεουσι;;11
κοινηι;;11
διονυσωι;;11
πολιητασ;;11
ενετειλατο;;11
πακτυην;;11
εκδιδοναι;;11
πληθεοσ;;11
απικομενων;;11
μεο;;11
μισθωι;;11
φωκαιεεσ;;11
παριεναι;;11
πελαγοσ;;11
μαχομενοι;;11
ανεκαθεν;;11
ασπιδασ;;11
μεχρισ;;11
νυκτασ;;11
ξυλα;;11
εχρατο;;11
πορευομενοσ;;11
μεγαλαι;;11
δενδρεων;;11
μεγαλου;;11
ιθυ;;11
πειρασθαι;;11
πρηγματι;;11
πορον;;11
εθελων;;11
θερεοσ;;11
ανεμων;;11
ιστροσ;;11
θηριων;;11
εκαστη;;11
εκαστηι;;11
επιχωριοι;;11
φυλακασ;;11
βουλομενουσ;;11
θαψαι;;11
αδελφεωι;;11
επολιορκεον;;11
προτεροι;;11
χωρουσ;;11
βαρβαρωι;;11
ιζοντο;;11
εχουσαν;;11
στρατευομενοι;;11
χιλιουσ;;11
μηκετι;;11
ειπαι;;11
μαγον;;11
εγχειριδια;;11
οροιτην;;11
πρηγμασι;;11
τυραννων;;11
ολιγασ;;11
πεζωι;;11
μεγαβαζοσ;;11
παιονασ;;11
θεσσαλων;;11
πλαταιεεσ;;11
εσκευασμενοι;;11
απικομενουσ;;10
ομολογεουσι;;10
φορου;;10
φιλουσ;;10
θεοπροπιου;;10
πεντακοσια;;10
γυγησ;;10
ποιεε;;10
μαθειν;;10
λοιπου;;10
κεινον;;10
ποιησαντα;;10
φερε;;10
μιλησιοισι;;10
οικηματα;;10
μενων;;10
προηγορευε;;10
αποπλεειν;;10
ανθρωποσ;;10
κρητηρα;;10
αιολεων;;10
νεωτερον;;10
θεοι;;10
οικοτα;;10
λυδουσ;;10
ξεινιην;;10
σολων;;10
προφασιν;;10
αργειοισι;;10
τυχειν;;10
ιδειν;;10
εουσεων;;10
μελλοντων;;10
ονειρον;;10
συμφορηι;;10
ποιευμενα;;10
αχαρι;;10
τελευτησειν;;10
εοικε;;10
ξεινοσ;;10
φεροντεσ;;10
κτηνεα;;10
τριτον;;10
χρυσεοσ;;10
θηβεων;;10
συμμαχον;;10
ευρισκε;;10
ηντινα;;10
ιπποκρατεοσ;;10
τριτην;;10
αντια;;10
απιεναι;;10
βασιλευοντοσ;;10
ενιαυτον;;10
οιχετο;;10
χρηστηριωι;;10
εωυτοισι;;10
διαβασ;;10
απηλαυνε;;10
θελει;;10
ποταμοι;;10
μητροσ;;10
επεσθαι;;10
σφετερον;;10
τρισ;;10
πυρι;;10
πατερασ;;10
σην;;10
κοτερα;;10
ειρησθω;;10
λιθων;;10
ποιευμενουσ;;10
γενεα;;10
σκυθικην;;10
οψιοσ;;10
βουκολου;;10
μογισ;;10
απικνεεσθαι;;10
γεγονωσ;;10
ποδων;;10
μεροσ;;10
πονον;;10
αρχεσθαι;;10
απεστησαν;;10
τιμαν;;10
ομοιοι;;10
αγχιστα;;10
νενομισται;;10
ιρεων;;10
ιδοντα;;10
ιχθυσ;;10
αιδε;;10
δωριεων;;10
ευβοιησ;;10
εκλιπειν;;10
πολισι;;10
ησθεισ;;10
εκτισαν;;10
αποικοι;;10
οφθαλμουσ;;10
επιχωριων;;10
λιμνηι;;10
μεγαθεοσ;;10
οινον;;10
παρθενουσ;;10
θεροσ;;10
ζωουσι;;10
ηθελησε;;10
ουκω;;10
αρξαμενοσ;;10
μεγαλοι;;10
εστηκε;;10
σαι;;10
διδουσι;;10
ιροι;;10
λεγομενοσ;;10
ηπιστεατο;;10
αδελφεην;;10
πλοον;;10
ιροισι;;10
επεξησ;;10
οικιων;;10
γινομενην;;10
λαβωσι;;10
χωρασ;;10
ξεινια;;10
γερεα;;10
πελοποννησιων;;10
σεωυτον;;10
μισθον;;10
απηκε;;10
επορευοντο;;10
πρηξασπεα;;10
επιλεξαμενοσ;;10
τριτωι;;10
γωβρυησ;;10
φανηναι;;10
τυραννον;;10
τριηκοσιοι;;10
τεταγμενοι;;10
εταχθησαν;;10
εσβαλοντεσ;;10
εδιωκον;;10
αρταβανοσ;;10
ταχθεντεσ;;10
διαβαντεσ;;10
φευγοντεσ;;10
μιλτιαδεω;;10
αρισταγορηι;;10
αθηνηισι;;10
σικυωνιοι;;10
ειχοντο;;10
αθων;;10
διεφθειροντο;;10
θεμιστοκλεοσ;;10
λεωνιδεω;;10
θεμιστοκλεα;;10
ανηγον;;10
απασι;;9
αλεξανδρον;;9
ωρην;;9
εβουλοντο;;9
αγαγειν;;9
μεσαμβριησ;;9
καλεομενουσ;;9
απογονοι;;9
λεγεισ;;9
ετοιμοσ;;9
ηγαγε;;9
εχουσα;;9
οικετεων;;9
εωυτηι;;9
αποθνηισκειν;;9
δεσποτην;;9
ειπετο;;9
τοσονδε;;9
σταθμον;;9
κυψελου;;9
αλυαττησ;;9
ηθελε;;9
εχοι;;9
λεων;;9
κηρυκοσ;;9
αθηναιηι;;9
μιλησιουσ;;9
φυλακηι;;9
νουσον;;9
ανεθεσαν;;9
καταστρεψαμενοσ;;9
αιολεεσ;;9
θεραποντεσ;;9
τοιηδε;;9
ποιησασι;;9
θειον;;9
εκεινο;;9
εχοντοσ;;9
μυσων;;9
ονειρου;;9
θηριον;;9
αγορησ;;9
εμησ;;9
νεκρου;;9
δεξια;;9
αξια;;9
πεισιστρατον;;9
τριηκοσιουσ;;9
βαρβαρου;;9
ηλαυνον;;9
ειρημενωι;;9
γαμεει;;9
μητρι;;9
εβουλευετο;;9
χρονοσ;;9
μαραθωνα;;9
τεγεητεων;;9
φιλοσ;;9
εστησε;;9
πεδασ;;9
φερομενοι;;9
ελασσον;;9
θωματι;;9
στρατηιην;;9
χαριν;;9
τρηχεωσ;;9
εγνωσαν;;9
αναγκαιησ;;9
σημανεω;;9
διωρυχα;;9
πορευομενοι;;9
μεταπεμψαμενοσ;;9
επεποιητο;;9
ειδοτεσ;;9
αρπαγου;;9
εμποδων;;9
δευτερηι;;9
τοιουτων;;9
θυμον;;9
ειρημενον;;9
ακουσαντα;;9
κελευσαι;;9
παλιν;;9
εχον;;9
ομιλοσ;;9
φυσιν;;9
εκοντεσ;;9
οδουσ;;9
πελασ;;9
φιλοι;;9
δορυφορουσ;;9
πρωτου;;9
τοσαδε;;9
διεφθαρη;;9
φευγουσι;;9
συριησ;;9
βοων;;9
τικτει;;9
παραδιδοι;;9
αληθειηι;;9
πρηγματοσ;;9
αποσταντεσ;;9
ουκι;;9
αγαγων;;9
μαγοσ;;9
αριστουσ;;9
πανιωνιον;;9
πρωτη;;9
επιδαυριοι;;9
αποικιην;;9
καλεομενη;;9
κομιζειν;;9
ευρε;;9
δειμαινοντεσ;;9
καλεομενασ;;9
γενωνται;;9
επιτελεουσι;;9
φοινικοσ;;9
μακροτατον;;9
κρανεα;;9
ωρυσσον;;9
ορυγματοσ;;9
απεθανον;;9
βασιληιων;;9
σταθμοι;;9
ταλαντων;;9
μνημοσυνα;;9
ορυγμα;;9
πλοιωι;;9
νεκρων;;9
ορεσι;;9
ετεταχατο;;9
μηρον;;9
προσηιε;;9
εουσαι;;9
ονουσ;;9
επιχωρια;;9
απαξ;;9
ομοιην;;9
νυκτι;;9
ετυχε;;9
παιδιων;;9
φερον;;9
θηλεων;;9
ελεξαν;;9
οργυιεων;;9
πλεων;;9
βουλευσαμενοι;;9
γινωσκεται;;9
τοσουτοι;;9
λιβυη;;9
φωνησ;;9
τριχασ;;9
αλλαι;;9
ενιαυτου;;9
βασιλευσαντα;;9
οσιον;;9
αλοσ;;9
προπυλαια;;9
στηλασ;;9
δεινα;;9
φευγοντα;;9
πεμψαι;;9
αλσοσ;;9
φερουσα;;9
δωρεην;;9
προφασιοσ;;9
απασα;;9
εσσωθησαν;;9
πλειστου;;9
εμοσ;;9
εστ;;9
οτανεω;;9
γωβρυεω;;9
επεκαλεοντο;;9
δεκατοσ;;9
δημοκηδησ;;9
μενοντασ;;9
χερσονησον;;9
οιστουσ;;9
σκυλησ;;9
νηυσ;;9
λημνον;;9
θηραιοι;;9
ηγεμονα;;9
τρωμα;;9
ασπιδα;;9
αμυντησ;;9
παριοι;;9
συχνουσ;;9
βοιωτοι;;9
ιππιησ;;9
ονησιλοσ;;9
πανδημει;;9
μαραθωνι;;9
αιγιαλον;;9
ατραπον;;9
φωκεασ;;9
παυσανιεω;;9
μασιστεω;;9
αιτιουσ;;8
φορτιων;;8
αλληισι;;8
πεμψαντα;;8
μηδεμιαν;;8
αλυαττεω;;8
ονομαζουσι;;8
καλλιστην;;8
εδυνατο;;8
επιστασθαι;;8
φοιταν;;8
εχε;;8
χρηστηριου;;8
αποδουναι;;8
ολιγα;;8
φρυγιησ;;8
εχοιεν;;8
νουσου;;8
ειδωσ;;8
αγορην;;8
δοκεοι;;8
λαβοντα;;8
ουδαμηι;;8
χαλκεον;;8
δευτεροσ;;8
επεχειρησε;;8
επιχειρεειν;;8
κιλικων;;8
κελευσαντοσ;;8
επηλθε;;8
τεκνων;;8
περιχαρησ;;8
γινομενου;;8
επισχειν;;8
οραν;;8
ακοντια;;8
γενεοσ;;8
επιχωριουσ;;8
υοσ;;8
συνοικεειν;;8
αδρηστον;;8
φυλακον;;8
εργοισι;;8
αεθλον;;8
βουλεσθαι;;8
εσημηνε;;8
ξεινου;;8
νεκρωι;;8
σημα;;8
καταλαβειν;;8
χρηστηριων;;8
ψαμμου;;8
χαλκοσ;;8
εξευρειν;;8
αμφορεασ;;8
μηδ;;8
ησθη;;8
ελλησποντωι;;8
κροτωνιηται;;8
γλωσσηι;;8
βουλοιτο;;8
σοφιην;;8
τεσσερων;;8
ελευθεριησ;;8
πορευεσθαι;;8
εθεντο;;8
θειηι;;8
βουλην;;8
μετεβαλον;;8
αρκαδων;;8
εργαζοντο;;8
εγεγονεσαν;;8
κειμενον;;8
δωρον;;8
τασδε;;8
συριοι;;8
δεξιηι;;8
τεχνην;;8
εωθεσαν;;8
πολεμοσ;;8
μιλησιοσ;;8
χρησμον;;8
διεβησαν;;8
επειρωντο;;8
στρατοπεδα;;8
εξεγενετο;;8
ηλω;;8
κατεστηκεε;;8
ετεροι;;8
γινομενων;;8
ενικων;;8
τριηκοσιων;;8
ηκε;;8
ορμεατο;;8
ιππεασ;;8
τισιν;;8
παρεοντοσ;;8
πολληι;;8
παρεοντι;;8
αγουσι;;8
φυλακουσ;;8
διι;;8
συνοικεε;;8
αλλεων;;8
εξιεναι;;8
δουλοσυνην;;8
δηιοκησ;;8
πολιητεων;;8
οντινα;;8
ηρχον;;8
τελεα;;8
παρεστι;;8
εκαστων;;8
ετεροισι;;8
τοιουτον;;8
γονου;;8
κτεινει;;8
ηπιστατο;;8
γυναι;;8
εφερον;;8
κατασκοπουσ;;8
καταλιπων;;8
ωμουσ;;8
αρπαγωι;;8
προσεκειτο;;8
βουλεται;;8
εχομενα;;8
ξεινοι;;8
εχομεν;;8
δεξαμενοι;;8
παυσαι;;8
μυρια;;8
εχοντων;;8
συνεμισγον;;8
στρατευματοσ;;8
υστερωι;;8
αρχηθεν;;8
μαγου;;8
χραται;;8
βουν;;8
αρετησ;;8
πλειστουσ;;8
μιησ;;8
ωρεων;;8
ιωνιηι;;8
χιον;;8
εβουλευσαντο;;8
τριποδα;;8
επικουρουσ;;8
κεφαληι;;8
οκοτερα;;8
ωνηρ;;8
βουλονται;;8
πεντηκοντερουσ;;8
εφυλασσον;;8
διεφθαρησαν;;8
αρχοντασ;;8
γενομενη;;8
εφαινοντο;;8
αμαχητι;;8
οικετασ;;8
τοιαυτη;;8
οικηματων;;8
ελιπον;;8
βαβυλωνοσ;;8
εσωθεν;;8
μεσωι;;8
βωμου;;8
χιλια;;8
τεμενει;;8
ιρεα;;8
διωρυχασ;;8
χουν;;8
εθελοι;;8
βασιληιη;;8
οικου;;8
περσικον;;8
παρεχειν;;8
ερσενασ;;8
ημετερην;;8
χρυσιον;;8
ελαχιστον;;8
ελεα;;8
μασσαγετεων;;8
περιγενεσθαι;;8
πρεσβυτατον;;8
προσηκοντεσ;;8
παιδια;;8
επωνυμιασ;;8
μοιριοσ;;8
κολπου;;8
τεινει;;8
τρισχιλιοι;;8
αραβιησ;;8
πυραμιδασ;;8
εννεα;;8
νειλον;;8
μεμφιοσ;;8
περσεοσ;;8
επεμψαν;;8
κοινον;;8
πινουσι;;8
φιλεει;;8
φαμενοσ;;8
ακρησ;;8
ζοην;;8
ονειδοσ;;8
θανατοσ;;8
αγαγοντεσ;;8
σκελεα;;8
ακρην;;8
αιγυπτιοσ;;8
στοματι;;8
ποσειδεωνοσ;;8
αλεεσ;;8
επιπαν;;8
λιθον;;8
εξεμαθον;;8
ιρεασ;;8
αγγελιην;;8
χιλιαδεσ;;8
ποιευντα;;8
χωρων;;8
εκαστερω;;8
φασμα;;8
ηγοντο;;8
τοξον;;8
κρηνην;;8
πολυκρατει;;8
απεπλεε;;8
ηκον;;8
κρεσσον;;8
ηγεμονιην;;8
παρεουσι;;8
υβριν;;8
τριτοσ;;8
δεδοκται;;8
μαιανδριοσ;;8
δουλοι;;8
αποστασιν;;8
πιεζομενοι;;8
κλεομενει;;8
βουδινων;;8
ονοι;;8
αρτεμισιου;;8
ακτη;;8
βουλεσθε;;8
εστρατοπεδευοντο;;8
νησιωτεων;;8
εφυγε;;8
ακτην;;8
ηγεμονασ;;8
αμυντεω;;8
μακεδων;;8
αρισταγορεω;;8
αρισταγορην;;8
δωριεοσ;;8
πεισιστρατιδαι;;8
επεσον;;8
πεισιστρατιδεων;;8
κορινθιουσ;;8
αιγινητηισι;;8
συχνον;;8
ερετριεων;;8
αριθμοσ;;8
στρατηγοισι;;8
σικελιησ;;8
κιμωνοσ;;8
αιγινησ;;8
δημαρητου;;8
φυγην;;8
θεσπιεων;;8
θερμοπυλασ;;8
θεσσαλιηι;;8
λεωνιδησ;;8
λεωνιδηι;;8
μεγαρεεσ;;8
εμηδιζον;;8
τεγεηται;;8
αρξαι;;7
τουνομα;;7
αιτεειν;;7
συριων;;7
αιολεασ;;7
εξευρηται;;7
νωτου;;7
ωρη;;7
εθηειτο;;7
ποιηθεν;;7
διδωμι;;7
αιρεσιν;;7
ητοι;;7
περιειναι;;7
στασιωται;;7
βασιλευειν;;7
ηρξε;;7
βασιλευσαντοσ;;7
δεοντα;;7
νομαδων;;7
εξανασταντεσ;;7
απεδεξατο;;7
θυρασ;;7
πεδιωι;;7
ομοιον;;7
εναντιουσ;;7
κορινθου;;7
τυχηι;;7
εσελθειν;;7
μελλοιεν;;7
μεσην;;7
βασιλευσασ;;7
μεζονασ;;7
ειρομενου;;7
ιπποισι;;7
νησιωτασ;;7
ετυγχανον;;7
τριτηι;;7
ελευσινι;;7
κροισε;;7
παθειν;;7
διηκοσιασ;;7
δεον;;7
ετερηι;;7
εχομενοσ;;7
αμειψατο;;7
αγρην;;7
τοιηιδε;;7
φυλασσειν;;7
τοιουτοισι;;7
φονον;;7
προτερην;;7
ακουων;;7
απεστειλε;;7
μεγαρον;;7
μετρα;;7
χαλκωι;;7
εχρησθη;;7
εκτησθαι;;7
χρυσεασ;;7
κιθωνασ;;7
πυρην;;7
εκειτο;;7
αριστερα;;7
σαμιου;;7
νηωι;;7
συνεβουλευον;;7
αγεσθαι;;7
συλλεξασ;;7
ηλασε;;7
τιμασ;;7
δημωι;;7
γενομενην;;7
ερετριαν;;7
συλλαβων;;7
κελευοντεσ;;7
ναξον;;7
κρητησ;;7
καλον;;7
απενειχθεντα;;7
εφεροντο;;7
αρκαδιησ;;7
σοφιηι;;7
συμβαλλομενοσ;;7
ταφον;;7
επυνθανοντο;;7
αμαρτων;;7
σοφοσ;;7
οινωι;;7
απασησ;;7
γαμβρον;;7
ικετασ;;7
θηρια;;7
συμβολησ;;7
αριστερησ;;7
ανωθεν;;7
κειμενη;;7
νικησαντεσ;;7
συμβαλων;;7
βασιλευοντα;;7
εαρι;;7
εφορεον;;7
αγαθοι;;7
συνεβαλον;;7
μαχομενων;;7
ετεκε;;7
δυνασθαι;;7
δυναμενουσ;;7
αγαθοσ;;7
σπουδηι;;7
σα;;7
εμα;;7
δορυφορων;;7
δικαια;;7
αδυνατα;;7
βουλευεσθαι;;7
ζητησιν;;7
τριφασιασ;;7
ορθον;;7
γνωμηισι;;7
ασμενοι;;7
συνελεχθησαν;;7
κεκληται;;7
εδικαιου;;7
κατασκοποι;;7
εκαστουσ;;7
εξελειν;;7
επεσχον;;7
πλεονων;;7
αφροδιτησ;;7
ερσενοσ;;7
λειπεται;;7
ανεμου;;7
κελευει;;7
προκειμενον;;7
ποιησηι;;7
δυναμαι;;7
ειλοντο;;7
γερασ;;7
εστησαντο;;7
λεγοντοσ;;7
ποιησω;;7
θυγατρι;;7
εμηι;;7
χειρων;;7
γινωσκειν;;7
προνοιησ;;7
παραλαβοντεσ;;7
δηλωσαι;;7
εβουλετο;;7
μερεα;;7
νομαια;;7
αιτιησ;;7
αιτιηι;;7
περσεω;;7
οφισ;;7
εθελοντεσ;;7
νενομικασι;;7
κατοικηνται;;7
ιδρυσαντο;;7
πελοποννησωι;;7
μυκαλησ;;7
πατριδοσ;;7
φωκαιαν;;7
παρεοντασ;;7
μεσηι;;7
αγορη;;7
ορνιθων;;7
φερουσαν;;7
καρπου;;7
ληιην;;7
καρχηδονιοι;;7
παραπλησια;;7
αβδηρα;;7
εμενον;;7
δουλοσυνησ;;7
μιλησιου;;7
καρασ;;7
απιγμενοι;;7
εξικεσθαι;;7
καρων;;7
ουρων;;7
λυκιοι;;7
περιοικων;;7
κολποσ;;7
ζευσ;;7
ισχει;;7
μεζων;;7
χειλεα;;7
επεστι;;7
ελοσ;;7
διαβαινειν;;7
μνημοσυνον;;7
τειχει;;7
γραμματων;;7
θηκασ;;7
οκηι;;7
οιχωκεε;;7
ηλαυνε;;7
εχοντι;;7
διηκοσια;;7
πυρων;;7
διατελεει;;7
ταφαι;;7
ετερωθι;;7
στεφανον;;7
διεξιοντεσ;;7
απαλλασσονται;;7
ζωια;;7
μασσαγεται;;7
πλοιων;;7
εμπαλιν;;7
σπειρουσι;;7
ακουσαι;;7
αφθονον;;7
αραβιον;;7
ψαμμον;;7
εκκαιδεκα;;7
πεισεσθαι;;7
υσ;;7
ουρουσ;;7
μηχανασθαι;;7
αρχεται;;7
απελαυνομενοσ;;7
χειμων;;7
νοτου;;7
πλοοσ;;7
ψαμμητιχου;;7
ιστρωι;;7
ποσι;;7
χειρα;;7
βωμον;;7
αναγουσι;;7
βοοσ;;7
ορτηι;;7
εξειν;;7
νηδυν;;7
μεζον;;7
μεζονωσ;;7
ηκει;;7
συμμειξαι;;7
κατελαμβανε;;7
τυφλον;;7
φορεει;;7
χρυσεα;;7
οφιεσ;;7
ωυτοσ;;7
φυλασσουσι;;7
εξελοντεσ;;7
κατοικημενοι;;7
ελαιησ;;7
ιχθυεσ;;7
κολχοι;;7
αμφοτερουσ;;7
αναγκαζομενοι;;7
ελενησ;;7
απιξιν;;7
προτερωι;;7
ετραπετο;;7
υπερβαλεσθαι;;7
λυειν;;7
φωρα;;7
μητ;;7
μηδενι;;7
λιπεσθαι;;7
παντοθεν;;7
πεσειν;;7
βασιλευσι;;7
απασασ;;7
ελληνικων;;7
κατημενοσ;;7
ταλαντον;;7
δυναμιοσ;;7
μεγαληι;;7
συχνοι;;7
επαυσατο;;7
ολυμπιηι;;7
απαγειν;;7
ουδεμιηι;;7
επιτηδεοτατον;;7
πρησσειν;;7
βαττου;;7
αρκεσιλεω;;7
αιτεε;;7
αιτιη;;7
ποιευμενων;;7
προαστειωι;;7
αξιομαχοι;;7
ξυλου;;7
αφανισθηναι;;7
φθονωι;;7
ενεπρησε;;7
ιστε;;7
κηρυγμα;;7
εκτεινον;;7
σαμιουσ;;7
μαγωι;;7
δρομωι;;7
ποιησαντι;;7
αρετηι;;7
φοροσ;;7
φρυγων;;7
σουσων;;7
ινδουσ;;7
επιοντασ;;7
οροιτησ;;7
οροιτεω;;7
δευτερωι;;7
επομενουσ;;7
διωκοντεσ;;7
ποιεετε;;7
συλοσων;;7
αξιοι;;7
βορυσθενεοσ;;7
υπερβορεων;;7
κατηκουσι;;7
ταναιν;;7
δηλιοι;;7
γαμου;;7
παιονων;;7
βοσπορον;;7
τυραννουσ;;7
αποπεμφθεντεσ;;7
απελθοντεσ;;7
ιστιαιον;;7
θηραιοισι;;7
ελληνιδασ;;7
στεινον;;7
επεκρατησαν;;7
μεγαβαζου;;7
μακεδονιην;;7
στρυμονα;;7
ναξιοι;;7
εφοροι;;7
σικελιηι;;7
αλκμεωνιδαι;;7
φαληρον;;7
απεπεμψαν;;7
βοιωτοισι;;7
ασωπου;;7
πεποιημενα;;7
αγαθουσ;;7
μαιανδρον;;7
δρησμον;;7
ταξιοσ;;7
ανεβησαν;;7
μιλτιαδην;;7
ηγεμονεσ;;7
αριστοδημον;;7
λευτυχιδεω;;7
μιλτιαδηι;;7
ασωπον;;7
ταξισ;;7
ηγεμονιησ;;7
ποιητεα;;7
γεφυρεων;;7
αρταβανου;;7
κιθαιρωνοσ;;7
συρηκουσασ;;7
οπλιται;;7
αμομφαρετοσ;;7
ισα;;6
αδικιησ;;6
κολχων;;6
αρπαγησ;;6
υποκρινασθαι;;6
γενεηι;;6
πριαμου;;6
ελθοντασ;;6
ηγηνται;;6
φοινιξι;;6
εξιει;;6
πρεσβυτερον;;6
περιηλθε;;6
γενεασ;;6
αρρωδεων;;6
θυρεων;;6
βασιλεια;;6
πειθομενοσ;;6
νομιζομενα;;6
αναγκαιην;;6
εκεινη;;6
γυγεω;;6
ηξει;;6
αργυρου;;6
θησαυρωι;;6
χρυσοσ;;6
σμυρνην;;6
ποιησομαι;;6
ηθεων;;6
δηιοκεω;;6
κιμμεριουσ;;6
καρποσ;;6
απικοιτο;;6
μαιανδρου;;6
ουδαμοι;;6
πυθομενον;;6
σαφεωσ;;6
σιτου;;6
ετυραννευε;;6
αριονα;;6
ουδαμοισι;;6
πρησσοντα;;6
χιου;;6
δοκεεισ;;6
συνεθηκατο;;6
πλουτωι;;6
νομων;;6
εθετο;;6
ορκιοισι;;6
μεγαλοισι;;6
καιρον;;6
σησ;;6
αθηναιον;;6
επεγενετο;;6
εθαψαν;;6
αριστη;;6
οιων;;6
εποιησασ;;6
μηνοσ;;6
απασεων;;6
δυνατοσ;;6
κεκλησθαι;;6
δικαιοσ;;6
φερεσθαι;;6
ενομισε;;6
γαμον;;6
αδρηστοσ;;6
αεκων;;6
πολεμουσ;;6
απολεεσθαι;;6
φυλακην;;6
ευροντεσ;;6
στασ;;6
μαντηια;;6
πυθιησ;;6
ωλλοι;;6
νομισασ;;6
εμηχανατο;;6
θυσιηισι;;6
εξηλαυνε;;6
επτακαιδεκα;;6
λευκου;;6
λεοντοσ;;6
τεταρτον;;6
αργυρεα;;6
αρετην;;6
επειρωταν;;6
εξειναι;;6
βουλομενωι;;6
ελληνοσ;;6
οικεοντων;;6
συχνων;;6
θεησαμενοσ;;6
μεγακλεοσ;;6
αρμα;;6
εδεκοντο;;6
λεγομενων;;6
οργηι;;6
απιγμενοσ;;6
ερετριησ;;6
πομπηι;;6
σχων;;6
στρυμονοσ;;6
καταστησασ;;6
επετρεψε;;6
δηλου;;6
ελπομαι;;6
εφορουσ;;6
τεγεην;;6
επειρησομενουσ;;6
ιππεων;;6
χαλκηιον;;6
παυσαμενοσ;;6
απελθων;;6
εφραζε;;6
χαλκεα;;6
ανεγνωσε;;6
φεροντασ;;6
συμμαχιησ;;6
εδεξαντο;;6
αγοντεσ;;6
τοιουτουσ;;6
κατηκοοι;;6
ουροσ;;6
κυπρου;;6
κυαξαρησ;;6
αιμα;;6
ρεοντα;;6
λαβοι;;6
πεσοντων;;6
ελασσων;;6
μηνα;;6
συλλεγεσθαι;;6
προαστειον;;6
νομασ;;6
ελασασ;;6
δοξαν;;6
ρεοντεσ;;6
καμηλουσ;;6
συνελθοντεσ;;6
υπολειφθεντεσ;;6
νικαν;;6
εναντια;;6
δεομενοσ;;6
ακροθινια;;6
απαν;;6
απολλωνα;;6
ειρεσθαι;;6
σηι;;6
φερουσι;;6
επιμελεσ;;6
αναγκαιωσ;;6
ελληνικοισι;;6
τιμην;;6
μοιρασ;;6
τελευταιον;;6
ειρημενα;;6
απολλωνι;;6
προνηιησ;;6
δοντοσ;;6
διεφθειρε;;6
χωμα;;6
περιοδοσ;;6
θηλεα;;6
ειδεα;;6
επιπλα;;6
τυραννιδοσ;;6
εφοιτων;;6
πλεονοσ;;6
γνουσ;;6
ισχυρα;;6
κολωνοσ;;6
ενεστι;;6
εσιεναι;;6
ανδραγαθιην;;6
μουνων;;6
ιων;;6
νινον;;6
προγονων;;6
μαιητιδοσ;;6
συριηι;;6
δηλωσω;;6
εκδεκεται;;6
μετεπεμψατο;;6
βουκολοσ;;6
αγγοσ;;6
τριτη;;6
προσφερεσθαι;;6
μορωι;;6
εχρησατο;;6
λαγον;;6
γαστερα;;6
συχνα;;6
οκτωκαιδεκα;;6
πλειστοι;;6
απε;;6
δικαιωσ;;6
τοιοισιδε;;6
αναβαινοντεσ;;6
κατεστηκε;;6
ιδιηι;;6
εγγινεται;;6
εωθασι;;6
στομασι;;6
οικημενουσ;;6
παλλακασ;;6
θυμωι;;6
μαγουσ;;6
οισι;;6
εκφερειν;;6
ζημιην;;6
ουνοματοσ;;6
παρεδοσαν;;6
ομολογιηι;;6
λεσβον;;6
ειμα;;6
βαβυλων;;6
θωμαζω;;6
κυμαιοι;;6
ειρωτων;;6
νουσωι;;6
λιθοσ;;6
κυρνον;;6
στολου;;6
ηξειν;;6
γυμνικον;;6
εξελασθεισ;;6
μεγιστην;;6
ελευθεριην;;6
ακοηι;;6
καρσι;;6
ηερα;;6
κρητην;;6
συμφερονται;;6
κνιδιοι;;6
αντιξοον;;6
ταφρον;;6
εσχατα;;6
τεθριππωι;;6
εσβαλλει;;6
εχουσασ;;6
επησαν;;6
ιδια;;6
ελιπετο;;6
βαθοσ;;6
ποιευσα;;6
πυλεων;;6
νεκροσ;;6
εσβασ;;6
διχα;;6
ελαυνων;;6
ταξασ;;6
αρουρασ;;6
ερσενεσ;;6
απικωνται;;6
πεποιημενον;;6
νομοι;;6
σιγηι;;6
μιχθηι;;6
ξεινων;;6
μασσαγετασ;;6
ισσηδονων;;6
συχνασ;;6
ηρακλεων;;6
στηλεων;;6
πλοου;;6
αραξην;;6
παρεων;;6
νικωντεσ;;6
υπεσχετο;;6
σοσ;;6
σων;;6
δουλων;;6
νεωτερα;;6
επελθοντεσ;;6
αιματοσ;;6
αυτωσ;;6
πενθοσ;;6
κεισθαι;;6
θεια;;6
προθυμοσ;;6
μενοσ;;6
αριθμου;;6
δρομον;;6
αιγυπτιον;;6
ιοντι;;6
ιλιον;;6
εουσηι;;6
λιμωι;;6
οξυ;;6
στοματα;;6
επυθομην;;6
σημηναι;;6
αντιοι;;6
ρεουσι;;6
μαρτυριον;;6
επετειον;;6
πηγασ;;6
νεμεται;;6
απτεσθαι;;6
ελασσονασ;;6
ελεων;;6
ισουσ;;6
κιλικιησ;;6
κατημενοι;;6
γραφουσι;;6
κτηνεοσ;;6
ερεω;;6
κοιλιην;;6
τυπτονται;;6
ισιοσ;;6
αλκην;;6
λεγεσθαι;;6
μελαμπουσ;;6
φημι;;6
βοιωτιην;;6
ερμεω;;6
ορθα;;6
θεντεσ;;6
φωνηι;;6
ιδρυσασθαι;;6
τυγχανουσι;;6
φυλασσοντεσ;;6
μισγεσθαι;;6
παρεχει;;6
καταλαμβανει;;6
δερμα;;6
γραφω;;6
πονωι;;6
γραφηι;;6
ορνιθασ;;6
προσωπον;;6
αποθανοντα;;6
αρτεμιδοσ;;6
δευτερην;;6
ταριχευουσι;;6
φανηι;;6
δερματα;;6
κοιτηι;;6
ανεμοσ;;6
οσων;;6
θρηικασ;;6
στρατιωτεων;;6
τοιουτοι;;6
οικιην;;6
οικετησ;;6
διδουσ;;6
ομοιοσ;;6
ιζομενοι;;6
απολαμφθεντεσ;;6
κινδυνευειν;;6
οικηματοσ;;6
ενην;;6
εσοδον;;6
ονων;;6
κακοτητα;;6
πανταχηι;;6
διωρυξ;;6
γινοιτο;;6
ροδωπισ;;6
δεκατην;;6
ανισχοντα;;6
θεησαμενοι;;6
επειθον;;6
φορεειν;;6
πεμψαντι;;6
απισ;;6
ετεθη;;6
απεδωκε;;6
οικησαν;;6
κολπωι;;6
τιθεναι;;6
ηλειοι;;6
απριησ;;6
απριην;;6
επισχοντεσ;;6
αμασι;;6
οικεει;;6
απριεω;;6
εαν;;6
γημαι;;6
θωρηκα;;6
τριηρει;;6
ανυδρον;;6
πιστισ;;6
επικουροι;;6
εστησαν;;6
βαρκαιοι;;6
βοηι;;6
θωμασασ;;6
σταθμωσασθαι;;6
εσηλθε;;6
οσια;;6
αμμωνιουσ;;6
τραπεζαν;;6
ηκοιεν;;6
ηκουσι;;6
επελιπε;;6
στολοσ;;6
παιει;;6
τρωματοσ;;6
λαθρηι;;6
αναβασ;;6
λεσβιουσ;;6
δεομενοι;;6
δεομενοισι;;6
απολιποντεσ;;6
κερκυραν;;6
πυργον;;6
μεταλλων;;6
θελω;;6
θανατου;;6
υδαρνεα;;6
υπερβαλλεσθαι;;6
εδικαιουν;;6
ευρισκον;;6
γινομενοι;;6
πλησιοχωρουσ;;6
αγινεον;;6
πεντακοσιοι;;6
ανασπαστουσ;;6
κατελεξα;;6
επισταμενοισι;;6
χωριοισι;;6
ουδαμοθι;;6
απασ;;6
αρχοντα;;6
δημοκηδεα;;6
συρηκοσιων;;6
τυραννοι;;6
υπαρχον;;6
ειχετο;;6
φλαυρωσ;;6
σουσοισι;;6
μαντιν;;6
ζευξασ;;6
πειρησομεθα;;6
κεινοσ;;6
τεκειν;;6
ζωπυροσ;;6
δισχιλιουσ;;6
εξουσι;;6
μαιητιν;;6
οραισ;;6
κατηκοντεσ;;6
σαυροματεων;;6
βουδινοι;;6
δικαιοι;;6
ευβοιαν;;6
ανδρον;;6
ουριζει;;6
παντελεωσ;;6
συμβαλεσθαι;;6
λογιον;;6
βορυσθενησ;;6
συμβαλλειν;;6
τουσδε;;6
μαντισ;;6
θρηικην;;6
κλεομβροτου;;6
μυριοι;;6
σαλμοξιν;;6
γελωνοσ;;6
εδυνεατο;;6
ελθοιεν;;6
νεηνισκοι;;6
πρεπει;;6
τεταγμενοισι;;6
ποιησουσι;;6
ανδραποδα;;6
σηστον;;6
θηρασ;;6
αριστοδημου;;6
βαττον;;6
φερετιμη;;6
βαρκαιων;;6
προσχημα;;6
εσθησ;;6
αρματα;;6
βαρκαιουσ;;6
εστε;;6
ελλην;;6
κατειχε;;6
ιστιαιωι;;6
διηκοσιαι;;6
δωριευσ;;6
παθεοσ;;6
παρασαγγαι;;6
γεφυραιοι;;6
ιππαρχου;;6
φημη;;6
χαλκιδεεσ;;6
αιακιδασ;;6
αγωνασ;;6
σαλαμινιων;;6
ηριστευσαν;;6
αβυδον;;6
πολεμεειν;;6
κακοι;;6
μακεδονων;;6
ιππεεσ;;6
αριστωνι;;6
δημαρητωι;;6
δατισ;;6
βοιωτουσ;;6
δεξιον;;6
σφαγια;;6
αττικηι;;6
ερκοσ;;6
αττικη;;6
εστρατηγεον;;6
σακασ;;6
προσετετακτο;;6
γερρα;;6
επην;;6
σμικρασ;;6
μυκαληι;;6
μαγνησιησ;;6
θερμοπυλεων;;6
ευρυβιαδην;;6
ναυμαχεειν;;6
εργασατο;;6
παυσανιηι;;6
αδικηματων;;5
απηγησασθαι;;5
φασιν;;5
εθελησαι;;5
επισταμενον;;5
βουλοιατο;;5
μουνασ;;5
αλωσιν;;5
εμισγετο;;5
τοκεασ;;5
ερεων;;5
αστεα;;5
αλυοσ;;5
ηρακλειδεων;;5
κανδαυλησ;;5
διελθοντοσ;;5
υγιεα;;5
καλα;;5
εσελθοντα;;5
παρεσται;;5
εσοδου;;5
μαθουσα;;5
αναγκαιηι;;5
αιρεεται;;5
ηρακλειδασ;;5
ανειλε;;5
απλετον;;5
χρεωμενωι;;5
ηετιωνοσ;;5
αξιοθεητον;;5
εξεδεξατο;;5
αρχηι;;5
παραδεξαμενοσ;;5
εσταναι;;5
σφετερησ;;5
ανεμωι;;5
απικομενοισι;;5
μηχαναται;;5
εντολασ;;5
εσχατον;;5
νηουσ;;5
λεσβιοι;;5
πελαγει;;5
επιβουλευειν;;5
αποριην;;5
κατεργασεσθαι;;5
αριστου;;5
απιστιησ;;5
φαμενων;;5
επεων;;5
νησιωται;;5
φρυγεσ;;5
σοφιησ;;5
χρησαμενοσ;;5
ιδοι;;5
βοεσ;;5
διεδεξε;;5
ευχην;;5
τελει;;5
ουρον;;5
παρεχονται;;5
εθελησει;;5
μηνι;;5
συμφορη;;5
αιωνα;;5
τελευτησαι;;5
αδυνατον;;5
χρηματοσ;;5
ηλικων;;5
καταρρωδησασ;;5
μενον;;5
κοθεν;;5
ηκων;;5
φιλων;;5
λογαδασ;;5
εμου;;5
ακηκοωσ;;5
φαμενου;;5
φησ;;5
απικομενωι;;5
υποδεξαμενοσ;;5
χρηστοισι;;5
κυσι;;5
ελανθανε;;5
εθαψε;;5
κυαξαρεω;;5
μαντηιων;;5
ελληνικα;;5
διεπεμπε;;5
μ;;5
χρησμουσ;;5
μαντηιου;;5
τρισχιλια;;5
φιαλασ;;5
θυσιησ;;5
εικονα;;5
εσιοντι;;5
μνεασ;;5
στρατευηται;;5
προσθεσθαι;;5
ελπισασ;;5
δωρεεται;;5
ημιονον;;5
ιστορεων;;5
πελασγικον;;5
κροτωνα;;5
ασθενεσ;;5
ολυμπια;;5
πυροσ;;5
θελειν;;5
στασι;;5
εθνεοσ;;5
δακτυλουσ;;5
δημουσ;;5
φατισ;;5
πειθομενοι;;5
ομολογιην;;5
πανστρατιηι;;5
πειθομενων;;5
δοκιμου;;5
ιθυσ;;5
ηκεισ;;5
συμβοληι;;5
λακεδαιμονι;;5
γενοιατο;;5
μηδαμα;;5
θεοπροπιον;;5
απατησ;;5
ορκια;;5
χρησασθαι;;5
πλησαντεσ;;5
αναθειναι;;5
διαχρεωνται;;5
μαθε;;5
φρυγασ;;5
παραμειβομενοσ;;5
εκμαθειν;;5
οργην;;5
ισχυραι;;5
ιδρυμενον;;5
ισχυροτατον;;5
ισχυρον;;5
παραπλησιωσ;;5
οφιων;;5
νεμεσθαι;;5
φοιτωντεσ;;5
δορατα;;5
στολην;;5
οδμην;;5
ιππικον;;5
καμηλων;;5
καλεομενου;;5
εκατερων;;5
ταξι;;5
μουνηι;;5
προτεραιηι;;5
κυνεην;;5
επεμνησθην;;5
ακουειν;;5
ηγαγον;;5
πολλησ;;5
ευδαιμονιηι;;5
ασφαλεωσ;;5
αιθριησ;;5
ησυχοσ;;5
νοεων;;5
ποιησον;;5
πασηισι;;5
επιτελεειν;;5
γελασασ;;5
αμαρταδα;;5
εφονευσε;;5
περιεοντα;;5
οικηια;;5
θυγατερεσ;;5
πλεθρα;;5
διζησθαι;;5
μοιρεων;;5
μηχανησασθαι;;5
κωμασ;;5
αδικον;;5
τροπουσ;;5
δυνατοι;;5
εφρασε;;5
κυκλοσ;;5
τριτου;;5
μηδενοσ;;5
αξιην;;5
στρατευσαμενοσ;;5
ασσυριουσ;;5
επισπομενοι;;5
συμβαλοντεσ;;5
ιδρυσαμενοι;;5
υβριοσ;;5
εφυλασσε;;5
διαφθειραι;;5
κεκοσμημενον;;5
απαισ;;5
εμων;;5
θειναι;;5
κακιστα;;5
βεβουλευμενα;;5
εθηκε;;5
τινι;;5
αναρσια;;5
τιμωρησαι;;5
τιμησ;;5
βουκολον;;5
επετελεον;;5
λαμβανειν;;5
διεξηιε;;5
συγγνωμην;;5
μεμφομενοσ;;5
παρελαβον;;5
ευνουχων;;5
εσελθων;;5
ερχεται;;5
μελλει;;5
γινομεθα;;5
ιθι;;5
αποπεμπει;;5
κυων;;5
τιμωριην;;5
διδοντα;;5
αυτοχειριηι;;5
βουληι;;5
αρχει;;5
επιλεγομενοσ;;5
παρεουσαν;;5
αισχρωσ;;5
εξηγαγε;;5
δειν;;5
βωμουσ;;5
ερδειν;;5
θυσιη;;5
επισχων;;5
δαιτα;;5
τιμωσι;;5
εκαστατω;;5
λεγομενον;;5
κτωνται;;5
χρεοσ;;5
τελευτωσι;;5
δοκεοντα;;5
ιωνικον;;5
αθηναι;;5
ουνοματι;;5
αχαιων;;5
καλλιον;;5
μινυαι;;5
αρκαδεσ;;5
εφονευσαν;;5
ορκουσ;;5
ιροσ;;5
καταντιον;;5
εχουσαι;;5
εαδε;;5
δοκιμωτατον;;5
σακαι;;5
καταβασ;;5
οργησ;;5
ωναξ;;5
μυτιληνην;;5
μυτιληναιων;;5
θελοντεσ;;5
αφειδεωσ;;5
κτισαι;;5
εξελιπον;;5
εκλιποντεσ;;5
ιωνιη;;5
παρειχε;;5
τεων;;5
σημηια;;5
αδελφεουσ;;5
επεκρατησε;;5
αποδεξαμενοι;;5
ισθμοσ;;5
εργαζομενοι;;5
τετρακοσιοι;;5
τετραμμενα;;5
πυλαι;;5
εκατερωι;;5
τετραγωνον;;5
πεποιηται;;5
λιβανωτου;;5
παραγινονται;;5
τετρακοσιων;;5
διαβηναι;;5
επιπολησ;;5
μουνου;;5
ασθενεα;;5
γονυ;;5
εαρ;;5
εξεπισταμενοι;;5
ιδωνται;;5
διεφθειραν;;5
αναβαντεσ;;5
παρεστησαν;;5
τροφην;;5
ασιη;;5
θηλεασ;;5
οκτακοσιοι;;5
υεται;;5
παραγινεται;;5
εξεπισταμενοσ;;5
ελκει;;5
κιθωνα;;5
σφρηγιδα;;5
κατεστασι;;5
εσκε;;5
ελαμβανον;;5
εξην;;5
εσβαλλουσι;;5
μεγαθεα;;5
τομυρισ;;5
εμφανεοσ;;5
υμετερην;;5
κελευοντων;;5
ετερων;;5
τοιωνδε;;5
προκειμενου;;5
νικων;;5
ανασχετον;;5
διαβαντασ;;5
δαιμων;;5
επελθουσα;;5
ποιησεισ;;5
κτηνεων;;5
ψαμμητιχον;;5
τρεφειν;;5
αιγασ;;5
εσεαι;;5
σχοινοι;;5
εξακοσιοι;;5
σμικρον;;5
χιλιων;;5
ενεισι;;5
πυραμιδεσ;;5
αραβιου;;5
πεφυκε;;5
εφεσον;;5
αιθιοπιησ;;5
τοσουτου;;5
συριην;;5
ελθοι;;5
λεγομεν;;5
παρεχομενοσ;;5
τοσαυτη;;5
ομολογεειν;;5
δητα;;5
φοιτωσι;;5
βορεησ;;5
κορυφασ;;5
διεξελθων;;5
εδιωκε;;5
διαφοροι;;5
ιδοιεν;;5
λαβοντασ;;5
επιλεγοντεσ;;5
μουνην;;5
τεταγμενοσ;;5
κεινην;;5
λειπουσι;;5
κριον;;5
αμμωνιοι;;5
θασον;;5
διονυσου;;5
συμπεσειν;;5
μεμαθηκασι;;5
δωδωνηι;;5
ποιηται;;5
λιβυασ;;5
αλληληισι;;5
βουτουν;;5
ενιαυτωι;;5
αρεοσ;;5
οτεοισι;;5
διδοντεσ;;5
ιρηια;;5
ζωοντασ;;5
οιη;;5
λινον;;5
επιουσι;;5
αθη;;5
λητουσ;;5
ποιευμαι;;5
λιθωι;;5
τοσαυτην;;5
νομαιοισι;;5
δαναησ;;5
τιθεισι;;5
φυεται;;5
απιει;;5
χιλιαδασ;;5
αυλωνοσ;;5
σεσωστρισ;;5
καταστρεφεσθαι;;5
αριστερηι;;5
τεισαμενοσ;;5
ανιει;;5
στοματοσ;;5
πρωτευσ;;5
απελαβε;;5
πρεσβυτεροσ;;5
θωμασαι;;5
αγγεια;;5
γελωτα;;5
φαροσ;;5
ορει;;5
μηχανην;;5
πυραμιδα;;5
ετερησ;;5
αυχενα;;5
ποιησαμενον;;5
ψυχησ;;5
απικομενη;;5
εκτησατο;;5
πυρα;;5
επτακοσια;;5
οψι;;5
ασπιδων;;5
μυν;;5
εκατερουσ;;5
οσουσ;;5
απεδεξαν;;5
διονυσοσ;;5
ηρακλει;;5
πλεονα;;5
ουδεμιησ;;5
επεισε;;5
κρατησασ;;5
επισταμεθα;;5
απικοιατο;;5
εμαχεσαντο;;5
δηλωι;;5
επρησσε;;5
σφετερα;;5
παρασχειν;;5
κυρηναιοισι;;5
αιακεοσ;;5
θυγατερασ;;5
κυπρον;;5
βουλησ;;5
επρηξε;;5
πιστιν;;5
αγγελοισι;;5
πιλουσ;;5
βασιληιοι;;5
ποιευντων;;5
δεσποτησ;;5
εργασαντο;;5
θυρηισι;;5
κρηνησ;;5
δυνατον;;5
απιν;;5
ιζομενοσ;;5
εγημε;;5
βασιληιουσ;;5
βασιλευοντι;;5
ιρην;;5
κοιον;;5
λογοι;;5
καρδιησ;;5
πατριδα;;5
εφορεε;;5
καλεομεν;;5
μελλοντοσ;;5
κρητηροσ;;5
θωρηκοσ;;5
συνεβη;;5
υποθεσθαι;;5
λοχον;;5
χρησαι;;5
βοηθεοντεσ;;5
αιγινηι;;5
εγκοτον;;5
αδελφεοι;;5
πρηξασπεοσ;;5
νεικοσ;;5
ηρεσε;;5
γενει;;5
ατοσσησ;;5
κινδυνον;;5
επιστασθε;;5
κερδοσ;;5
παρεγενοντο;;5
εξεφαινε;;5
αναγκαζομενοσ;;5
καταφευγει;;5
μεγαβυζοσ;;5
τυραννου;;5
κοινα;;5
κακοισι;;5
εξαιρετα;;5
διδοσθαι;;5
τετρακοσια;;5
ελλησποντιων;;5
κυρηνησ;;5
κασπιοι;;5
προιοντοσ;;5
μυρμηκεσ;;5
παρηκει;;5
ενδεκομαι;;5
ελπιδασ;;5
ηγορευε;;5
κειμενην;;5
μαιανδριου;;5
απηγγελλε;;5
επομενων;;5
ανδραποδων;;5
βυβλια;;5
επιλεγεσθαι;;5
ποδα;;5
διπλησιον;;5
συνελεχθη;;5
ηλειον;;5
προσεφερε;;5
ολιγου;;5
παραθαλασσια;;5
παντοιων;;5
απτοντο;;5
αποχραν;;5
ιζετο;;5
ευεργετησ;;5
αργυρον;;5
περσικη;;5
ημιονοι;;5
εφησε;;5
τετρακισχιλιουσ;;5
μελησει;;5
ελπισαντεσ;;5
ημυνοντο;;5
οσασ;;5
ολιγην;;5
επιοντοσ;;5
βασιληιασ;;5
αρματοσ;;5
ευρειν;;5
θεσθαι;;5
νομαδασ;;5
αμφοτερασ;;5
βοσποροσ;;5
αριστεησ;;5
λεγοντασ;;5
μελαγχλαινων;;5
σκυθικη;;5
φανερου;;5
ευρωπη;;5
ηρακλεασ;;5
περιπλεειν;;5
αποστρεψασ;;5
σφεισ;;5
ονομαστοι;;5
υπανισ;;5
κρηνη;;5
αγριοι;;5
εχθρων;;5
μαντιεσ;;5
εθελωσι;;5
αναχαρσισ;;5
εκομιζετο;;5
ειρεθη;;5
ορμηθεισ;;5
αποδεξασ;;5
οικημενοι;;5
αποπεμπουσι;;5
λογχασ;;5
πεπολισται;;5
υψηλον;;5
γελωνοι;;5
αμαζονεσ;;5
εκρατησαν;;5
εκεινηισι;;5
φοβοσ;;5
διωκειν;;5
στιβον;;5
υπεστρεφον;;5
κατηγεοντο;;5
ετρεποντο;;5
επαυετο;;5
ιππεα;;5
σιτα;;5
εσεπιπτον;;5
γνοντεσ;;5
εφθησαν;;5
ελευθερουν;;5
κεινουσ;;5
μιλησιον;;5
επιβατεων;;5
φυλασ;;5
βαττοσ;;5
χρησομενοσ;;5
αναλαβοντεσ;;5
οπλιτασ;;5
εσταλη;;5
αρυανδησ;;5
βαρκην;;5
διηκοσιοι;;5
λεχθεντων;;5
αγομενοι;;5
παρεξηιε;;5
φυλαξαι;;5
θρηικηι;;5
παγγαιον;;5
ατρεμασ;;5
αρταφρενεα;;5
αμυνομενοι;;5
επιτροποσ;;5
ευβοιηι;;5
ομιλον;;5
συνεπιπτε;;5
αποστασιοσ;;5
ενικα;;5
καρχηδονιων;;5
χρησμων;;5
κιλικεσ;;5
ενενηκοντα;;5
μυριουσ;;5
αχαιιησ;;5
πεισιστρατιδασ;;5
παρεσκευαδατο;;5
ιπποκρατησ;;5
κλεισθενεα;;5
κλεισθενεοσ;;5
ποιοιεν;;5
αμεινονεσ;;5
επαρθεντεσ;;5
εκομισαν;;5
κοινου;;5
ιππιην;;5
κορινθιοσ;;5
λαβδα;;5
βυζαντιον;;5
εθελονται;;5
ισθι;;5
γελησ;;5
υπολαβων;;5
περσιδα;;5
δολογκοι;;5
παραμειβετο;;5
ακανθου;;5
ναυτικωι;;5
ολυμπιαδα;;5
αρχοντεσ;;5
χρησομαι;;5
απολεοντεσ;;5
επιπτον;;5
ερετριεασ;;5
υποδεξαμενοι;;5
γνωμεων;;5
συμβολην;;5
υστεροι;;5
ιπποκλειδησ;;5
πελασγουσ;;5
μακεδονιησ;;5
μαρδονιε;;5
αρταβανε;;5
ευφρονη;;5
προκειμενα;;5
πηνειου;;5
δορισκωι;;5
εσεσαχατο;;5
φαρνακεοσ;;5
αρταυκτησ;;5
μασιστησ;;5
υδαρνησ;;5
αρτεμισιησ;;5
δημαρητε;;5
θερμην;;5
θερμησ;;5
αχαιοι;;5
σαλαμισ;;5
γελωνα;;5
θεσσαλουσ;;5
σκιαθου;;5
τρηχινοσ;;5
σηπιαδα;;5
εκατονταδεσ;;5
ναυηγιων;;5
αφετασ;;5
τροιζηνιοι;;5
παραινεε;;5
παρνησσου;;5
ευρυβιαδησ;;5
αριστειδησ;;5
αρτεμισιην;;5
ορων;;5
ερμοτιμοσ;;5
ευηνιου;;5
ερυθρησ;;4
μακρηισι;;4
επιθεσθαι;;4
καλεομενηι;;4
ιουν;;4
πρυμνην;;4
ορμησαι;;4
κρητεσ;;4
δωσει;;4
πεμψαντασ;;4
πολεμιον;;4
ευρισκουσι;;4
εχθρησ;;4
σημηνασ;;4
επιμνησομαι;;4
ηγεμονιη;;4
αγρων;;4
βηλου;;4
ατυοσ;;4
δημοσ;;4
αρξαντεσ;;4
κανδαυλεω;;4
νομιζων;;4
γυγην;;4
λεγοντι;;4
ειδεοσ;;4
γυμνην;;4
θαρσεε;;4
φοβεο;;4
θρονου;;4
διαφυγειν;;4
εχωρεε;;4
ετοιμουσ;;4
ποιησαμενη;;4
εωθεε;;4
τραπεσθαι;;4
προκειμενην;;4
θυρην;;4
τισισ;;4
πεμπτον;;4
αληθει;;4
δημοσιου;;4
γορδιεω;;4
αρδυοσ;;4
τυραννευοντοσ;;4
εξηλασε;;4
μιλησιην;;4
επεκρατεον;;4
οικιασ;;4
σινεσθαι;;4
εντεταμενωσ;;4
συνηνειχθη;;4
ληιον;;4
απικομενησ;;4
μιλησιησ;;4
θρασυβουλωι;;4
αλυαττηι;;4
σπονδασ;;4
θρασυβουλοσ;;4
αστει;;4
σιτοσ;;4
πινειν;;4
θρασυβουλον;;4
απηλθε;;4
μιλητωι;;4
βιωι;;4
ιταλιην;;4
κορινθιοισι;;4
ταφησ;;4
σκευηι;;4
σταντα;;4
υπεδεκετο;;4
διεξελθειν;;4
χωρεειν;;4
θεησ;;4
αναθηματων;;4
γλαυκου;;4
πολιορκεομενοι;;4
αρτεμιδι;;4
αιτιασ;;4
μεζονα;;4
μυσοι;;4
παμφυλοι;;4
βασιληιοισι;;4
τεταρτηι;;4
αθηναιε;;4
απικται;;4
ειδεσ;;4
επεσε;;4
οισεσθαι;;4
ειλκον;;4
αμαξαν;;4
τεθναναι;;4
ζωειν;;4
ενεμε;;4
ημετερη;;4
ανθρωπηιων;;4
τελευτησαντα;;4
πλουσιοσ;;4
απαθησ;;4
τελευτησηι;;4
καλεειν;;4
τελευτην;;4
μετεισ;;4
εφαινε;;4
ουτεροσ;;4
αιχμηι;;4
αγεται;;4
βασιληιου;;4
παρελθων;;4
ωνθρωπε;;4
εγενεο;;4
τυγχανεισ;;4
ημετερου;;4
πατερ;;4
τεοισι;;4
ποιεω;;4
ιδοντι;;4
φραζειν;;4
ηια;;4
εξεπλησε;;4
φονεα;;4
εκεινηι;;4
αιτιοσ;;4
διανοιαν;;4
απεπειρατο;;4
αβασ;;4
βραγχιδασ;;4
διαπειραν;;4
ασσα;;4
εσηλθον;;4
εξαμετρωι;;4
τονωι;;4
αμηχανον;;4
αμφιαρεω;;4
ημιταλαντον;;4
ελκων;;4
κρητηρασ;;4
εξακοσιουσ;;4
επιγεγραπται;;4
κυκλοτερεα;;4
αιχμην;;4
κειμενα;;4
δωρησαμενοσ;;4
ημιονοσ;;4
εφροντιζε;;4
εξεχωρησε;;4
οικεε;;4
δωρικον;;4
συνοικοι;;4
αττικον;;4
γλωσσησ;;4
ορμωμενον;;4
ιπποκρατεα;;4
αλκμεωνοσ;;4
λυκουργου;;4
στασιν;;4
φυλακησ;;4
αποδεξαμενοσ;;4
πεισιστρατωι;;4
νεησ;;4
τυραννιδι;;4
λεγομενοισι;;4
σκευασαντεσ;;4
ηγορευον;;4
αλκμεωνιδεων;;4
φραζει;;4
υπερεβαλοντο;;4
κατοδον;;4
παρειχετο;;4
τυραννισ;;4
επιτεχναται;;4
επικουροισι;;4
αυτοθεν;;4
ομηρουσ;;4
νομιμα;;4
εδραμον;;4
εχρηστηριαζοντο;;4
δωσω;;4
χρησμωι;;4
τεγεηι;;4
κατυπερτεροι;;4
ανευρειν;;4
ανεμοι;;4
διζημενοι;;4
καλεομενων;;4
σιδηρον;;4
ποιευ;;4
λακων;;4
μηκει;;4
ανεμουσ;;4
ανευρηται;;4
εδιωξαν;;4
αυλην;;4
αιρεετο;;4
χειλοσ;;4
ταχα;;4
χρησμου;;4
συνεβουλευσε;;4
αναξυριδασ;;4
εθελουσι;;4
μηδικησ;;4
απεργει;;4
πισυνοσ;;4
φραορτεω;;4
παρεδωκε;;4
παθοντεσ;;4
εβουλευσαν;;4
παρεοντεσ;;4
ικεται;;4
ενικησαν;;4
απικομενου;;4
αρξαμενον;;4
ορυσσειν;;4
αγοντα;;4
ποντωι;;4
εστρατοπεδευετο;;4
επελθουσησ;;4
μεμφθεισ;;4
επιων;;4
σημαινειν;;4
ελαυνειν;;4
αγγελοσ;;4
εληλυθεε;;4
μηδου;;4
καμηλοι;;4
μοιρησ;;4
παραμενειν;;4
σφετερουσ;;4
λογαδεσ;;4
εθεον;;4
σαρδιεσ;;4
ηλωσαν;;4
προεχωρεε;;4
λεοντα;;4
εζωγρησαν;;4
τεσσερεσκαιδεκα;;4
δαιμονων;;4
πυρησ;;4
καιομενον;;4
επικρατησαι;;4
ρυσασθαι;;4
τυγχανω;;4
σιγαν;;4
βιηι;;4
συγγνοντεσ;;4
κατεβαινε;;4
επειναι;;4
λεγοι;;4
συνελαβε;;4
υπεκρινατο;;4
τριπουσ;;4
εκρατησε;;4
ψηγματοσ;;4
εκδιδουσι;;4
εξευρεθηναι;;4
εξευροντασ;;4
σιτεεσθαι;;4
ετερουσ;;4
κατοικημενων;;4
προθυμοτερον;;4
κωμησ;;4
στησονται;;4
ηναγκασε;;4
κυκλον;;4
λευκοι;;4
τελευταιοι;;4
αδικηματοσ;;4
κατεστρεφετο;;4
παλαιστινηι;;4
κυπρωι;;4
επρησσον;;4
ηρξαν;;4
τοσουτον;;4
αξιων;;4
αμπελον;;4
εσημαινον;;4
επιτροπον;;4
μηδαμωσ;;4
αμειψαμενοσ;;4
τελευταν;;4
ευξεινου;;4
ιδηισι;;4
δαιμονα;;4
απονοστησασ;;4
δεσποτασ;;4
ορεω;;4
προκατε;;4
τεθνεωσ;;4
αποδεικνυναι;;4
παιδιου;;4
οφθαλμον;;4
αγγελιασ;;4
παθων;;4
δεικνυσ;;4
ηλικιηι;;4
παραδουσ;;4
εσημαινε;;4
τρεπεται;;4
παραδιδωμι;;4
πεποιημενωι;;4
εποιευμην;;4
κελευηι;;4
πλειστοσ;;4
εμωι;;4
αρχομεν;;4
αποπεμψαι;;4
εκει;;4
δοκεηι;;4
ετοιμου;;4
γραψασ;;4
επρηχθη;;4
στρατηλατεε;;4
ενθαδε;;4
προαγορευω;;4
ανεπεισε;;4
υστεραιην;;4
αιρετωτερα;;4
στρατευσαμενοι;;4
ανεσκολοπισε;;4
εσσωθη;;4
απεφαινε;;4
χρεωμενουσ;;4
σεληνηι;;4
ασσυριοι;;4
αφροδιτην;;4
καθαρον;;4
μουνωι;;4
θυσασ;;4
δικαιουσι;;4
προτιθεαται;;4
ολιγοισι;;4
οδοισι;;4
φιλεουσι;;4
τιμηι;;4
προεβαινε;;4
θωρηκασ;;4
οκοσα;;4
αναγκην;;4
οφειλειν;;4
ποταμουσ;;4
διζημενοσ;;4
εμψυχον;;4
κτεινοντεσ;;4
ελπιδοσ;;4
ψυχρου;;4
αινωσ;;4
εσδεξασθαι;;4
χαλκεουσ;;4
νικησασ;;4
μοιρα;;4
δρυοπεσ;;4
επηλασαν;;4
ποσειδεωνι;;4
ακρη;;4
ιδηι;;4
πρησσομενα;;4
καταστασ;;4
απεστειλαν;;4
πακτυησ;;4
ακροπολι;;4
οικασι;;4
ειρηκασ;;4
αρχαιην;;4
ταχεωσ;;4
υπετιθετο;;4
μηδον;;4
προειπειν;;4
οσην;;4
παλαιου;;4
αριστοδικοσ;;4
θεοπροποι;;4
περιιων;;4
κελευεισ;;4
μυτιληναιοι;;4
εξεδοσαν;;4
αταρνεοσ;;4
κριθεων;;4
χωματα;;4
πρωτηι;;4
οικησαι;;4
υποκρινεεσθαι;;4
εσβαντεσ;;4
εμποριον;;4
περιεουσαι;;4
κατελευσαν;;4
επιστασι;;4
προτεροσ;;4
καταρρωδησαντεσ;;4
σαρδω;;4
κτιζειν;;4
χρηστη;;4
διαφθαρηναι;;4
μινω;;4
αποδεικνυουσι;;4
αυτοχθονεσ;;4
δορασι;;4
λυκοσ;;4
εκληθησαν;;4
πλησιον;;4
μητερασ;;4
λαμπρον;;4
πετρησ;;4
περιεγενοντο;;4
υποχειρια;;4
μετωπον;;4
τετραγωνου;;4
ευρεα;;4
περιθεει;;4
ταφρου;;4
ορυσσοντεσ;;4
εδειμαν;;4
ευφρητην;;4
αρμενιων;;4
πυργων;;4
τραπεζα;;4
εληται;;4
χαλδαιοι;;4
θηβαιεοσ;;4
προμαντισ;;4
αγωσι;;4
ανδριαντα;;4
αξιοθεητα;;4
απηγησομαι;;4
μεσησ;;4
θωματοσ;;4
περιμετρον;;4
περιμηκεασ;;4
αρχαιου;;4
φερουσασ;;4
λιθοισι;;4
σιδηρωι;;4
διαβασιν;;4
ρεεθρα;;4
εμηχανησατο;;4
ταφοσ;;4
πηγαι;;4
ωπιν;;4
ομιλου;;4
κατειληθησαν;;4
πολιορκιησ;;4
απορεοντι;;4
απασαν;;4
οση;;4
δυναμι;;4
αρταβαζου;;4
κυνων;;4
προσετεταχατο;;4
υπηρχε;;4
μεγιστη;;4
τετραμμενη;;4
φυλλα;;4
καρπων;;4
θεραπευουσι;;4
φρασων;;4
διφθερασ;;4
πλεουσ;;4
υποδηματα;;4
σκηπτρον;;4
σοφωτατοσ;;4
παρθενοι;;4
γινοιατο;;4
εσκον;;4
παρθενων;;4
παρθενον;;4
καλλιστοσ;;4
βαβυλωνιοισι;;4
ξεινωι;;4
γουνατα;;4
ανατολασ;;4
αραξεω;;4
σκυθικον;;4
φορβην;;4
διαιτα;;4
μιξιν;;4
ανατελλοντα;;4
προσοδον;;4
πειρηθηναι;;4
σωι;;4
αποφαινεσθαι;;4
ευτυχεειν;;4
απειροι;;4
εξαναχωρεειν;;4
ιδομενοι;;4
αποστειλασ;;4
ωμων;;4
πρεσβυτατοσ;;4
ελευθερουσ;;4
γεγονοτι;;4
απιθι;;4
οινοσ;;4
εδιζητο;;4
αιχμοφοροι;;4
αργυρωι;;4
αδεωσ;;4
νοοσ;;4
στρατηλασιην;;4
επεκρατεε;;4
πρησσοντι;;4
πηλον;;4
σερβωνιδοσ;;4
λογιζομενοσ;;4
πεντακοσιων;;4
στεινη;;4
ειρημενων;;4
πεδιασ;;4
στεινοτατον;;4
στεινοσ;;4
λεξων;;4
μυριων;;4
πηχεασ;;4
ποταμοισι;;4
σπερμα;;4
επισταμενουσ;;4
εχεσθαι;;4
σχιζων;;4
αμμωνοσ;;4
λεγομενου;;4
φυσιοσ;;4
παραλαβειν;;4
αιτιοι;;4
πασχουσι;;4
ωκεανον;;4
φαμενη;;4
υδατων;;4
εωθε;;4
νοτοσ;;4
ουρανον;;4
ασθενεεσ;;4
στασισ;;4
εστω;;4
πολλεων;;4
χιλιαδων;;4
ηξεισ;;4
ηλθεσ;;4
μαχιμων;;4
πορευομενωι;;4
δυσμεων;;4
νασαμωνασ;;4
ανυδροσ;;4
οικεομενησ;;4
διεξιεναι;;4
πολληισι;;4
αγοντασ;;4
χρωμα;;4
ταμνων;;4
συμβαλλομαι;;4
ορμαται;;4
εσχατοι;;4
ειρησεται;;4
οικουσ;;4
κεφαλεων;;4
αισχρα;;4
ξυρουνται;;4
θανατουσ;;4
λογιζονται;;4
προκειμενων;;4
σμυρνησ;;4
μαχαιρηι;;4
ελληνικηι;;4
υπερεχοντα;;4
εκτηνται;;4
ηρακλεησ;;4
διξα;;4
υων;;4
παριων;;4
ουρην;;4
μαντικην;;4
ηκοντα;;4
πλεοσι;;4
ιρασ;;4
ανθρωπηιηι;;4
εποιηθησαν;;4
σαιν;;4
αρει;;4
λυχνα;;4
καιουσι;;4
ελθωσι;;4
αγουσαν;;4
εστεωτεσ;;4
αποκτεινηι;;4
θηκηισι;;4
κειμενοι;;4
ωια;;4
οδοντασ;;4
ιρουσ;;4
αποθανοντασ;;4
γινομενοισι;;4
επακουσασ;;4
παχυ;;4
πτερων;;4
κειμενοσ;;4
μελανα;;4
πτεροισι;;4
σιτιων;;4
οκοσοι;;4
τοιουτοσ;;4
συμφερεται;;4
αποβησεσθαι;;4
διακειται;;4
βουτοι;;4
πλεα;;4
ποιησωσι;;4
κομιζουσι;;4
φαρμακα;;4
φαινηται;;4
κατεβαινον;;4
ταυτ;;4
λωτου;;4
βουλωνται;;4
εξελωσι;;4
ηγεονται;;4
πληρεεσ;;4
επομενοι;;4
κοιλα;;4
παραχρημα;;4
προτερου;;4
επελθηι;;4
λεγουσα;;4
γενομενωι;;4
απεκτειναν;;4
αποκτειναντεσ;;4
κατοικημενουσ;;4
κατελιπε;;4
κατεμειναν;;4
ανηκει;;4
ερχονται;;4
εμοισι;;4
ηφαιστειου;;4
εκδεξασθαι;;4
βαλειν;;4
απειροσ;;4
επειρηθη;;4
πρωτεα;;4
ελενη;;4
ηιονοσ;;4
πλεοι;;4
ανοσιωτατον;;4
σουσ;;4
ομηροσ;;4
μενελεωι;;4
πιστευσαντεσ;;4
επαιστοσ;;4
οκοτε;;4
εχωσι;;4
προσταξαι;;4
γνωναι;;4
αποταμειν;;4
ορωντα;;4
ελθουσα;;4
περιεοντοσ;;4
φυλακων;;4
φιλοφρονωσ;;4
απελαυνειν;;4
αναγειν;;4
εδησαν;;4
χεοπα;;4
ελκειν;;4
λοφου;;4
επιλοιπουσ;;4
τελευταια;;4
μεμνησθαι;;4
κακοτητοσ;;4
οκοσον;;4
θελουσι;;4
απεταμε;;4
επαθον;;4
ιαδμονοσ;;4
ποινην;;4
ανελεσθαι;;4
απενοστησε;;4
θηκησ;;4
αιθιοποσ;;4
βουβαστιοσ;;4
εκατερη;;4
επισταντα;;4
αμυρταιου;;4
προτερων;;4
μυσ;;4
λιθινοσ;;4
γενομενασ;;4
τοσουτουσ;;4
κολοσσουσ;;4
απεδεικνυσαν;;4
υστατον;;4
λεγομενωι;;4
φανεροι;;4
δασαμενοι;;4
ισχυρωσ;;4
εκεχρητο;;4
ελασσονοσ;;4
ηθελον;;4
θρονωι;;4
κατεργασαντο;;4
χρεωμενων;;4
φιαλην;;4
εστεωσ;;4
κυνεασ;;4
χρησμοσ;;4
εκβαντασ;;4
κατοικισε;;4
παρεχομενον;;4
ισοσ;;4
παρακαταθηκην;;4
αντεσχε;;4
νεκωσ;;4
αιγυπτιου;;4
συντομωτατον;;4
νοτιην;;4
διωρυχοσ;;4
ερυθρηι;;4
ηλειων;;4
αγωνιζεσθαι;;4
απολομενων;;4
δοκιμον;;4
αξειν;;4
ρινα;;4
μαχιμοι;;4
απεπνιξαν;;4
μεγαρου;;4
ιδρυσε;;4
συγκαλεσασ;;4
εκτημενοι;;4
επιτηδεα;;4
ηγαγετο;;4
ποδεσ;;4
τεμενεα;;4
εξεργασασθαι;;4
λινεον;;4
ευειδεα;;4
εκδιδρησκει;;4
ελασιν;;4
ειποι;;4
δεξαμενοσ;;4
κειμενουσ;;4
ουρανιην;;4
τριχων;;4
ψαμμηνιτοσ;;4
συμβαλεοντεσ;;4
κεφαλαι;;4
εδεξατο;;4
διαιτατο;;4
λυμαινεσθαι;;4
καρχηδονιουσ;;4
ιχθυοφαγων;;4
προσφερειν;;4
λεγετε;;4
επειρετο;;4
γαλα;;4
στηλην;;4
παρασκευην;;4
παραγγειλασ;;4
απηγε;;4
κεχαρηκοτεσ;;4
εξεργασατο;;4
αγγελλειν;;4
αδελφεων;;4
γαστρι;;4
καταλαμβανειν;;4
ετιμα;;4
πρηξασπεσ;;4
ορα;;4
καλλιστουσ;;4
αδελφεοισι;;4
συλοσωντι;;4
συλοσωντα;;4
τοξοτασ;;4
ευτυχεων;;4
ηδυ;;4
εκασ;;4
δοθηναι;;4
χαρισ;;4
εδεηθη;;4
οικηιοι;;4
ολιγων;;4
εξελασθεντεσ;;4
περιανδρου;;4
κερκυραιοι;;4
ασσον;;4
προβαινοντοσ;;4
χρυσεων;;4
πρυτανηιον;;4
σιφνιοι;;4
ηνδραποδισαντο;;4
κρητων;;4
πρωιρασ;;4
λιμενα;;4
σμερδι;;4
αναγνωσασ;;4
αγβατανοισι;;4
ειπαντοσ;;4
πρηξασπησ;;4
κελευομενον;;4
επιβατευων;;4
ματην;;4
ξιφοσ;;4
φυσι;;4
τελευτων;;4
ελευθεροισι;;4
οιμωγηι;;4
αρχων;;4
ινταφρενεα;;4
συντυχιην;;4
οτανην;;4
επιτιθεσθαι;;4
αποταμοντεσ;;4
ισονομιην;;4
βουλευματα;;4
νοου;;4
μουναρχου;;4
αρχοντοσ;;4
ειρητο;;4
εφοιτα;;4
ουροισι;;4
προσεχεων;;4
εβδομοσ;;4
απαγινεον;;4
επετετακτο;;4
προειρητο;;4
ψηγμα;;4
ορτασ;;4
ατρεκεσ;;4
συγγινωσκομενοι;;4
ησσονεσ;;4
εσχατη;;4
κιναμωμον;;4
αναιρεεται;;4
ισχειν;;4
μακρασ;;4
μεγιστουσ;;4
καλεεσθαι;;4
εντελλεται;;4
ακινακην;;4
μιτροβατην;;4
χειρωθηναι;;4
ειπαντα;;4
αρξειν;;4
εξαγγελλεται;;4
μαντιων;;4
αξιωσ;;4
βαγαιοσ;;4
επιτηδεσ;;4
ερρυσατο;;4
διδομενα;;4
ορατε;;4
φησι;;4
δοσ;;4
δουλοσ;;4
δυναμισ;;4
τυραννωι;;4
ποτηρια;;4
συναγαγοντεσ;;4
μεγαβυζου;;4
ρηματα;;4
πολεμιοι;;4
βουλευμα;;4
μυριαδων;;4
ζωπυρου;;4
οπλων;;4
γινομενωι;;4
παραδουναι;;4
υλαιην;;4
βουλομενην;;4
οιουσ;;4
αριστεω;;4
βορυσθενειτεων;;4
νευρων;;4
διαβαντι;;4
θηρησ;;4
ζωοντεσ;;4
αδικεει;;4
εκτεαται;;4
φαλακρων;;4
υψηλα;;4
ψυχεα;;4
βρονται;;4
αδικεειν;;4
σαμιοσ;;4
αγαθυρσων;;4
καταλεχθεντων;;4
χειμωνι;;4
κτηνεσι;;4
ερημου;;4
απεργων;;4
ιλασκονται;;4
φρυγανων;;4
ληιησ;;4
ελαυνει;;4
μαντευονται;;4
ιστιασ;;4
αποφευγουσι;;4
αρχουσι;;4
διεδεξαν;;4
ελληνιδα;;4
ενδυσ;;4
αποδοσ;;4
καταλεγων;;4
επεπαυτο;;4
οιοβαζοσ;;4
πελαγεοσ;;4
βοσπορου;;4
εδωρησατο;;4
σχεδιησ;;4
σχεδιην;;4
απολλωνιησ;;4
βροντην;;4
ελευθερον;;4
θρηιξι;;4
βουλομενου;;4
αποδεικνυσθαι;;4
λιπων;;4
δυναμενοι;;4
χρηστησ;;4
σωτηριησ;;4
ηπειγετο;;4
ταυρων;;4
ταναιδοσ;;4
επικοινον;;4
στρατηλασιησ;;4
κατισταται;;4
χαιρειν;;4
απολαχοντεσ;;4
φερετε;;4
μενοντεσ;;4
επηισαν;;4
σεωυτωι;;4
εφυγον;;4
τοξευματων;;4
ηπειγοντο;;4
θορυβον;;4
περσικου;;4
υδατα;;4
ροιασ;;4
ελεσθαι;;4
λημνου;;4
τεισαμενου;;4
θερσανδρου;;4
ενεμοντο;;4
εξελων;;4
υπεμειναν;;4
χρεωμενοισι;;4
πλατεαν;;4
αιτεον;;4
φερετιμησ;;4
ευελθων;;4
υλην;;4
δυνατωτατον;;4
τριτωνιδα;;4
τριτωνιδοσ;;4
ειρεαται;;4
ιον;;4
τροιησ;;4
λεοντεσ;;4
ενεπεσε;;4
περινθιων;;4
ημετερον;;4
κρηστωναιων;;4
αιτεει;;4
μυρκινον;;4
μεγαβαζωι;;4
στρυμονι;;4
τευκρων;;4
κατεσχον;;4
πληρεα;;4
αμυντην;;4
πεμφθεντεσ;;4
ιζεσθαι;;4
στρατηγωι;;4
μεταλλα;;4
ιστιαιε;;4
κατεργασασθαι;;4
ναξου;;4
ναξιουσ;;4
παρον;;4
θυμωθεισ;;4
εκαταιοσ;;4
ουδετερα;;4
δωριεα;;4
αιρησειν;;4
συβαριται;;4
περιγενομενουσ;;4
οικηιηι;;4
περιοδον;;4
αρκαδασ;;4
ηλασαν;;4
διαβαλλων;;4
ωρμητο;;4
λακεδαιμονιον;;4
πειρωμενοι;;4
ισαγορησ;;4
τεισανδρου;;4
σικυωνιων;;4
δυναμενοσ;;4
ελευσινα;;4
υσιασ;;4
χαλκιδεων;;4
μεγαρα;;4
χαλκιδευσι;;4
ανεκρεμασαν;;4
τειχεων;;4
θεσπιεεσ;;4
δεηθεντων;;4
δωριδα;;4
αμεινονασ;;4
ηετιωνι;;4
διεξηλθε;;4
κυψελοσ;;4
ηγησιστρατον;;4
δορισκον;;4
υπερβαντεσ;;4
χερσιοσ;;4
διεβαλλε;;4
χρηστοι;;4
ηκοντων;;4
κυπριων;;4
βουλευσαμενοσ;;4
οκοτερον;;4
ημισεα;;4
τραπομενοσ;;4
αλισκομενων;;4
εβουλευε;;4
κρησφυγετον;;4
επιτρεπει;;4
προδοσιην;;4
επιβατασ;;4
ιστια;;4
εκομιζοντο;;4
ρηγιου;;4
ζαγκλην;;4
σχειν;;4
ναυμαχιη;;4
διαφυγων;;4
ανηγαγον;;4
στησαγορεω;;4
πρεσβυτερων;;4
θασου;;4
νεειν;;4
επεκεατο;;4
κηδομενοσ;;4
ειλετο;;4
ελευσινοσ;;4
λευτυχιδηι;;4
εκαλεον;;4
δικαστηριον;;4
ξυλωι;;4
ποιησει;;4
αργου;;4
ποτε;;4
σπαρτιητησ;;4
δικαιοσυνησ;;4
γλαυκοσ;;4
σφετερασ;;4
σουνιον;;4
κομιδην;;4
ερετριεεσ;;4
ακρα;;4
συλησαντεσ;;4
νικην;;4
ευωνυμον;;4
μνηστηρεσ;;4
αριφρονοσ;;4
κολωνον;;4
τιμωρησασθαι;;4
κτησαμενοσ;;4
αλευαδαι;;4
συλλογον;;4
ελαν;;4
ημετερηι;;4
καταστρεψαμενοι;;4
ελεγετο;;4
ορμεον;;4
ηιονα;;4
αβυδου;;4
στρατηγου;;4
πεντηκοντερων;;4
αβυδωι;;4
εικαζω;;4
εκεινησ;;4
συμπαντοσ;;4
βραχεασ;;4
καλαμινουσ;;4
βακτριοι;;4
σακεων;;4
ενδεδυκοτεσ;;4
τελεων;;4
επεβατευον;;4
πλεουσασ;;4
αρτεμισιη;;4
ηγεμονευειν;;4
κεινων;;4
παλληνην;;4
ποσειδεωνα;;4
ταλθυβιου;;4
συμβολη;;4
τρισμυριοι;;4
εσεπεσον;;4
ενεβαλε;;4
τεταγμενουσ;;4
απηλαυνον;;4
επιαλτησ;;4
επιαλτην;;4
ετιμηθη;;4
θεσσαλοισι;;4
ηωσ;;4
κλεοσ;;4
ερυμα;;4
αριστοδημοσ;;4
λακωνικον;;4
ευρησειν;;4
ευρυβιαδεω;;4
καταλαμβανηι;;4
βακιδι;;4
ιστιαιην;;4
εχθοσ;;4
ερμιονεεσ;;4
ανδριουσ;;4
πελοποννησιοι;;4
φλειασιοι;;4
κρεσσω;;4
δεδουλωμενην;;4
βακτριουσ;;4
εδοθη;;4
περδικκησ;;4
εξοδου;;4
ασωπωι;;4
υπωρειησ;;4
μασιστιον;;4
εχομενουσ;;4
αμομφαρετον;;4
ηγησιστρατοσ;;4
απολλωνιηται;;4
αμηστρισ;;4
αποδεξισ;;3
ναυτιλιηισι;;3
φορτια;;3
αιγυπτια;;3
πεμπτηι;;3
ωνεεσθαι;;3
θυμοσ;;3
αποφυγειν;;3
τυρον;;3
απαιτεειν;;3
προτερουσ;;3
αδικων;;3
νομιζειν;;3
ηγησασθαι;;3
οικηιουνται;;3
αρπαγηι;;3
αργει;;3
παφλαγονων;;3
ευξεινον;;3
απαγωγην;;3
κιμμεριων;;3
απογονοσ;;3
νινου;;3
υστατοσ;;3
λυδου;;3
εκληθη;;3
ηρακλειδαι;;3
ηρασθη;;3
αρεσκομενοσ;;3
γυγη;;3
πειθομαι;;3
εμη;;3
θρονοσ;;3
ιματιων;;3
παρεξει;;3
ιοντα;;3
κοιτησ;;3
ανεβωσε;;3
κανδαυλην;;3
οφθηναι;;3
απεθωμαζε;;3
διακριναι;;3
απολλυσθαι;;3
επιχειρησομεν;;3
χωριου;;3
απαλλαγη;;3
απολωλεναι;;3
εγχειριδιον;;3
οπλοισι;;3
επεοσ;;3
εδικαζε;;3
παρησομεν;;3
κιμμεριοι;;3
σαδυαττησ;;3
σαδυαττεω;;3
κυαξαρηι;;3
επολεμησε;;3
προσπταισασ;;3
εσβαλλων;;3
προσειχε;;3
επικλησιν;;3
προειδωσ;;3
εξηγγελθη;;3
οσοσ;;3
ευπαθειηισι;;3
ισχυρην;;3
οικοδομησε;;3
ταιναρον;;3
κορινθωι;;3
επιθυμησαι;;3
διαχρασθαι;;3
περιιδειν;;3
ακουσεσθαι;;3
ενδυντα;;3
υπολαβοντα;;3
εξενεικαι;;3
απηγεεσθαι;;3
επιφανηναι;;3
αργυρεον;;3
σιδηρου;;3
επεθηκατο;;3
επολιορκεετο;;3
μερει;;3
επενοεε;;3
νησιωτηισι;;3
ειποντα;;3
φαινεαι;;3
λυκιων;;3
θεωριησ;;3
θησαυρουσ;;3
ολβιωτατον;;3
τελλον;;3
τελευτη;;3
δημοσιηι;;3
ετιμησαν;;3
γων;;3
βιοσ;;3
ορτησ;;3
ηρηι;;3
αγρου;;3
παρεγινοντο;;3
νεηνιαι;;3
περισταντεσ;;3
νεηνιεων;;3
αγαλματοσ;;3
τεκνοισι;;3
εθυσαν;;3
εσχοντο;;3
εικονασ;;3
μηνεσ;;3
μετριωσ;;3
προεχει;;3
ευτυχιη;;3
ευειδησ;;3
ολβιοσ;;3
ολβιον;;3
σημαινει;;3
βληθεντα;;3
εξεπεμπε;;3
καθαροσ;;3
κυρησαι;;3
μιδεω;;3
εστερημενοσ;;3
εξελθοντεσ;;3
δυναμεθα;;3
μελει;;3
δειλιην;;3
κοιοσ;;3
αιχμησ;;3
σιδηρεησ;;3
αποπεμπω;;3
λεληθε;;3
χειρεσ;;3
αιχμη;;3
ποιεεισ;;3
μεταπεμπεται;;3
δαπανην;;3
αμειβεσθαι;;3
κλωπεσ;;3
πολλαχηι;;3
ισχον;;3
εμεωυτον;;3
χαριζεσθαι;;3
οφειλω;;3
ολυμπον;;3
φημην;;3
εθεε;;3
μορον;;3
ονομαζων;;3
φονευσ;;3
παρεδιδου;;3
ησυχιη;;3
ηιδεε;;3
δυναιτο;;3
διαπεμψασ;;3
χρησομενουσ;;3
χρηστηριοισι;;3
αμ;;3
φυλαξασ;;3
μεγαληισι;;3
εθυσε;;3
κλινασ;;3
απεφθου;;3
γωνιησ;;3
χρυσεωι;;3
λεγον;;3
ουδετερον;;3
ειδωλον;;3
παθην;;3
χρυσεην;;3
καταλυσειν;;3
εχρηστηριαζετο;;3
μουναρχιη;;3
λυδε;;3
ερμον;;3
ελθουσι;;3
βασιλευσειν;;3
δωρου;;3
ιστιαιωτιδοσ;;3
τεκμαιρομενον;;3
δωριευσι;;3
καλεομενοισι;;3
πολισματα;;3
ομογλωσσοι;;3
ηνεικαντο;;3
ιπποκρατει;;3
επεστεωτεσ;;3
λακεδαιμονιοσ;;3
παρατυχων;;3
ηγειρε;;3
προστασ;;3
ελαυνοντα;;3
απολεσαι;;3
μεγαρεασ;;3
γενομενηι;;3
δορυφοροι;;3
φρονησαντεσ;;3
εξελαυνουσι;;3
μεγακλεησ;;3
επεκηρυκευετο;;3
μηχανωνται;;3
προδρομουσ;;3
στασιωτηισι;;3
ιππιεω;;3
εθελοντησ;;3
στρατοπεδευομενοισι;;3
βοηθεουσι;;3
κατιοντασ;;3
επηγε;;3
τρεπουσι;;3
λογιων;;3
ξεινοισι;;3
ελθοντοσ;;3
αγαγεσθαι;;3
τελευτησαντι;;3
πισυνοι;;3
εδεδεατο;;3
αγαμεμνονοσ;;3
θηκην;;3
ενθ;;3
ανευρε;;3
αυληι;;3
ορυσσων;;3
σορωι;;3
μετρησασ;;3
οπωπεε;;3
τυπον;;3
φραζων;;3
πειρωιατο;;3
δεησομενουσ;;3
συμμαχοσ;;3
δολου;;3
δωτινην;;3
διφασιασ;;3
επιπλωσαντεσ;;3
καππαδοκιην;;3
καταστρεψασθαι;;3
καππαδοκαι;;3
αλυσ;;3
συριουσ;;3
αποταμνει;;3
ευζωνωι;;3
αναισιμουνται;;3
ακροσ;;3
περιεσπε;;3
πεπονθοτεσ;;3
αλυαττην;;3
δαιτυμονεσ;;3
εκτωι;;3
γαμων;;3
αστυαγει;;3
ευξεινωι;;3
καρτερησ;;3
ουδετεροι;;3
διεστησαν;;3
συμμαχιη;;3
αλισασ;;3
φρονεων;;3
συμμαχιασ;;3
τελμησσεων;;3
απαγγειλαι;;3
προσδοκιμον;;3
καταστρεψεσθαι;;3
οφιν;;3
απελασασ;;3
βουλευομενοσ;;3
λυδιην;;3
τασσομενουσ;;3
αχθεα;;3
επεταξε;;3
ιδεην;;3
επειχε;;3
κατειληθεντεσ;;3
επολιορκεοντο;;3
πολιορκιην;;3
λοιπαι;;3
οκοτεροι;;3
στρατοπεδων;;3
συνθεμενοι;;3
εξακοσιων;;3
κομωντεσ;;3
φυλακοσ;;3
τμωλου;;3
ανελομενον;;3
επεποιηκεε;;3
παρεουσησ;;3
συμφορησ;;3
αρξαντα;;3
ηναγκαζετο;;3
δοκεοντασ;;3
καιεσθαι;;3
μαθοντα;;3
επρηξα;;3
επαρασ;;3
εγγυσ;;3
εργαζεται;;3
ποιευμενοισι;;3
εδωκαν;;3
πυληισι;;3
δορυφοροισι;;3
επαρθεισ;;3
ειρωταν;;3
δορυφοροσ;;3
επισπομενοσ;;3
αλουσ;;3
λοξιησ;;3
εφεσωι;;3
χρυσεη;;3
βραγχιδηισι;;3
εξεργασαντο;;3
σηματοσ;;3
παραπλησιοισι;;3
νομισμα;;3
τυρσηνιην;;3
παυεσθαι;;3
λιμον;;3
ανιεναι;;3
καταβηναι;;3
ανηγαγε;;3
αρχοντων;;3
ηρξαντο;;3
μαχεσαμενοι;;3
ασσυριοισι;;3
δικαιοσυνην;;3
ανομιησ;;3
δικαζειν;;3
κατηκοντων;;3
εσομεθα;;3
πειθουσι;;3
πολισμα;;3
αγβατανα;;3
κυκλου;;3
ετειχεε;;3
εκεκοσμεατο;;3
υπηκοουσ;;3
ηκοντεσ;;3
αρξασ;;3
αναμιξ;;3
τιμωρεων;;3
κολχιδοσ;;3
υπερβηναι;;3
σασπειρεσ;;3
μηδικηι;;3
αρχαιοτατον;;3
απικνεομενοισι;;3
κατεφονευσαν;;3
υποχειριουσ;;3
υπερθεμενοσ;;3
ονειροπολοισι;;3
ενυπνιον;;3
αγαθησ;;3
αρπαγον;;3
πιστοτατον;;3
υστερησ;;3
επιτηδεωσ;;3
ρηθεντα;;3
γερων;;3
υιον;;3
μηδικη;;3
σασπειρων;;3
ερημοτατον;;3
εκκειμενον;;3
αναλαβων;;3
ιδουσα;;3
αναλαβοντα;;3
ειμασι;;3
ενεχειρισε;;3
εχρηιζε;;3
αδικεων;;3
κωμηι;;3
παιζοντεσ;;3
μαστιγων;;3
κατελθων;;3
σου;;3
μετεπεμπετο;;3
επιθυμεοντα;;3
αναγκασ;;3
ψευδεα;;3
γινομενοσ;;3
χολον;;3
περιεστι;;3
διαβεβλημενοσ;;3
τυχησ;;3
τιμη;;3
τυχηισι;;3
σφαξασ;;3
μελεα;;3
ωρησ;;3
ακρων;;3
αλισ;;3
εκριναν;;3
κεχωρηκε;;3
εξηκειν;;3
μοιρηι;;3
χαιρων;;3
ευρησεισ;;3
νοστησαντα;;3
ιστορεον;;3
κατεβαλον;;3
φατιν;;3
εσομενην;;3
κατεργαστο;;3
ανεπειθε;;3
απεστελλε;;3
ευρων;;3
ενεον;;3
πειρησονται;;3
φροντιζων;;3
αλιην;;3
αροτηρεσ;;3
περσικησ;;3
εθυε;;3
σιτιοισι;;3
παραπλησιοι;;3
επιλαβομενοι;;3
υπολειφθεντασ;;3
εξαγαγων;;3
εζωγρηθη;;3
μετεμελησε;;3
επανασταντεσ;;3
ανεμοισι;;3
μυλιττα;;3
κτηνοσ;;3
μυρσινηι;;3
ιρηιον;;3
ποιην;;3
οιην;;3
ευδαιμονεσ;;3
οπτουσ;;3
σιτοισι;;3
αδηι;;3
αγονται;;3
αντεχεσθαι;;3
εχομενων;;3
μισγονται;;3
αποδεδεκται;;3
αινεω;;3
φονευειν;;3
λογισαμενοσ;;3
συμμισγεται;;3
σαν;;3
σαφηνεωσ;;3
νεκυσ;;3
ορνιθοσ;;3
κυνοσ;;3
κρυπτουσι;;3
κεχωριδαται;;3
πετεινα;;3
εχετω;;3
αμφιβληστρον;;3
δεηθεντοσ;;3
περιεβαλοντο;;3
συνελεγοντο;;3
λοιποισι;;3
μιλητοσ;;3
καριηι;;3
ερυθραιοι;;3
σκεπηι;;3
ελληνικου;;3
νικωσι;;3
αλικαρνησσευσ;;3
ιταλιηι;;3
γονεασ;;3
λυκιουσ;;3
γεγονοτασ;;3
κοδρου;;3
σκηψιν;;3
τετραμμενοσ;;3
ζεφυρον;;3
κατηκουσα;;3
συλλεγομενοι;;3
πεπονθασι;;3
μουναι;;3
νεον;;3
κτισαντεσ;;3
απεβαλον;;3
υπεδεξαντο;;3
ποιησαντων;;3
οικεομενην;;3
νησοισι;;3
λοιπηισι;;3
πορφυρεον;;3
χρηιζων;;3
απεδοξε;;3
σπαρτιητην;;3
παθεα;;3
απερριψε;;3
επιτρεψασ;;3
στρατηλατεειν;;3
εξανδραποδισασθαι;;3
αποστεωσι;;3
δεινοι;;3
κελευε;;3
υποδυνειν;;3
κοθορνουσ;;3
απολωνται;;3
κυμην;;3
μαζαρησ;;3
λιμενοσ;;3
ορμημενου;;3
κυμαιουσ;;3
λεγουσαν;;3
τολμαισ;;3
κελευω;;3
θασσον;;3
προχυσιν;;3
κατεβη;;3
διαδοχοσ;;3
στρατηγιησ;;3
τραπεζηι;;3
αιρεε;;3
ταρτησσον;;3
πεντηκοντεροισι;;3
ετυραννευσε;;3
εκλιποντασ;;3
δουλοσυνηι;;3
απηγαγε;;3
εσθεντεσ;;3
ισχυρασ;;3
απαντασ;;3
στρατευονται;;3
χρησαμενοι;;3
πληρωσαντεσ;;3
ανελαβον;;3
απεντεσ;;3
αλοντεσ;;3
κεκακωμενων;;3
συλλεγομενων;;3
μενουσι;;3
οικεομενασ;;3
απεδεξαντο;;3
μινωσ;;3
δεοιτο;;3
καρικον;;3
τριξα;;3
τελαμωσι;;3
διαχρεωμενουσ;;3
καυνιοι;;3
τροποισι;;3
κρητηι;;3
λυκου;;3
ιδιον;;3
πατερων;;3
μητροθεν;;3
πηδασεεσ;;3
αλικαρνησσου;;3
ιρηιη;;3
πωγωνα;;3
καριην;;3
απεδεικνυντο;;3
επηλυδεσ;;3
παρεσχε;;3
ασσυριησ;;3
διηκοσιων;;3
πηχυσ;;3
θερμηι;;3
ισ;;3
βαβυλωνι;;3
ετετειχιστο;;3
ευφρητησ;;3
τοσαυται;;3
οικοδομηται;;3
πυργουσ;;3
αιγυπτιηισι;;3
ομιλιην;;3
κατημενον;;3
χρυσιου;;3
βωμοσ;;3
καταγιζουσι;;3
ανδριασ;;3
γενεηισι;;3
ορωσα;;3
κωμην;;3
ωρυσσε;;3
μακρη;;3
εσβολαι;;3
επιμισγομενοι;;3
περιεβαλετο;;3
παρενθηκην;;3
λιθοι;;3
πληρησ;;3
γεφυρα;;3
απατην;;3
μετεωρον;;3
κειμενων;;3
επικαλεομενων;;3
προβατοισι;;3
ρεοντοσ;;3
επονται;;3
τιγρην;;3
εθνει;;3
αποριηισι;;3
ανωτερω;;3
ποιητεον;;3
διαβατον;;3
αραιρητο;;3
αρχη;;3
αρχεων;;3
χωρεει;;3
αιγυπτιη;;3
εσεχει;;3
ον;;3
ελαιην;;3
αγαθη;;3
αποδιδοι;;3
πλατοσ;;3
δακτυλων;;3
απιγμενοισι;;3
καρποφοροι;;3
μελι;;3
καρπωι;;3
ασπιδοσ;;3
απιεισι;;3
φοινικηιου;;3
απελαυνουσι;;3
ιλλυριων;;3
αποφερειν;;3
καμνοντα;;3
επαθε;;3
εκφυγοντα;;3
θεραπηιη;;3
κατεαται;;3
εμβαλων;;3
δωσεισ;;3
σινδονοσ;;3
βουληται;;3
εδει;;3
αραξησ;;3
τοιουσδε;;3
οδμηι;;3
ματιηνων;;3
στοματων;;3
καθαρου;;3
κασπιη;;3
ερυθρη;;3
ειρεσιηι;;3
καυκασισ;;3
υλησ;;3
τοιησδε;;3
ελαχιστην;;3
μετεχουσι;;3
εθελησεισ;;3
συνεξεπιπτον;;3
απεδεικνυτο;;3
σφαλμα;;3
τοιαυτησ;;3
εαι;;3
κινδυνοσ;;3
τομυριοσ;;3
προθειναι;;3
ημετερωι;;3
υπολειπομενουσ;;3
κεινοι;;3
συνεστασαν;;3
διεβαινε;;3
ευδων;;3
αρσαμεοσ;;3
κατελελειπτο;;3
μηχανη;;3
υστασπησ;;3
βουλευειν;;3
τριτημορισ;;3
αλεξομενουσ;;3
στρατηγεοντα;;3
καρτερον;;3
συνεβαλε;;3
βελεα;;3
μαχομενουσ;;3
σαγαρισ;;3
ηλικιησ;;3
προκειται;;3
κατευωχεονται;;3
θνητων;;3
φαρνασπεω;;3
δεσποτηι;;3
πρεσβυτερουσ;;3
ομολογεοντεσ;;3
αναλαβειν;;3
μινα;;3
φυσισ;;3
λιην;;3
παρατεταται;;3
αρκτου;;3
ψαμμωι;;3
λιβυκον;;3
τετρακισχιλιοι;;3
εξακισχιλιοι;;3
ημισεασ;;3
εσεχων;;3
διεκπλωσαι;;3
ευρεαν;;3
αμπωτισ;;3
βορηιησ;;3
αραβιηι;;3
αραβιην;;3
τεκμηριον;;3
επιλοιπον;;3
πονουσ;;3
επελθων;;3
υσι;;3
μενει;;3
κομιζεται;;3
σχιζεται;;3
καλεομενωι;;3
θηβαι;;3
εκαλεετο;;3
οιδαμεν;;3
ορθωι;;3
χρησομεθα;;3
κανωβικον;;3
νειλωι;;3
μαρτυρεει;;3
εργεσθαι;;3
βραχυσ;;3
πασχειν;;3
ρευματα;;3
χιονοσ;;3
ανομβροσ;;3
καυματοσ;;3
αφανεσ;;3
ομηρον;;3
προκειμενασ;;3
διεξοδου;;3
διεξιων;;3
οικοτωσ;;3
νενομικα;;3
γραμματιστησ;;3
βυσσον;;3
αυτοπτησ;;3
φερομενον;;3
διεκπλωσασ;;3
αποβασ;;3
εκεισε;;3
αυτομολουσ;;3
φυλακαι;;3
κατεστασαν;;3
δαφνηισι;;3
αιθιοπιην;;3
απολιπειν;;3
αιδοιον;;3
συρτιοσ;;3
ανδρωθεντασ;;3
βορηιην;;3
θηριωδεοσ;;3
ψαμμοσ;;3
διεξελθοντασ;;3
επελθειν;;3
μικρουσ;;3
νασαμωνων;;3
κροκοδειλουσ;;3
ετεαρχοσ;;3
θωμασια;;3
κομωσι;;3
θηριοισι;;3
περιταμνονται;;3
οικηιων;;3
τρωγουσι;;3
πατεονται;;3
ανεχονται;;3
αρχιερευσ;;3
εστεωτοσ;;3
βυβλωι;;3
απαγουσι;;3
ζημιη;;3
επικειται;;3
αποταμνουσι;;3
σωματι;;3
ελαιον;;3
αποθνηισκοντασ;;3
αγιον;;3
οσιριοσ;;3
τεθηναι;;3
προσαγουσι;;3
αμφιτρυωνοσ;;3
αμφιτρυων;;3
αποδεδεχαται;;3
ειρομην;;3
εκπλωσαντεσ;;3
ηρωι;;3
εξηγον;;3
βωμωι;;3
παμπαν;;3
ηρωων;;3
πανα;;3
πανοσ;;3
τιθεται;;3
αιγυπτιστι;;3
συβωται;;3
θυσαντεσ;;3
επισταμενωι;;3
ασθενειησ;;3
αποφερεσθαι;;3
κινεει;;3
εξηγησαμενοσ;;3
θυσιην;;3
σοφον;;3
φησω;;3
καδμου;;3
απιχθαι;;3
ηρησ;;3
χαριτων;;3
ηρωσι;;3
οργια;;3
σαμοθρηικεσ;;3
εθυον;;3
τεχνασ;;3
μενοι;;3
ειρημενοισι;;3
εθνεσι;;3
δωδωναιων;;3
υπολαβειν;;3
πελειαδα;;3
κατηγησατο;;3
κληθηναι;;3
μαντικη;;3
πανηγυρισ;;3
βουβαστιν;;3
ισι;;3
πλεουσι;;3
ειρηκα;;3
μαχαιρηισι;;3
ελαιου;;3
φωσ;;3
γινηται;;3
εσοδωι;;3
ελκουσι;;3
τιμωρεοντεσ;;3
ξυλοισι;;3
τρωματων;;3
αρεα;;3
περιοραν;;3
θηριωδησ;;3
θηλεαι;;3
ιστασι;;3
τεκωσι;;3
αρπαζοντεσ;;3
θαπτονται;;3
ιρηισι;;3
λυκουσ;;3
κροκοδειλων;;3
λεπιδωτον;;3
κροκοδειλοι;;3
λιθινα;;3
απηγησιοσ;;3
μετιει;;3
εντυχων;;3
τοιοσδε;;3
σμυρνηι;;3
οφιοσ;;3
νουσουσ;;3
αρτουσ;;3
αποθανων;;3
φοινικηι;;3
λινεουσ;;3
ιητροι;;3
οδοντων;;3
μαζουσ;;3
δεικνυουσι;;3
ξυλινα;;3
πυνθανονται;;3
εκποδων;;3
ισταντεσ;;3
τοιχον;;3
μεσα;;3
σαρκασ;;3
επιφανεων;;3
συμπαν;;3
πεφυκασι;;3
περσεα;;3
περσει;;3
αεθλα;;3
περσευσ;;3
τιθεντεσ;;3
καλυκι;;3
πωλεουσι;;3
ροον;;3
αυτοματα;;3
αγρια;;3
υψου;;3
δεδεμενην;;3
καλωι;;3
αγει;;3
ναυκρατιν;;3
αρχανδρου;;3
οσου;;3
δαναου;;3
στεινωι;;3
παραμειψαμενοσ;;3
πλεοντα;;3
πλωτην;;3
βραχεων;;3
στηληισι;;3
γενομενοισι;;3
σεσωστριοσ;;3
εργαζονται;;3
ωμον;;3
στηθεων;;3
εγκεκολαμμενα;;3
σεσωστριν;;3
υληι;;3
υποπρησαι;;3
συμβουλευσαι;;3
αποσωθηναι;;3
ομιλωι;;3
ανδριαντασ;;3
βουτουσ;;3
ουρωι;;3
νιψαμενοσ;;3
ξεινησ;;3
στιγματα;;3
κατηγορεον;;3
εξηγεομενοι;;3
μενελεων;;3
θωνισ;;3
εξεργασμενοσ;;3
ασινεα;;3
αντιπεμπει;;3
εργασαο;;3
απαγεσθαι;;3
ιλιαδι;;3
σιδωνα;;3
μενελεωσ;;3
εξειλον;;3
απαθεα;;3
εργασμενοσ;;3
εγινωσκον;;3
επιτρεπειν;;3
δαιμονιου;;3
αντιουσ;;3
εξαιρετον;;3
ρηιδιωσ;;3
περιιοντοσ;;3
θησαυρον;;3
εξηγησαμενον;;3
προσηλθε;;3
ενεχεσθαι;;3
φωροσ;;3
εκδυσιν;;3
εντειλασθαι;;3
χαλεπωσ;;3
ασκων;;3
τραπηται;;3
εγγινεσθαι;;3
παραλαμβανειν;;3
καταμειναι;;3
λυμηι;;3
επιτελεσαντα;;3
μηχανωμενοσ;;3
εργασται;;3
συλλαμβανειν;;3
επαγγελλεσθαι;;3
οργυιαι;;3
αναβαθμων;;3
στοιχον;;3
ετιθετο;;3
μηχανησ;;3
πρησσεσθαι;;3
καταλιπεσθαι;;3
κωλον;;3
αιθιοπικου;;3
μυκερινον;;3
κρινειν;;3
κοιλην;;3
θυμιηματα;;3
παλλακεων;;3
κολοσσοι;;3
κολοσσων;;3
ωρωμεν;;3
γουνασι;;3
εβδομωι;;3
πατρωσ;;3
μεμνημενοι;;3
νυκτεσ;;3
ροδωπιοσ;;3
γενεην;;3
δεκατησ;;3
ηφαιστωι;;3
απογενομενον;;3
αιθιοπα;;3
συμβουλευειν;;3
εξεληλυθεναι;;3
δεοι;;3
πεμψειν;;3
τιμωρουσ;;3
πηλουσιωι;;3
αποδεικνυντεσ;;3
τριηκοσιαι;;3
γενεη;;3
δεικνυντεσ;;3
δεκομενοι;;3
τριτων;;3
τυραννιδασ;;3
χαλκεηι;;3
φιαληι;;3
λαβυρινθου;;3
υπογαια;;3
μετεωρα;;3
εκατερα;;3
τοιχοι;;3
οργυιασ;;3
αμφοτερηισι;;3
ουδαμου;;3
αναμνησθεντεσ;;3
αιθιοψ;;3
φιλα;;3
υπισχνεομενοσ;;3
απι;;3
εναντιον;;3
πλεην;;3
ενοικησαι;;3
ερμηνεεσ;;3
χωροι;;3
εξαναστησασ;;3
φανερων;;3
αρτεμιν;;3
απολλων;;3
ευφοριωνοσ;;3
ηκται;;3
υπωρειην;;3
απωλοντο;;3
τοιουδε;;3
τριηρεεσ;;3
λεγομενουσ;;3
κατηκει;;3
πολιηται;;3
μεγαλωστι;;3
επιμεμφομενοι;;3
απονοστησαντεσ;;3
ιθεησ;;3
παρεσκευαζετο;;3
απριηι;;3
δοντα;;3
εφρονεον;;3
ερμοτυβιεσ;;3
καλασιριων;;3
θηβαιοσ;;3
επασκεουσι;;3
ωυτοι;;3
μνεαι;;3
ταφηισι;;3
τελετην;;3
αγνωμοσυνηι;;3
δικαιουν;;3
δουλευειν;;3
καταστασι;;3
αρχονται;;3
χρησωνται;;3
στεγησ;;3
αχθομενον;;3
τοσουτοσ;;3
χιοσ;;3
εμποριου;;3
αμφικτυονων;;3
λαδικη;;3
λινδωι;;3
εκδοτον;;3
ενηγε;;3
πατροθεν;;3
επαναστασ;;3
θυμωθεντα;;3
επιστεαται;;3
γενωμαι;;3
φανησ;;3
ικανοσ;;3
ορμημενωι;;3
ασφαλεα;;3
ιηνυσου;;3
αριθμωι;;3
κεραμον;;3
αιματι;;3
κειρονται;;3
πλησασ;;3
δερματων;;3
μεμφομενοι;;3
διεξελθοντεσ;;3
θελεισ;;3
ιναρω;;3
εταξαντο;;3
πεντακοσιασ;;3
ψαμμηνιτον;;3
διεπειρατο;;3
προιδων;;3
κατημενουσ;;3
ονομαστι;;3
φυλακοι;;3
πυνθανεται;;3
δακρυειν;;3
αντειχε;;3
ουδετεροισι;;3
μακροβιουσ;;3
αποστελλειν;;3
αιθιοψι;;3
λεγομενην;;3
μετηισαν;;3
διεφυγον;;3
βιην;;3
ιχθυοφαγοι;;3
ψελια;;3
πληρωμα;;3
κατασκοπων;;3
επιπλεειν;;3
εθεησαντο;;3
αεικεσ;;3
φρενηρησ;;3
υπομενειν;;3
στρατιωται;;3
απολεσασ;;3
ονομαζεται;;3
καταδοξασ;;3
αποβαλων;;3
εφραζον;;3
γονον;;3
πρησσουσι;;3
ψαυσειε;;3
αποκτενεοντα;;3
εξευρισκειν;;3
ελυσαν;;3
σκυλακα;;3
δασεα;;3
αμεινων;;3
οιστον;;3
ευνοιην;;3
χρηστωσ;;3
ελαμβανε;;3
μεταμελησει;;3
αγαλματι;;3
τριηρεων;;3
περιαγουσι;;3
τεκμηριοισι;;3
στρατευομενου;;3
βοηθεοντασ;;3
τουτ;;3
πυνθανεσθαι;;3
ευτυχιαι;;3
βουλομαι;;3
εναλλαξ;;3
πρησσων;;3
πεντηκοντερον;;3
πληρωσασ;;3
ριπτει;;3
ιχθυν;;3
καταλελαβηκε;;3
επαναστασιν;;3
αποπεμπειν;;3
αποπεμφθεντασ;;3
κατεστη;;3
κατιοντεσ;;3
εσσωθηναι;;3
συνιεναι;;3
αλφιτων;;3
παρασκευασαμενοι;;3
κερκυραιων;;3
αγοντων;;3
χορουσ;;3
επιδαυρου;;3
νεωτεροσ;;3
εμεμνητο;;3
απηγορευε;;3
προκλεα;;3
κατεφαινετο;;3
λεγουσησ;;3
προτιθεισι;;3
πατρωια;;3
απικηται;;3
επεβησαν;;3
σαμιον;;3
ορμηται;;3
δεξαμενουσ;;3
απολειπειν;;3
σιφνιων;;3
προσισχον;;3
κελευουσα;;3
ερμιονεων;;3
αρχιτεκτων;;3
ειπα;;3
κηρυκεσ;;3
πεμφθεντα;;3
απιγμενον;;3
απασηι;;3
μελλον;;3
τετελευτηκε;;3
εσθητοσ;;3
φαιδυμη;;3
οτανηι;;3
υπεδεξατο;;3
απιξιοσ;;3
βασιλευων;;3
ηκω;;3
κερδεα;;3
εξηγεο;;3
δειμαινων;;3
διαχρεωμενοι;;3
πεισαντεσ;;3
περιεχομεθα;;3
ψευδομενοσ;;3
πολεμιοσ;;3
πειρωμενοισι;;3
τιθεμαι;;3
ψηφον;;3
μαγοισι;;3
τοξευσασ;;3
αινηι;;3
μεγιστηι;;3
προσεφερον;;3
συγκαλεσαντεσ;;3
προσεδεοντο;;3
ευξαμενοι;;3
ζευγεα;;3
σπασαμενοι;;3
ανδρεωνα;;3
ινταφρενησ;;3
προσθειναι;;3
προμηθεομενοσ;;3
παταγωι;;3
ειδετε;;3
ατασθαλα;;3
φθονεει;;3
περιεουσι;;3
ενδεκεσθαι;;3
πατρια;;3
μουναρχοσ;;3
παλωι;;3
μουναρχιην;;3
τοιαυτηι;;3
εχθεα;;3
φονοσ;;3
απεβη;;3
φιλιαι;;3
λαχοντα;;3
ελευθερη;;3
ελθηι;;3
οιβαρησ;;3
ανιοντι;;3
συνεθηκαντο;;3
μελλειν;;3
απεδεδεκτο;;3
καταστρεψαμενου;;3
εσβαλοιεν;;3
ιππευσ;;3
προσεχεασ;;3
βαβυλωνιον;;3
ατελεα;;3
κυπροσ;;3
πεμπτοσ;;3
ογδοοσ;;3
λοιπησ;;3
πακτυικησ;;3
σαραγγεων;;3
τεταρτοσ;;3
παρικανιοι;;3
ευρισκεται;;3
ευβοικων;;3
τετρακισχιλιων;;3
συνελεγετο;;3
δεηθηι;;3
φροντιζει;;3
καμηι;;3
πεσηι;;3
αναφερουσι;;3
ερσενα;;3
σκελεσι;;3
μηρουσ;;3
αποκλινομενησ;;3
απιων;;3
εσχατιαι;;3
οικεομενων;;3
μηδικων;;3
λαμβανουσι;;3
υποπτεροι;;3
ηπισταμην;;3
αποθνηισκει;;3
κασιην;;3
οικοτι;;3
υποζυγιων;;3
αριμασπουσ;;3
μουνοφθαλμουσ;;3
χορασμιων;;3
διασφαγοσ;;3
υει;;3
σπειροντεσ;;3
πυλουροσ;;3
ελεξα;;3
παραιτεετο;;3
νεικεα;;3
φρονηματα;;3
μαιανδριον;;3
επεβαλε;;3
εστερησθαι;;3
συμβουλιησ;;3
επετελεε;;3
ετελευτησαν;;3
βιησ;;3
γραψαμενοσ;;3
βυβλιων;;3
αποπειρωμενοσ;;3
μετηκαν;;3
δημοκηδεοσ;;3
μαστιγασ;;3
κροτωνοσ;;3
τεταρτωι;;3
ατοσσα;;3
επινοεω;;3
επελαμψε;;3
πολλαπλησια;;3
επηγγελλετο;;3
εδεκετο;;3
καταλειψειν;;3
καταβαντεσ;;3
ιταλιησ;;3
ταραντα;;3
ταραντινων;;3
ελυσε;;3
περιυβρισθαι;;3
ηγεμονοσ;;3
αναχθεντεσ;;3
καταγειν;;3
ελληνιδων;;3
ιση;;3
εστελλε;;3
ηρεσκε;;3
ομοιων;;3
τιθεισ;;3
μετιεναι;;3
νουσοσ;;3
κατεατο;;3
χαριλεωσ;;3
λυσαντασ;;3
δησασ;;3
υπελαβε;;3
περιεσεσθαι;;3
παραδιδοναι;;3
μεμνημενοσ;;3
μηχανασ;;3
ζωπυρωι;;3
λωβησαμενοσ;;3
βαρεωσ;;3
διαθειναι;;3
πεισασ;;3
ταξον;;3
κατεφονευσε;;3
προειρημενον;;3
κατισταναι;;3
επιτασσων;;3
υπηρξαν;;3
νεοτησ;;3
υπομενεουσι;;3
νεωτατον;;3
ζυγον;;3
νεωτατωι;;3
κομισαι;;3
εωυτην;;3
σκυθην;;3
γινομενουσ;;3
επιοντων;;3
κιμμερια;;3
ισσηδονασ;;3
υπερβορεουσ;;3
πλησιοχωροισι;;3
εκλειπειν;;3
προκοννησωι;;3
αριστεην;;3
αγγελεοντα;;3
κυζικον;;3
τεθνεωτα;;3
συνοισεσθαι;;3
αγορηι;;3
εγενομεθα;;3
παραθαλασσιων;;3
νευροι;;3
υπανιν;;3
βορυσθενεα;;3
γεωργοι;;3
παντικαπησ;;3
ανδροφαγοι;;3
κρημνοι;;3
μελαγχλαινοι;;3
νεμομενοι;;3
επιβασ;;3
υψηλων;;3
ιδιην;;3
μελαν;;3
συμμισγοντεσ;;3
αρηιον;;3
χαλεπον;;3
ισσηδονεσ;;3
σκυθιστι;;3
αμαξασ;;3
φυει;;3
ελασσονι;;3
ατρακτον;;3
αργην;;3
σιγειου;;3
στεινου;;3
πλατεα;;3
αξιη;;3
περιρρυτοσ;;3
προσσχοντεσ;;3
περιπλεοντεσ;;3
τεασπιοσ;;3
πεμφθεισ;;3
επετελεσε;;3
φασα;;3
απεδρη;;3
κατεσχε;;3
ποντοσ;;3
σκυθικου;;3
αγαμαι;;3
τυρησ;;3
γερροσ;;3
ταναισ;;3
ιοντεσ;;3
γεται;;3
αλεσ;;3
χειρ;;3
θυσιαι;;3
σκυθησ;;3
κεκριται;;3
αραιρημενοι;;3
επιορκησαι;;3
λειπει;;3
ετοιμον;;3
δεουσι;;3
αμαξηισι;;3
τυμνεω;;3
ιδανθυρσοσ;;3
φαιη;;3
δεξασθαι;;3
διαιτηι;;3
ευτε;;3
οκταμασαδησ;;3
σιταλκησ;;3
αδελφεησ;;3
απειλεε;;3
προποντιδα;;3
τετρακοσιουσ;;3
ελλησποντοσ;;3
χασμα;;3
θερμωδοντι;;3
μανδροκλεησ;;3
εζευξε;;3
κυδοσ;;3
αποδεδεγμενον;;3
δικαιοτατοι;;3
πυθαγορηι;;3
ιαδα;;3
περιεοντεσ;;3
εχειρωθησαν;;3
διαβαντων;;3
φανησεται;;3
ταυροι;;3
ανδροφαγων;;3
κρημνου;;3
αγαθυρσοι;;3
επεπεσον;;3
ομνυουσι;;3
αμαζονασ;;3
ελευθερων;;3
εκειναι;;3
στρατοπεδευεσθαι;;3
ποιεωσι;;3
απιγμενουσ;;3
αλληλεων;;3
εχωμεν;;3
εξομεν;;3
κτηματων;;3
δεοσ;;3
εβασιλευε;;3
προεπεμψαν;;3
εντυχοντεσ;;3
ταφοι;;3
δωρων;;3
υπολειπομενοισι;;3
φοβεομενοι;;3
προσβολασ;;3
διωκοντασ;;3
κομιδη;;3
λυσοντασ;;3
δηλαδη;;3
επιθησεσθαι;;3
ηλπιζον;;3
κατηκοντα;;3
αθηναιου;;3
αιακησ;;3
φωκαιευσ;;3
λογιμοσ;;3
γεφυρησ;;3
ηδονηι;;3
διαφθειραντεσ;;3
συγχωσαντεσ;;3
αρρωδιην;;3
καλχηδονιουσ;;3
αργοι;;3
μινυεων;;3
δικαιοτατον;;3
μινυασ;;3
εξηισαν;;3
πολυνεικεοσ;;3
βουλευομενων;;3
οικιστεω;;3
λαιου;;3
θηραιων;;3
προεφερε;;3
κορωβιον;;3
ατρεκειην;;3
ανεθηκαν;;3
ορκου;;3
κατηκε;;3
ειδυιαν;;3
χραν;;3
χρηστον;;3
αρξαντοσ;;3
ναιοι;;3
περιοικοι;;3
απενοστησαν;;3
βαλομενοι;;3
απαιτεε;;3
διδομενον;;3
προσην;;3
κατηλθε;;3
ερρυσαντο;;3
εξεργασμενοισι;;3
αρυανδεω;;3
εμιμεετο;;3
κνημεων;;3
νασαμωνεσ;;3
αμυνεσθαι;;3
μαχλυεσ;;3
κατιδεσθαι;;3
διεκπλοον;;3
ακουσαντασ;;3
αθηναιην;;3
ψυχρον;;3
καταλεξαι;;3
μεταλλον;;3
απεχει;;3
εφροντιζον;;3
οργαι;;3
εμενε;;3
αιρεειν;;3
εφονευον;;3
κατεστρεψαντο;;3
περιιζομενοι;;3
ηδωνων;;3
αμφοτεροισι;;3
φυλαξαντεσ;;3
δωσοντεσ;;3
τρεπονται;;3
παρεδιδοσαν;;3
ποδοσ;;3
υποζυγιοισι;;3
μακεδονιηι;;3
παρασκευασαμενοσ;;3
κατεχειν;;3
διζημενων;;3
περδικκεω;;3
αιτησασ;;3
βαρβαροσ;;3
εξηγεηται;;3
ευνοοσ;;3
ναξοσ;;3
ανεψιοσ;;3
μακρα;;3
μεγαβατησ;;3
προσεδεκοντο;;3
φυγασι;;3
αρταφρενει;;3
συνελθοντα;;3
επιπλεοντασ;;3
απιεσαν;;3
αναξανδριδησ;;3
ευρυσθενεοσ;;3
κτησαμενου;;3
συστρατευεσθαι;;3
μαρτυρια;;3
καλλιηι;;3
δωριει;;3
εγεσταιων;;3
ηνεσχετο;;3
γοργω;;3
μαχασ;;3
ελοντεσ;;3
μαχομενον;;3
συγκειμενον;;3
επεισι;;3
μιλησιωι;;3
εφεσου;;3
ελευθερασ;;3
παθει;;3
αριστογειτων;;3
αρμοδιοσ;;3
ιππαρχοσ;;3
φανεροσ;;3
μηχανωμενοι;;3
δοκιμοι;;3
δημοσιωι;;3
απεβησε;;3
επικουριην;;3
αποδεξαντεσ;;3
σιγειον;;3
ιωνοσ;;3
εξευρων;;3
αδρηστου;;3
αργειον;;3
μελανιππον;;3
πρυτανηιωι;;3
μελανιππωι;;3
ισαγορεω;;3
ανεβη;;3
μελλων;;3
ληματοσ;;3
συνθηματοσ;;3
εσινοντο;;3
επιοντεσ;;3
ποιησεσθαι;;3
εξελασιν;;3
πελοποννησιουσ;;3
χαλκιδεασ;;3
ευριπον;;3
βοηθουσ;;3
συμβαλλουσι;;3
απαλλαχθεντεσ;;3
εχθρη;;3
επιδαυριοισι;;3
επιδαυριων;;3
βαθρων;;3
ειξαν;;3
διατελεειν;;3
σωθηναι;;3
περονασ;;3
εριν;;3
ανεσχοντο;;3
ηετιων;;3
καλην;;3
μαντευομενωι;;3
παρακαταθηκησ;;3
ειδομεν;;3
ελευθερωσ;;3
τερον;;3
ιππιηι;;3
ενεδεκοντο;;3
καιρωι;;3
λοιπεων;;3
κατελαβον;;3
κομιζομενοι;;3
αποδιδοντεσ;;3
κατελιπον;;3
αμυνομενουσ;;3
ηγωνισαντο;;3
καριησ;;3
προσεκτησαντο;;3
απεσταναι;;3
εφευγε;;3
εξαγγελθη;;3
αιτησαι;;3
βουλευματων;;3
ιμερον;;3
επειθετο;;3
αρτυβιον;;3
περιεπλεον;;3
εσβαινειν;;3
αρτυβιοσ;;3
υποδεκομαι;;3
συνηλθον;;3
ονησιλου;;3
πιπτει;;3
αμαθουσιοι;;3
δαυρισησ;;3
υμαιησ;;3
συλλεχθεντων;;3
αιολιδα;;3
εθωμαζε;;3
κατηγον;;3
χιουσ;;3
εκπλεουσασ;;3
συστρατευομενοι;;3
φανητω;;3
παραδωσομεν;;3
παρεουσηι;;3
συλοσωντοσ;;3
περιποιησαι;;3
επεπλεον;;3
αιακεα;;3
εναυμαχεον;;3
αποδεικνυμενοι;;3
οσοισι;;3
περιεπιπτον;;3
ζαγκλαιοι;;3
ζαγκλαιων;;3
ειρημενοσ;;3
μελληι;;3
ανθρω;;3
χερσονησοσ;;3
χερσονησιται;;3
διατελεουσι;;3
αρταφρενεοσ;;3
παραπλεων;;3
πλειστασ;;3
δυνωνται;;3
βρυγοι;;3
ιππαγωγα;;3
πολυκριτου;;3
αριστομαχου;;3
κλεοδαιου;;3
υλλου;;3
εφυλασσετο;;3
αιρεεσθαι;;3
ειλωτεων;;3
απλετωι;;3
κλινηι;;3
ισταται;;3
δειξαι;;3
υποδεκεται;;3
ορκωι;;3
εφορων;;3
αναπυστα;;3
συντιθεται;;3
μεναρεοσ;;3
λευτυχιδην;;3
προθυμιησ;;3
παρεδροι;;3
στεφανουσ;;3
εχθροι;;3
εγνω;;3
αυτοφωρωι;;3
δειμα;;3
μαχαιραν;;3
φυλακου;;3
εκειρε;;3
εκαλλιερεε;;3
κατηγαγε;;3
μεταιχμιον;;3
δεινοσ;;3
φοβον;;3
αναλαβοντασ;;3
αποινα;;3
ελεληθεε;;3
ειλωτασ;;3
πειραν;;3
μανηναι;;3
λευτυχιδεα;;3
φαμεν;;3
θηβαιοισι;;3
νικοδρομοσ;;3
εναυμαχησαν;;3
εσβοληι;;3
πενταεθλον;;3
προσεμειξαν;;3
υμετερα;;3
παρελαμβανον;;3
εσωιζον;;3
εσελθοντεσ;;3
κατηγεετο;;3
χερσονησωι;;3
συνεβαλετο;;3
επηλθον;;3
πλαταιευσι;;3
πολεμαρχοσ;;3
καλλιμαχοσ;;3
κερεοσ;;3
αναδεξαι;;3
αλκμεων;;3
κνημασ;;3
εχωρεον;;3
προφερων;;3
προειρημενην;;3
ξανθιππωι;;3
δωσουσι;;3
αδικωσ;;3
υπολαβοντεσ;;3
ελαιουντοσ;;3
παρειχον;;3
αρτοβαζανησ;;3
μουσαιου;;3
αγνωμοσυνησ;;3
πειθεο;;3
βεβουλευται;;3
ευρημα;;3
φρονεειν;;3
ατιμιην;;3
τοδ;;3
πεσοντα;;3
σημηνον;;3
ελαιουντι;;3
λευκολινου;;3
καταβαλλειν;;3
πυθιοσ;;3
χρυσεηι;;3
καλλεοσ;;3
παρασκευαζειν;;3
αιτησιν;;3
εζευγνυσαν;;3
αρταυκτην;;3
πρωτεσιλεω;;3
πορου;;3
πανοικιηι;;3
υπεναντια;;3
ηγεοντο;;3
απολελεγμενοι;;3
αργυρεασ;;3
πινομενοσ;;3
αμιλλαν;;3
λειψεσθαι;;3
διεβαινον;;3
ελλησποντιον;;3
αναστατον;;3
αιγιαλοσ;;3
εδεδμητο;;3
εσταλμενοι;;3
εσκευαδατο;;3
αρταχαιεω;;3
καλαμινα;;3
υδαρνεοσ;;3
πεδιλα;;3
πακτυεσ;;3
αρταυντην;;3
μακεδονεσ;;3
μαρδοντησ;;3
τριτανταιχμησ;;3
πολεμιοισι;;3
αριαβιγνησ;;3
αχαιμενησ;;3
ανδρηιησ;;3
αιγιαλου;;3
δυναιατο;;3
αρχομενοι;;3
ηπιωσ;;3
μασκαμην;;3
δορισκου;;3
σατραι;;3
οικημενην;;3
απολομενου;;3
αραιρημενοσ;;3
κηρυκων;;3
λειποντεσ;;3
παρελαμβανε;;3
πηνειοσ;;3
πηλιον;;3
θεσσαλιη;;3
λοκροι;;3
μηνισ;;3
μηνιν;;3
πυθεω;;3
δειματι;;3
αληθεσ;;3
μουνωθεντεσ;;3
καταμειναντεσ;;3
που;;3
κεκροποσ;;3
θειη;;3
παραρτεεσθαι;;3
νεοκλεοσ;;3
θεμιστοκλει;;3
εσωσε;;3
απολεομενοι;;3
ηγεομενοισι;;3
αρτοξερξην;;3
αργεοσ;;3
γελωνι;;3
γελωιων;;3
συρηκοσιουσ;;3
μεγαρεων;;3
αλησ;;3
ναυτικησ;;3
φιλιουσ;;3
πεσεεται;;3
αμιλκαν;;3
αναξιλεω;;3
κρητασ;;3
πεμψετε;;3
ομολογησειν;;3
ευριπου;;3
αρρωδιη;;3
τρηχινιων;;3
αμαξιτοσ;;3
καταρρωδηκοτεσ;;3
αιγιναιη;;3
εκβολασ;;3
φυλαξοντεσ;;3
ερμα;;3
σηπιαδοσ;;3
δεκασ;;3
πρωται;;3
ερεχθεοσ;;3
περιην;;3
μηλιεασ;;3
ασωποσ;;3
μυκηναιων;;3
θνητον;;3
νεωτατοσ;;3
παρηκε;;3
φραξαντεσ;;3
διεφαινε;;3
ωθισμοσ;;3
βαλλοντεσ;;3
εκπλαγεντα;;3
μαντιοσ;;3
κηρον;;3
ευρυβιαδηι;;3
αδειμαντοσ;;3
δειλην;;3
ευνοοι;;3
νεκροι;;3
ελπιζοντεσ;;3
παρνησσον;;3
δωριδοσ;;3
λοκρουσ;;3
βοιωτιηι;;3
τροιζηνιων;;3
βοιωτιησ;;3
σεριφιοι;;3
μηλιοι;;3
σφετερωι;;3
αξεισ;;3
ποιησηισ;;3
εκβαινηι;;3
φαληρωι;;3
ναυμαχιηισι;;3
ανακινδυνευειν;;3
κλεομβροτοσ;;3
βοηθησαντεσ;;3
σικιννοσ;;3
φρασοντα;;3
ψυτταλειαν;;3
λυσιμαχου;;3
καλυνδεων;;3
κατεδυσε;;3
επισημον;;3
θορυβωι;;3
πολυκριτοσ;;3
πανιωνιοσ;;3
σχεδιασ;;3
τραπομενουσ;;3
εντεταμενασ;;3
αριστηια;;3
χρυσεουσ;;3
ποτειδαιηται;;3
τιμοξεινοσ;;3
ευρωμεα;;3
αεροποσ;;3
μουρυχιδην;;3
ειλωτων;;3
γαργαφιησ;;3
οχθων;;3
καινα;;3
παλαια;;3
αρτιοι;;3
πεντακισχιλιοι;;3
ισταντο;;3
ελυπεε;;3
ελευσινιησ;;3
καταλαβοντεσ;;3
αγκυραν;;3
ευηνιον;;3
ξειναγορησ;;3
ιστοριησ;;2
ασσυρια;;2
φορτον;;2
εκτηι;;2
αρπασθηναι;;2
προσσχοντασ;;2
αρπασαι;;2
αιαν;;2
κολχιδα;;2
ιουσ;;2
αργειησ;;2
προφερειν;;2
μηδειησ;;2
αρπαγην;;2
εκδοντεσ;;2
απαιτεοντων;;2
αρπαγασ;;2
αρπαζειν;;2
αρπασθεισεων;;2
βαρβαρα;;2
κεχωρισθαι;;2
χρησαμενουσ;;2
εγκυοσ;;2
εθελοντην;;2
καταδηλοσ;;2
ανθρωπηιην;;2
προσεποιησατο;;2
δωριεασ;;2
αλκαιου;;2
μυρσου;;2
εκδεκομενοσ;;2
ερασθεισ;;2
ενομιζε;;2
αιχμοφορων;;2
υπερετιθετο;;2
κανδαυληι;;2
αμβωσασ;;2
κιθωνι;;2
μανθανειν;;2
σκοπεειν;;2
πειρωμενοσ;;2
μηχανησομαι;;2
θυρησ;;2
κοιτον;;2
θησει;;2
εσελθουσαν;;2
υπεκδυσ;;2
πρηχθεντων;;2
παρεουσεων;;2
θεησαμενον;;2
απολλυναι;;2
αναγκαζεισ;;2
εθελοντα;;2
υπολαβουσα;;2
ορμη;;2
κατακρυπτει;;2
τριμετρωι;;2
συνεβησαν;;2
απογονον;;2
επετελεσθη;;2
απελομενοι;;2
τυραννευσασ;;2
κρητηρεσ;;2
χρυσεοι;;2
ανακεαται;;2
θησαυροσ;;2
προκατιζων;;2
αργυροσ;;2
κολοφωνοσ;;2
πριηνεασ;;2
κλαζομενασ;;2
απηλλαξε;;2
αξιαπηγητοτατα;;2
επελαυνων;;2
κατεβαλλε;;2
εργαζεσθαι;;2
επολεμεε;;2
διφασια;;2
επομενα;;2
ετιμωρεον;;2
χιοισι;;2
συνδιηνεικαν;;2
ληιου;;2
χρησειν;;2
ασσησωι;;2
περιανδρον;;2
αποστολοσ;;2
σημηνηι;;2
σαρδιηνοσ;;2
σωρον;;2
διαλλαγη;;2
σιτοδειην;;2
ηκουε;;2
νοστησαντοσ;;2
κατεδοκεε;;2
παραστηναι;;2
δελφινοσ;;2
εξενειχθεντα;;2
περιανδρωι;;2
θελησαι;;2
ταραντοσ;;2
πειθειν;;2
εκπηδαν;;2
εδωλιοισι;;2
ηδονην;;2
τελευτωντα;;2
ριψαι;;2
ανακωσ;;2
κληθεντασ;;2
λεγοιεν;;2
αριονοσ;;2
σοοσ;;2
αναθημα;;2
εκφυγων;;2
σιδηρεον;;2
ποιημα;;2
εφεσιοι;;2
παλαιησ;;2
επιφερων;;2
κατεστραφατο;;2
ετοιμων;;2
ναυπηγιην;;2
βιαντα;;2
πριηνεα;;2
καταπαυσαι;;2
μυριην;;2
ποιησειαν;;2
ευξασθαι;;2
ευχεσθαι;;2
ησθηναι;;2
πειθομενον;;2
οικημενοισι;;2
κατεστραμμενων;;2
μαριανδυνοι;;2
παφλαγονεσ;;2
βιθυνοι;;2
σοφισται;;2
απεδημησε;;2
λυσαι;;2
κατειχοντο;;2
χρησεσθαι;;2
σολωνα;;2
επεδεικνυσαν;;2
ολβια;;2
πλανησ;;2
ιμεροσ;;2
αποθωμασασ;;2
κοιηι;;2
παραμειναντα;;2
αστυγειτονασ;;2
τροπην;;2
δευτερεια;;2
αρκεων;;2
ρωμη;;2
κομισθηναι;;2
ωρηι;;2
αμαξησ;;2
εκυρησε;;2
ευχετο;;2
ευδαιμονιησ;;2
ευδαιμονιη;;2
απερριπται;;2
ιδιωτεων;;2
αξιουσ;;2
φθονερον;;2
δισμυριασ;;2
τουτερον;;2
ωραι;;2
χιλιαι;;2
διηκοσιεων;;2
προσαγει;;2
τυχη;;2
επισποιτο;;2
δυοισι;;2
εκτελεσαι;;2
ατην;;2
ενεικαι;;2
τελευτησει;;2
συλλαβειν;;2
παρεχουσα;;2
αποβησεται;;2
υποδεξασ;;2
ολβον;;2
αποπεμπεται;;2
εικασαι;;2
επεστη;;2
ονειροσ;;2
διεφθαρτο;;2
απολεει;;2
εξηγερθη;;2
εωθοτα;;2
στρατηγεειν;;2
εκκομισασ;;2
φρυξ;;2
εκαθηρε;;2
παραπλησιη;;2
παρειμι;;2
εληλυθασ;;2
επασχον;;2
προσδεομεθα;;2
νεηνιασ;;2
κυνασ;;2
ιουσι;;2
νεηνιησ;;2
παριδων;;2
φοιτωντα;;2
πολιητηισι;;2
δοξω;;2
δοξει;;2
μεθεσ;;2
συγγνωμη;;2
μανθανεισ;;2
φοβεαι;;2
νικαισ;;2
μετιημι;;2
παρεχων;;2
οφειλεισ;;2
χρηιζω;;2
δηλησι;;2
πατρωιον;;2
υπαρχει;;2
κεχρημενον;;2
σπευδεισ;;2
διακελευεαι;;2
προσδοκα;;2
εξηρτυμενοι;;2
υν;;2
αγγελεων;;2
επιστιον;;2
εταιρηιον;;2
καλεων;;2
βοσκων;;2
απολωλεκωσ;;2
οικηιωι;;2
κατηστο;;2
επεμποντο;;2
τροφωνιον;;2
φρονεοιεν;;2
φρονεοντα;;2
επειρηται;;2
τυγχανοι;;2
αναφερειν;;2
χρησομενοι;;2
συνιημι;;2
ακουω;;2
φρενασ;;2
χαλκον;;2
συγγραψαμενοι;;2
απιοντεσ;;2
επιφρασασθαι;;2
λεβητι;;2
επιχρυσουσ;;2
επαργυρουσ;;2
κατεκαιε;;2
ημιπλινθια;;2
μακροτερα;;2
ελκοντα;;2
αργυρεοσ;;2
θεοδωρου;;2
πιθουσ;;2
φαμενον;;2
επεγραψε;;2
δειρησ;;2
ισμηνιου;;2
μελλουσι;;2
προσθεοιτο;;2
δυνατωτατουσ;;2
ανενειχθεντα;;2
θεοπροπια;;2
ατελειην;;2
δελφον;;2
κακοσ;;2
παυσεσθαι;;2
προεχοντασ;;2
οσσαν;;2
καδμειων;;2
μακεδνον;;2
δρυοπιδοσ;;2
ιεσαν;;2
τυρσηνων;;2
μετεβαλε;;2
ιεντεσ;;2
περιοικεοντων;;2
σμικρου;;2
κατεχομενον;;2
ιδιωτηι;;2
λεβητεσ;;2
χιλων;;2
τεκνοποιον;;2
εκπεμπειν;;2
χιλωνοσ;;2
στασιωτασ;;2
ημιονουσ;;2
ζευγοσ;;2
εκπεφευγωσ;;2
αγρον;;2
εξαπατηθεισ;;2
καταλεξασθαι;;2
κορυνασ;;2
εξελασαντεσ;;2
εστασιασαν;;2
ευηθειησ;;2
πανοπλιηι;;2
εσβιβασαντεσ;;2
προπεμψαντεσ;;2
αγαθωι;;2
αθηναιη;;2
καταγει;;2
διαφοιτωντεσ;;2
απολαβων;;2
εχθρην;;2
ανακτασθαι;;2
αιτινεσ;;2
μισθωτοι;;2
κομισασ;;2
ισχουσι;;2
συνηλιζοντο;;2
μαραθωνοσ;;2
συνιοντεσ;;2
παρισταται;;2
τετραμμενοι;;2
υπνον;;2
εσπεσοντεσ;;2
φευγοντων;;2
προεπεμπε;;2
συνιοντων;;2
παραμειναντων;;2
καθηρασ;;2
πεφευγοτασ;;2
προσεπταιον;;2
ευνομιην;;2
εσηιε;;2
λυκοοργε;;2
δωματ;;2
κατεστεωτα;;2
επιτροπευσαντα;;2
λεωβωτεω;;2
μεταβαλοντεσ;;2
καταφρονησαντεσ;;2
κρεσσονεσ;;2
αρκαδιην;;2
αιτεισ;;2
αρκαδιηι;;2
σχοινωι;;2
πεδαι;;2
αλεησ;;2
κρεμαμεναι;;2
συνεχεωσ;;2
αει;;2
αεθλεον;;2
εσσουντο;;2
ιλασαμενοι;;2
ορεστεω;;2
θεοπροποισι;;2
αναγκησ;;2
πηματι;;2
κατεχει;;2
τεγεησ;;2
εσσηι;;2
λιχησ;;2
συντυχιηι;;2
εξελαυνομενον;;2
χαλκευσ;;2
εργασιην;;2
φρεαρ;;2
συνεβαλλετο;;2
χαλκεοσ;;2
φυσασ;;2
εικαζων;;2
σιδηροσ;;2
συμβαλομενοσ;;2
επενεικαντεσ;;2
εμισθουτο;;2
συμ;;2
χρησαντοσ;;2
ελληνα;;2
ακηκοοτεσ;;2
ξεινιησ;;2
ευεργεσιαι;;2
ωνεοντο;;2
ωνεομενοισι;;2
χωρεοντα;;2
κρητηρ;;2
υστερησαν;;2
απεδοντο;;2
αποδομενοι;;2
παρασκευαζομενου;;2
σκυτινην;;2
τρηχεαν;;2
τρωγειν;;2
αποβαλεεισ;;2
γευσαμενοι;;2
ημετερων;;2
ευωνυμου;;2
αυχην;;2
περιειπε;;2
τοξων;;2
φοιτωντων;;2
φεροντων;;2
κεινηισι;;2
αεικειηι;;2
αναξια;;2
εξεδιδου;;2
διαφερουσι;;2
ισησ;;2
εξαπινησ;;2
θαλησ;;2
προηγορευσε;;2
προθεμενοσ;;2
επαυσαντο;;2
εσπευσαν;;2
ειρηνην;;2
συεννεσισ;;2
κιλιξ;;2
λαβυνητοσ;;2
βαβυλωνιοσ;;2
βραχιονασ;;2
μητροπατορα;;2
επιμεμφομενοσ;;2
αλυν;;2
διεβιβασε;;2
απορεοντοσ;;2
διαβησεται;;2
δεξιησ;;2
αρχαιων;;2
ρεεθρων;;2
αρχαια;;2
αμφοτερηι;;2
προσιεμαι;;2
σινωπην;;2
κληρουσ;;2
αναστατουσ;;2
ηντιουτο;;2
εξελαυνειν;;2
πτεριηι;;2
βαβυλωνιουσ;;2
παρεισ;;2
προερεοντασ;;2
απεισ;;2
αγωνισαμενοσ;;2
επιλεγομενωι;;2
κατησθιον;;2
μαθουσι;;2
αναπλωσαι;;2
τελμησσεεσ;;2
αλλοθροον;;2
επηλυδα;;2
απελαυνοντοσ;;2
συνελθοντων;;2
ψιλον;;2
υλλοσ;;2
υποθεμενου;;2
σκευοφοροι;;2
σκευασασ;;2
προιεναι;;2
παραινεσε;;2
φειδομενουσ;;2
καμηλον;;2
αχρηστον;;2
ελλαμψεσθαι;;2
ελπισ;;2
αποθοροντεσ;;2
πεζοι;;2
συνεβαλλον;;2
πολιορκιη;;2
μακρον;;2
θυρεασ;;2
βοηθησαντων;;2
μαχεσασθαι;;2
οθρυαδησ;;2
συμπεσοντεσ;;2
κομην;;2
απονοστεειν;;2
καταχρησασθαι;;2
πολιορκεομενωι;;2
ζωγρηθεισ;;2
επεπαυντο;;2
μαρδοσ;;2
υροιαδησ;;2
ετετακτο;;2
αλωι;;2
ακροπολισ;;2
μηλησ;;2
παλλακη;;2
επιμαχον;;2
κατηλογησε;;2
αμαχον;;2
τετραμμενον;;2
ανεβαινον;;2
ηλωκεσαν;;2
αφωνοσ;;2
πολυ;;2
καταπαυσαντα;;2
συννησασ;;2
ανεβιβασε;;2
πεδηισι;;2
ρυσεται;;2
ζωοντων;;2
ησυχιησ;;2
ονομασαι;;2
προσελθοντασ;;2
σιγην;;2
ειρωτωμενον;;2
παρεχοντων;;2
περιεσχατα;;2
ερμηνεων;;2
δεισαντα;;2
σβεννυναι;;2
εδωρηθη;;2
επικαλεεσθαι;;2
νηνεμιησ;;2
νεφεα;;2
υσαι;;2
στρατευσαμενον;;2
καταστηναι;;2
ειρηνησ;;2
κατεισε;;2
κεραιζοντασ;;2
κοτερον;;2
θαρσεοντα;;2
διαρπαζει;;2
μεταστησαμενοσ;;2
δουλον;;2
δικαιω;;2
ενορεω;;2
επιδοξα;;2
κατασχηι;;2
προσδεκεσθαι;;2
κατισον;;2
υποτιθεσθαι;;2
αινεσασ;;2
υπεθηκατο;;2
δοσιν;;2
υποκρισισ;;2
τιθεντασ;;2
μαντηιοισι;;2
καταπαυσοντα;;2
πεμπτου;;2
προθυμεομενου;;2
ενεδωκαν;;2
εχαρισατο;;2
καιομενωι;;2
ρηθεν;;2
αρχομενοσ;;2
ανηνεικαν;;2
καταστροφην;;2
ισμηνιωι;;2
χρυσεαι;;2
κιονων;;2
ασπισ;;2
απαρχην;;2
ουσιησ;;2
πανταλεων;;2
ιαδοσ;;2
ουσιην;;2
γυγαιη;;2
κοψαμενοι;;2
καπηλοι;;2
κατεστεωσασ;;2
μανεω;;2
διαγειν;;2
παιγνιεων;;2
παιζειν;;2
βιαζεσθαι;;2
εξοδωι;;2
προστασσειν;;2
ενιδρυσασθαι;;2
ονομασθηναι;;2
κατειλε;;2
σεμνουν;;2
απωσαμενοι;;2
ελευθερωθησαν;;2
δικαιωι;;2
δικαστην;;2
αιρεοντο;;2
επαινον;;2
ανακειμενον;;2
αναστατοι;;2
βασιλευεσθαι;;2
καταινεουσι;;2
οικοδομησαι;;2
επιτρεπουσι;;2
ενεστεωτα;;2
μεμηχανηται;;2
κυκλων;;2
συναπαντων;;2
τελευταιωι;;2
θησαυροι;;2
προμαχεωνεσ;;2
μελανεσ;;2
τεταρτου;;2
προμαχεωνασ;;2
καταστησαμενοσ;;2
αισχρον;;2
ορωσι;;2
εκρατυνε;;2
φυλασσων;;2
χαλεποσ;;2
διακρινων;;2
πυνθανοιτο;;2
μεταπεμψαιτο;;2
φραορτησ;;2
απεχρατο;;2
μεμουνωμενοι;;2
διεταξε;;2
μαχομενοισι;;2
ενικησε;;2
περικατημενωι;;2
κολχουσ;;2
αντιασασ;;2
δωροισι;;2
λιτηισι;;2
αναχωρεοντεσ;;2
ασκαλωνι;;2
εκγονοισι;;2
ενεσκηψε;;2
θηλεαν;;2
νοσεειν;;2
ολιγωριησ;;2
αναστατα;;2
μανδανην;;2
ουρησαι;;2
εφοβηθη;;2
ωραιην;;2
τροπου;;2
μανδανησ;;2
απικομενην;;2
φυλασσομενοσ;;2
οικηιον;;2
αρπαγε;;2
ελομενοσ;;2
λαβε;;2
αλλοτε;;2
κακιον;;2
μαινεται;;2
ασφαλεοσ;;2
κυνω;;2
κυνα;;2
αγβατανων;;2
ορεινη;;2
εποραν;;2
οιχομενου;;2
φροντιδι;;2
εωθωσ;;2
προτερη;;2
ωφελον;;2
ημετερουσ;;2
κλαυθμωι;;2
εκπλαγεισ;;2
επιθεμενον;;2
απειλησασ;;2
εμφανεα;;2
θεραποντοσ;;2
προπεμπων;;2
βρεφοσ;;2
λαβομενη;;2
γουνατων;;2
μηδεμιηι;;2
τεχνηι;;2
εκθειναι;;2
τετοκα;;2
περιεων;;2
βουκολωι;;2
κοσμησασ;;2
πιστοτατουσ;;2
παραλαβουσα;;2
εξεφηνε;;2
επαιζε;;2
προστασσων;;2
αρτεμβαρεοσ;;2
περιημεκτεε;;2
ηντησε;;2
αρτεμβαρησ;;2
πεπονθεναι;;2
βλεψασ;;2
ετολμησασ;;2
περισπειν;;2
εποιησα;;2
επιτασσομενα;;2
εκπεμψαι;;2
αρτεμβαρεα;;2
τεκουσαν;;2
παρεδωκα;;2
εβουλευον;;2
ειην;;2
αχρι;;2
ποιησαντοσ;;2
κελευομενα;;2
εθαψα;;2
ιθυν;;2
ενειχε;;2
απηγεετο;;2
ελαφρωι;;2
σωστρα;;2
μελλω;;2
προσκειται;;2
εκπεμπει;;2
συγκυρησαντα;;2
διελων;;2
ετοιμα;;2
βορησ;;2
οραι;;2
γινωσκοι;;2
θηριου;;2
επεθηκε;;2
ετελεωσε;;2
διαταξασ;;2
αρξει;;2
ενια;;2
ονειρατων;;2
οικωι;;2
εχαρη;;2
περιεισ;;2
πομπουσ;;2
πεμψω;;2
ημαρτηκεναι;;2
αινεων;;2
τοκεεσ;;2
ενωρα;;2
πικρου;;2
φυλασσομενων;;2
ποιευντι;;2
απικεο;;2
πεπονθα;;2
αρξεισ;;2
δοκιμων;;2
καταιρεειν;;2
αναπεισει;;2
πασαργαδαι;;2
σαγαρτιοι;;2
συναλισασ;;2
ευωχεε;;2
παρεγυμνου;;2
αναριθμητοι;;2
γινεσθε;;2
ηγημαι;;2
προστατεω;;2
ωπλισε;;2
θεοβλαβησ;;2
ληθην;;2
διαλυθεντοσ;;2
μηδικου;;2
ανεγνωσαν;;2
μετειναι;;2
σκαιοτατον;;2
αδικωτατον;;2
περιεθηκε;;2
δικαιοτερον;;2
περιβαλειν;;2
νικηθεντεσ;;2
καλεοντεσ;;2
αλιλατ;;2
ανακαιουσι;;2
στεμμασι;;2
καλεει;;2
κατευχεται;;2
παρεστεωσ;;2
θεογονιην;;2
αποφερεται;;2
ονον;;2
ολουσ;;2
καμινοισι;;2
πενητεσ;;2
λεπτα;;2
αλεσι;;2
σιτεομενουσ;;2
μεθυσκομενοι;;2
νηφουσι;;2
διαγνοιη;;2
συντυγχανοντεσ;;2
προσαγορευειν;;2
υποδεεστεροσ;;2
κακιστουσ;;2
αρχον;;2
ξεινικα;;2
επιτηδευουσι;;2
κουριδιασ;;2
τοξευειν;;2
τρεφομενοσ;;2
ανηκεστον;;2
ψευδεσθαι;;2
ψευδοσ;;2
λευκην;;2
κατερχεται;;2
λευκασ;;2
σωμασι;;2
γραμμα;;2
εμφανεωσ;;2
μυρμηκασ;;2
ανειμι;;2
αυλητην;;2
εξελευσεσθαι;;2
ψευσθηναι;;2
ορχεομενοι;;2
εκβαινειν;;2
αιολευσι;;2
ανενειχθεντων;;2
καλλιστωι;;2
κλαζομεναι;;2
φωκαια;;2
υπολοιποι;;2
ιαδεσ;;2
οικηνται;;2
ασθενεστατον;;2
ελαχιστου;;2
λογιμον;;2
εδεηθησαν;;2
μηδαμουσ;;2
εξεκληισαν;;2
μετοχησ;;2
τριοπιου;;2
ανατιθεναι;;2
κνιδοσ;;2
εκτην;;2
επεθηκαν;;2
σικυωνοσ;;2
κατεφυγον;;2
ελαχιστη;;2
ορχομενιοι;;2
αναμεμιχαται;;2
καδμειοι;;2
γενναιοτατοι;;2
θυγατρασι;;2
καυκωνασ;;2
απατουρια;;2
κολοφωνιων;;2
αρκτον;;2
αγεσκον;;2
αιολιδεσ;;2
παρελυθη;;2
σμυρνη;;2
εσσωθεντασ;;2
εκπεσοντασ;;2
φυγαδεσ;;2
ξαντεσ;;2
σμυρναιουσ;;2
αποκληισαντεσ;;2
λεσβωι;;2
τενεδωι;;2
οικεεται;;2
λεσβιοισι;;2
εξηγεωνται;;2
περιβαλομενοσ;;2
εσηκουον;;2
ρησιν;;2
κοσοι;;2
πυνθανομενον;;2
εδεισα;;2
πρησι;;2
λυδωι;;2
βακτριον;;2
ουσ;;2
ταβαλον;;2
απεργμενον;;2
παρεχοντεσ;;2
φαινομαι;;2
πεποιηκεναι;;2
ενοεε;;2
αναμαρτητον;;2
εστεωτων;;2
φερω;;2
επετρεψασ;;2
αρηια;;2
οψεαι;;2
πρηθηναι;;2
μεταβουλευσασθαι;;2
υποθηκηι;;2
υπεισ;;2
μηδοσ;;2
χαριεισθαι;;2
επειρωτωσι;;2
ηρακλειδεω;;2
ικετησ;;2
βιαιον;;2
εξαιτεονται;;2
ικετην;;2
ποιεωμεν;;2
ποιευντοσ;;2
αδυτου;;2
αριστοδικον;;2
αμειψασθαι;;2
εκπεμπουσι;;2
μυσιησ;;2
λεσβου;;2
παραδεξαμενοι;;2
αποδεξαι;;2
μαγνησιην;;2
ποιησειε;;2
αδριην;;2
καταδεξαντεσ;;2
προσφιλεεσ;;2
αργανθωνιοσ;;2
περιβαλεσθαι;;2
φωκαιευσι;;2
εξεποιηθη;;2
βουλευσασθαι;;2
βουλευονται;;2
απαγαγειν;;2
κατασπασαντεσ;;2
ερημωθεισαν;;2
κυρνωι;;2
ετετελευτηκεε;;2
στελλομενοι;;2
καταπλωσαντεσ;;2
εξεργαστο;;2
μυδρον;;2
αναφανηναι;;2
υπερημισεασ;;2
οικτοσ;;2
αερθεντεσ;;2
περιοικουσ;;2
τυρσηνοι;;2
νικη;;2
κτησιν;;2
ρηγιον;;2
ελαχον;;2
εξαγαγοντεσ;;2
εκεατο;;2
αγυλλαιοι;;2
ακεσασθαι;;2
εναγιζουσι;;2
φωκαιεων;;2
καταφυγοντεσ;;2
τηιοι;;2
χωματι;;2
τηιων;;2
ηρωσ;;2
ανεχομενοι;;2
εδεδουλωτο;;2
εχειρωσατο;;2
χρησιμωτατην;;2
ενοραν;;2
βουλευτηριον;;2
νομιζεσθαι;;2
επληρουν;;2
λογιμωτατον;;2
λοφουσ;;2
οχανα;;2
ασπισι;;2
ωμοισι;;2
εξανεστησαν;;2
ηπειρωτασ;;2
μετεστι;;2
λυδον;;2
προσκεχωρηκασι;;2
κεχωρισμενοισι;;2
φιλοτητα;;2
ποσιν;;2
πατριοισι;;2
ενδυντεσ;;2
ηβηδον;;2
τυπτοντεσ;;2
ξεινικουσ;;2
τωρχαιον;;2
σαρπηδονα;;2
μιλυαι;;2
τερμιλαι;;2
πανδιονοσ;;2
αστη;;2
δουλωι;;2
παλλακην;;2
ατιμα;;2
εδουλωθησαν;;2
ολιγησ;;2
ροδον;;2
γ;;2
επιοντι;;2
περιοικοισι;;2
τειχισαντεσ;;2
εξαιρεθησαν;;2
αρετασ;;2
καυνον;;2
καταστρεφομενοσ;;2
ονομαστοτατον;;2
περιοδου;;2
βαβυλωνιου;;2
εκεκοσμητο;;2
βαθεα;;2
πλεη;;2
πηχεοσ;;2
δακτυλοισι;;2
αναισιμωθη;;2
ελκυσαντεσ;;2
πλινθουσ;;2
ταρσουσ;;2
καλαμων;;2
επανω;;2
αλληλα;;2
χαλκεαι;;2
απεχουσα;;2
ασφαλτου;;2
ασφαλτοσ;;2
αιμασιη;;2
πλινθων;;2
παρατεινει;;2
κατατετμηται;;2
επικαρσιασ;;2
θωρηξ;;2
ασθενεστερον;;2
πυργοσ;;2
στερεοσ;;2
σταδιου;;2
πυργωι;;2
αναβασισ;;2
εστρωμενη;;2
παρακειται;;2
αμφοτεραι;;2
λυκιησ;;2
οκτακοσιων;;2
θυεται;;2
μεζονοσ;;2
χαλδαιων;;2
επιβουλευσασ;;2
κινεειν;;2
νιτωκρισ;;2
μενα;;2
σκολιον;;2
αρδερικκα;;2
κομιζωνται;;2
ελυτρον;;2
παρατεινουσα;;2
ορωρυκτο;;2
συντομα;;2
επιμπλατο;;2
καταβασισ;;2
ορυχθεν;;2
ανοιξασ;;2
ματα;;2
χοασπεω;;2
πινει;;2
ματιηνοισι;;2
γυνδην;;2
νηυσιπερητον;;2
κατετεινε;;2
εργαζομενου;;2
ηνετο;;2
διετριψαν;;2
εκστρατευσαμενοι;;2
ατρεμιζοντα;;2
προεσαξαντο;;2
εγγινομενου;;2
παραινεσασ;;2
διωρυχι;;2
εσαγαγων;;2
ευφρητεω;;2
προεπυθοντο;;2
κατακληισαντεσ;;2
απροσδοκητου;;2
διαραιρηται;;2
βαβυλωνιη;;2
λοιπη;;2
ασσυριη;;2
αρταβη;;2
μετρον;;2
μυριαι;;2
ανεβαινε;;2
ερσενων;;2
ινδικων;;2
ετρεφετο;;2
ατελεεσ;;2
αρχοντι;;2
διωρυχων;;2
νηυσιπερητοσ;;2
πειραται;;2
συκεην;;2
ενεικηι;;2
εκφερει;;2
σησαμου;;2
δενδρον;;2
εσδυνων;;2
νομεασ;;2
ποιησωνται;;2
περιτεινουσι;;2
πρωιρην;;2
καλαμησ;;2
ωθεει;;2
ονοσ;;2
ζωοσ;;2
πλοιου;;2
αρμενιουσ;;2
ταχεοσ;;2
διφθερεων;;2
λευκον;;2
περιβαλλομενοσ;;2
μιτρηισι;;2
μηλον;;2
αιετοσ;;2
εκαστασ;;2
ωραιαι;;2
αλεασ;;2
ανεκηρυσσε;;2
επιγαμοι;;2
καλλιστευουσασ;;2
θελοι;;2
εξεδιδοσαν;;2
απαγαγεσθαι;;2
καταστησαντα;;2
εκακωθησαν;;2
προσιοντεσ;;2
συμβουλευουσι;;2
παρεξελθειν;;2
θρηνοι;;2
λουνται;;2
επιχωριην;;2
ιζομενην;;2
μιχθηναι;;2
ζευγεων;;2
επεται;;2
απαλλασσεται;;2
τωπο;;2
λαμψεαι;;2
ταχυ;;2
δυναμεναι;;2
εκπλησαι;;2
τετραετεα;;2
ενιαχηι;;2
αλκιμον;;2
οικημενον;;2
παραπλησιασ;;2
παντοιασ;;2
καρπουσ;;2
χειμερινην;;2
εξευρησθαι;;2
επιβαλλομενου;;2
μεθυσκεσθαι;;2
ορχησιν;;2
αοιδην;;2
γυνδησ;;2
διελαβε;;2
τεναγεα;;2
νομιζοντασ;;2
δερμασι;;2
ναυτιλλονται;;2
ιδεησ;;2
γινομενη;;2
ιθυσειε;;2
ζευγνυσ;;2
πεμψασα;;2
σπευδων;;2
τελεομενα;;2
ανεχεο;;2
αφεσ;;2
συναγειρασ;;2
προετιθεε;;2
ποιηι;;2
εναντιην;;2
προκειμενηι;;2
αποτρεψειν;;2
παθηματα;;2
αθανατοσ;;2
φευξονται;;2
αντιθησω;;2
αντιουμενουσ;;2
απηγημενου;;2
περσικων;;2
απαθεεσ;;2
ποιησαντασ;;2
αμαρτω;;2
τρεψονται;;2
εσθεισ;;2
πτερυγασ;;2
επισκιαζειν;;2
επιφερομενα;;2
ελεγχον;;2
προεφαινε;;2
υποθηκασ;;2
απελασαντοσ;;2
αχρηιου;;2
εχειρωσαντο;;2
φορβησ;;2
βασιλειησ;;2
γετεων;;2
σπαργαπισησ;;2
κυρε;;2
εμπιπλαμενοι;;2
μαινεσθε;;2
επομνυμι;;2
κορεσω;;2
δεηθεισ;;2
ελυθη;;2
κρινω;;2
διασταντασ;;2
συνεχεσθαι;;2
ουδετερουσ;;2
ασκον;;2
απωλεσασ;;2
τοξοται;;2
κοσμεονται;;2
χαλινουσ;;2
στομια;;2
απλετοσ;;2
επικοινα;;2
αφθονοι;;2
γαλακτοποται;;2
κασσανδανησ;;2
πατρωιουσ;;2
ενομιζον;;2
ποιμενι;;2
πλησαντα;;2
γαλακτοσ;;2
διαπρησσεσθαι;;2
βεκοσ;;2
αρτον;;2
ματαια;;2
εκταμων;;2
ιρευσι;;2
ηλιοπολιται;;2
λογιωτατοι;;2
εξηγεεσθαι;;2
ανθρωπηια;;2
τοσωιδε;;2
νομισαι;;2
θηβαικου;;2
αναπλοοσ;;2
συνεσιν;;2
επικτητοσ;;2
καταπειρητηριην;;2
οργυιηισι;;2
κασιον;;2
γεωπειναι;;2
παρασαγγηισι;;2
παρασαγγησ;;2
φερουσηι;;2
πισαν;;2
ισασ;;2
τεινον;;2
λιθοτομιαι;;2
επυνθανομην;;2
ηουσ;;2
λιβανωτοφορα;;2
τερματα;;2
τεταμενον;;2
σχοινων;;2
ελεφαντινην;;2
συμβληθηναι;;2
αχελωιου;;2
ακαρνανιησ;;2
πεποιηκε;;2
μυχου;;2
ευρυτατοσ;;2
ρηχιη;;2
χωσθηναι;;2
δηλεεσθαι;;2
ιλυν;;2
αρδεσκε;;2
εινακοσια;;2
υπερβαινει;;2
απονητοτατα;;2
αυτοματοσ;;2
απολιπηι;;2
αρουραν;;2
αμητον;;2
κερκασωρου;;2
πηλουσιον;;2
προιουσησ;;2
ορθη;;2
αποδεικνυμι;;2
λογιζεσθαι;;2
γινοιτ;;2
κιλικιην;;2
καταδουπων;;2
ιθεα;;2
φερομενοσ;;2
ονομαστην;;2
σεβεννυτικον;;2
απιοσ;;2
αχθομενοι;;2
εκατερωθι;;2
εδυνασθην;;2
τροπεων;;2
θερινεων;;2
απερχεται;;2
εγενομην;;2
πεφυκεναι;;2
αυρασ;;2
μνησθηναι;;2
ετησιαι;;2
ωκεανου;;2
μεσων;;2
θερμοτατων;;2
τεκμηρια;;2
οιωι;;2
πνεοντεσ;;2
χιονι;;2
εχιονιζε;;2
τριτα;;2
λεξασ;;2
ποιητεων;;2
ευροντα;;2
ποιησιν;;2
αφανεων;;2
πληθυεσθαι;;2
χειμωνων;;2
πλεονι;;2
αποπεμπεσθαι;;2
υπολειπεσθαι;;2
ξηρον;;2
διεξοδον;;2
διεξιοντα;;2
κατειναι;;2
κατανοεειν;;2
δινασ;;2
οιχεται;;2
ροου;;2
περιρρεει;;2
μητροπολισ;;2
μητροπολιν;;2
ελεφαντινηι;;2
πηλουσιηισι;;2
φρουρησαντασ;;2
ρευματοσ;;2
συμβαλλομενωι;;2
αμμωνιων;;2
συρτιν;;2
ερημων;;2
οψομενουσ;;2
ερημα;;2
μακροτατα;;2
παρηκουσι;;2
πεφυκοτα;;2
μετριων;;2
μεγιστων;;2
ετεαρχου;;2
απονοστησαι;;2
παραρρεοντα;;2
ισων;;2
κελτων;;2
σινωπη;;2
ουρανωι;;2
ετεροιωι;;2
παρεχομενωι;;2
υφαινουσι;;2
εσθιουσι;;2
αναφανδον;;2
ιραται;;2
θηλεησ;;2
κεκαρθαι;;2
ικνεεται;;2
αυξεσθαι;;2
ποιευμενωι;;2
ολυρεων;;2
κοπρον;;2
περισσωσ;;2
χαλκεων;;2
λινεα;;2
καθαροι;;2
βυβλινα;;2
βοεων;;2
χηνεων;;2
διδοται;;2
αμπελινοσ;;2
εψοντεσ;;2
οσπριον;;2
τριχα;;2
μελαιναν;;2
νομιζει;;2
διζηται;;2
θυωσι;;2
ιρηιου;;2
επισπεισαντεσ;;2
σφαξαντεσ;;2
εκβαλλουσι;;2
καταρωνται;;2
θυομενων;;2
γευσεται;;2
αποδειρωσι;;2
κατευξαμενοι;;2
σπλαγχνα;;2
μελιτοσ;;2
θυωματων;;2
μοσχουσ;;2
ιραι;;2
χρησεται;;2
προσιηι;;2
συχναι;;2
βουσι;;2
αποθνηισκοντα;;2
απεχομενοι;;2
αιγων;;2
απεχονται;;2
αποταμοντα;;2
κριου;;2
επιδεξαι;;2
κριοπροσωπον;;2
αποδειραντεσ;;2
θεμενοι;;2
διοσκουρων;;2
δαιμονοσ;;2
αρχαιοσ;;2
κατεσκευασμενον;;2
αναθημασι;;2
στηλαι;;2
σμαραγδου;;2
τυρωι;;2
δισχιλια;;2
απικομην;;2
ορθοτατα;;2
αθανατωι;;2
οσιη;;2
φονευσαι;;2
μενδησιοι;;2
γλυφουσι;;2
νεμουσι;;2
τραγοσ;;2
μενδησ;;2
ιματιοισι;;2
βασ;;2
εγγενεεσ;;2
εσερχονται;;2
πανσεληνωι;;2
γινομενηι;;2
χοιρον;;2
εξευρημενα;;2
πομπην;;2
εφηνε;;2
μελαμποδα;;2
ομοτροπα;;2
νηρηιδων;;2
καβειρων;;2
διεξελθοντοσ;;2
απικομενα;;2
ουνομασι;;2
ησιοδον;;2
διελοντεσ;;2
σημηναντεσ;;2
ιρηιαι;;2
υστερα;;2
αιγυπτιεων;;2
αυδαξασθαι;;2
θεσπρωτουσ;;2
ορνισι;;2
φθεγγεσθαι;;2
ποιευμεναι;;2
πανηγυριζουσι;;2
ισισ;;2
δημητηρ;;2
αειδουσι;;2
κροτεουσι;;2
βαριν;;2
ορταζουσι;;2
αναισιμουται;;2
απαντι;;2
επιλοιπωι;;2
συμφοιτωσι;;2
μετωπα;;2
κοπτονται;;2
συλλεχθεωσι;;2
δωματα;;2
καιεται;;2
πανηγυριν;;2
ελαχε;;2
παπρημι;;2
ευτ;;2
επιτελεοντεσ;;2
ξυλινωι;;2
παιουσι;;2
καρτερη;;2
προπολουσ;;2
νηοισι;;2
αρεστα;;2
ομουροσ;;2
φευγω;;2
σταθμωι;;2
μελεδωνωι;;2
αποτινει;;2
ιβιν;;2
αιελουρουσ;;2
αιελουροι;;2
στεγασ;;2
βουβαστι;;2
ιβισ;;2
αλωπεκων;;2
τετραπουν;;2
ωιου;;2
χαυλιοδοντασ;;2
γναθον;;2
ονυχασ;;2
τροχιλοσ;;2
εκβηι;;2
κροκοδειλοσ;;2
καταπινει;;2
ηδεται;;2
δεδιδαγμενον;;2
εμπροσθιουσ;;2
περιεποντεσ;;2
ταριχευσαντεσ;;2
ηγεομενοι;;2
ωνομασαν;;2
νωτον;;2
χειλεοσ;;2
ζωην;;2
πηλωι;;2
ενυδριεσ;;2
ορνισ;;2
φοινιξ;;2
εμπλασαντα;;2
ωιον;;2
φορεοντα;;2
δηλημονεσ;;2
μικροι;;2
εσβολη;;2
αιγυπτιωι;;2
πετεσθαι;;2
μελαινα;;2
ψιλη;;2
αυχενοσ;;2
εμφερησ;;2
μορφη;;2
πτερωτα;;2
νουσοι;;2
αυηναντεσ;;2
ευδαιμοσι;;2
περιφερει;;2
πηχυαιον;;2
συμποτεων;;2
λινοσ;;2
αοιδιμοσ;;2
αποθωμαζειν;;2
μουνογενεα;;2
τιμηθηναι;;2
νεωτεροι;;2
προσκυνεουσι;;2
ειρινεα;;2
λευκα;;2
παραπλησιον;;2
μετεξετεροισι;;2
ιητρων;;2
ταριχευσιν;;2
ονομαζειν;;2
ομολογησαντεσ;;2
οικημασι;;2
εξαγουσι;;2
οξει;;2
εκκαθηραντεσ;;2
διηθησαντεσ;;2
συρραπτουσι;;2
κρυψαντεσ;;2
ταριχευειν;;2
βυσσινησ;;2
κομμι;;2
ανθρωποειδεα;;2
σκευαζουσι;;2
κεδρου;;2
εδρην;;2
παραδιδουσι;;2
περιστειλαντασ;;2
χεμμισ;;2
ανδριαντεσ;;2
λιθινοι;;2
διπηχυ;;2
ευθενεειν;;2
χλαινασ;;2
επιφαινεσθαι;;2
δαναον;;2
εκπλωσαι;;2
συγγενεασ;;2
ελεσι;;2
συνοικεει;;2
πεδια;;2
κρινεα;;2
αυαινουσι;;2
τρωκτα;;2
λελειμμενον;;2
πηχυν;;2
τρεφομενοι;;2
εσιηι;;2
κυισκεσθαι;;2
αγεληδον;;2
ωιων;;2
κεγχρων;;2
αλωσι;;2
αναπλωοντεσ;;2
αρχηται;;2
πιμπλασθαι;;2
σμικρων;;2
απορρεον;;2
βαρεαν;;2
μεμηχανημενα;;2
εκτηται;;2
εσδυσ;;2
ιματιωι;;2
ακανθησ;;2
λωτωι;;2
διπηχεα;;2
συντιθεισι;;2
ναυπηγεομενοι;;2
ιστιοισι;;2
μυρικησ;;2
πεποιημενη;;2
θυρη;;2
υπερεχουσαι;;2
αιγαιωι;;2
αναπλεοντι;;2
προσεσται;;2
φυλακηισι;;2
ρηξασ;;2
μεμφισ;;2
αξιαπηγητοτατον;;2
τοσαυτηισι;;2
βαβυλωνιηι;;2
τιμωρεουσαν;;2
απεδοσαν;;2
μεταιτιουσ;;2
σποδου;;2
αποδεξιν;;2
πατρησ;;2
οτεων;;2
επιστρεψασ;;2
μοριον;;2
οικητορασ;;2
αχθεσθεντεσ;;2
μεμαθηκεναι;;2
παρθενιον;;2
μακρωνεσ;;2
αστυγειτονεσ;;2
περιταμνομενοι;;2
επιγινομενων;;2
ιστα;;2
ενεοντα;;2
πετρηισι;;2
εφεσιησ;;2
εγγεγλυπται;;2
αιθιοπιδα;;2
διηκει;;2
γεφυρωσαι;;2
νοστησασ;;2
επηγαγετο;;2
αιτιαι;;2
διωρυχεσ;;2
εκτηντο;;2
λιθινουσ;;2
ιρευσ;;2
περιειδε;;2
πεποιησθαι;;2
συνενειχθηναι;;2
μεγιστου;;2
μεσασ;;2
πρωτησ;;2
ανεβλεψε;;2
αποφυγων;;2
οβελουσ;;2
εσκευασμενον;;2
περιοικεουσι;;2
πρωτεοσ;;2
επικαλεεται;;2
ιστορεοντι;;2
πνευματα;;2
αψασθαι;;2
αδικιην;;2
ανοσιον;;2
απενειχθεισ;;2
εκπλεειν;;2
ανοσια;;2
συλλαβοντεσ;;2
ειδεω;;2
κατισχει;;2
ανακομισθεντων;;2
απηγησατο;;2
εκφαινει;;2
κακιστε;;2
ξεινιων;;2
τυχων;;2
ηρκεσε;;2
ελληνι;;2
εθεληι;;2
περιεψεσθαι;;2
μετηκε;;2
επισταιτο;;2
πλανην;;2
απηνειχθη;;2
επιμεμνηται;;2
εσθλα;;2
αρουρα;;2
λυγρα;;2
συριη;;2
ομηρου;;2
κυπρια;;2
κυπριοισι;;2
τριταιοσ;;2
πνευματι;;2
χαιρετω;;2
ματαιον;;2
ιστοριηισι;;2
τευκρουσ;;2
αποστελλουσι;;2
αναπλωσασ;;2
εντομα;;2
λεχθεντι;;2
πριαμοσ;;2
ελενηι;;2
απεθνηισκον;;2
συμβαινοντων;;2
αποφαινομαι;;2
τιμωριαι;;2
ραμψινιτον;;2
προπυλαιων;;2
λιθινον;;2
τοιχου;;2
προορεων;;2
μακρην;;2
επελθοντασ;;2
στησαι;;2
ελθοντων;;2
παγηι;;2
κακεινον;;2
εκπεπληχθαι;;2
ποιευμενην;;2
ασκουσ;;2
φυλασσοντασ;;2
κρεμαμενον;;2
συγκομιζειν;;2
κερδει;;2
εξελασαι;;2
επιδουναι;;2
διανοεεσθαι;;2
δαψιλει;;2
υπνου;;2
δεξιασ;;2
επιθεντα;;2
προσταχθεντα;;2
απηγγελθη;;2
ευρεθηναι;;2
σοφωτατον;;2
καταμεθυσασ;;2
σκοτει;;2
εσσουσθαι;;2
χειρωμακτρον;;2
ραμψινιτου;;2
αυτημερον;;2
απεχον;;2
πιθανα;;2
ζωιον;;2
ιδιωι;;2
ελασαι;;2
κατακληισαντα;;2
λιθοτομιεων;;2
αραβιωι;;2
εγγενεσθαι;;2
πυραμιδοσ;;2
υψηλοτατη;;2
ξεστου;;2
ζωιων;;2
εγγεγλυμμενων;;2
πυραμιδι;;2
αρμοσμενου;;2
εποιηθη;;2
πυραμισ;;2
χαμαθεν;;2
λελεχθω;;2
εξεποιησαν;;2
κρομμυα;;2
σκοροδα;;2
εργαζομενοισι;;2
εξακοσια;;2
κοσα;;2
οικοδομεον;;2
εταμνον;;2
μνημηιον;;2
χεφρηνα;;2
ανηκουσαν;;2
ρεουσα;;2
δομον;;2
εχομενην;;2
υψηλου;;2
ανοιξαι;;2
ανειναι;;2
δικησ;;2
ηπιωι;;2
αποθανουσαν;;2
τεκνον;;2
καταχρυσωσαντα;;2
φανερη;;2
οικηματι;;2
εικονεσ;;2
μυκερινου;;2
εμιγη;;2
κερεων;;2
εκφερουσι;;2
δεηθηναι;;2
βιουσ;;2
ευσεβησ;;2
συνταχυνειν;;2
αλσεα;;2
κατελιπετο;;2
πλεθρων;;2
αισωπου;;2
λογοποιου;;2
ανειλετο;;2
κομισαντοσ;;2
μυτιληναιου;;2
δεκατη;;2
συννενεαται;;2
προτερησ;;2
ενεχυρον;;2
κρατεειν;;2
κοντωι;;2
πηλου;;2
συλλεγοντεσ;;2
ανυσιοσ;;2
σαβακων;;2
ετερεων;;2
ηδονη;;2
βουβαστισ;;2
αρτεμισ;;2
τυποισι;;2
εσκευαδαται;;2
αξιοισι;;2
απαλλαγησ;;2
συλλεξαντα;;2
διαταμειν;;2
αιθιοπιηι;;2
εξηιε;;2
σποδον;;2
μαχιμουσ;;2
δεησομενον;;2
δεδοσθαι;;2
εξαιρετουσ;;2
πεισεται;;2
καπηλουσ;;2
γενεαι;;2
δυνεαται;;2
γενεων;;2
μυριοισι;;2
τριηκοσιοισι;;2
τετρακισ;;2
εκαταιωι;;2
αναδησαντι;;2
πατριην;;2
εκκαιδεκατον;;2
γενεηλογησαντι;;2
εσαγαγοντεσ;;2
ισται;;2
αντεγενεηλογησαν;;2
πιρωμιν;;2
πιρωμιοσ;;2
ηρωα;;2
απαλλαγμενουσ;;2
δευτερων;;2
πανι;;2
ελαχιστα;;2
λογιζομενοι;;2
σεμελησ;;2
πηνελοπησ;;2
τρωικων;;2
ηνεικε;;2
γενεσιν;;2
ελευθερωθεντεσ;;2
σπεισαντα;;2
λαβυρινθον;;2
φανειη;;2
μεζονεσ;;2
λαβυρινθοσ;;2
συνεχεεσ;;2
τοιχοσ;;2
διπλα;;2
δεικνυναι;;2
εξοδοι;;2
διεξιουσι;;2
λιθινη;;2
τυπων;;2
ισοι;;2
βαθυτατη;;2
τοσ;;2
σταδιον;;2
καταβαλλει;;2
εφρασαν;;2
θησαυροισι;;2
σταθμουμενοι;;2
εξεφορεον;;2
περιελομενοσ;;2
χαλκεην;;2
υπεσχε;;2
φρενι;;2
απαλλαχθη;;2
κατηγαγον;;2
σαιτεω;;2
απιστιη;;2
υπεκεχυτο;;2
αναγκαιη;;2
οπλισθεντασ;;2
αγγελλει;;2
πειθει;;2
επαφοσ;;2
παρεβαλε;;2
ολκοι;;2
ερειπια;;2
ωνομασται;;2
πεποιημενοσ;;2
βαθεηι;;2
πλωτη;;2
πλωτηι;;2
τροφον;;2
προσκατημενοσ;;2
πολιορκεομενη;;2
ελαστρεομενασ;;2
ορωρυκται;;2
διασφαγασ;;2
κασιου;;2
νεκω;;2
ομογλωσσουσ;;2
στρατηιασ;;2
συριοισι;;2
δικαιοτατα;;2
σοφωτατουσ;;2
επεξευρειν;;2
ηλειουσ;;2
αδικεοντεσ;;2
ψαμμιοσ;;2
μεταυτικα;;2
κυρηναιουσ;;2
φαινομενον;;2
φθορη;;2
αρχοι;;2
βασιληιηι;;2
παταρβημισ;;2
παταρβημιν;;2
παρασκευαζεται;;2
μεμψεσθαι;;2
παρασκευαζομενον;;2
περιθυμωσ;;2
κυβερνηται;;2
καλασιριεσ;;2
ερμοτυβιων;;2
εξαραιρημενα;;2
περιτροπηι;;2
εδιδοτο;;2
ποιοι;;2
εχθιστον;;2
δαπανηι;;2
θηκη;;2
εχομεναι;;2
ευστομα;;2
κεισθω;;2
επιφανεοσ;;2
προσηγαγετο;;2
σεβεσθαι;;2
δημοτησ;;2
ματαιοσ;;2
αγαν;;2
εχρην;;2
δεωνται;;2
καταστασισ;;2
ηλισκετο;;2
επεμελετο;;2
επισκευην;;2
κατεδησαν;;2
εκομισε;;2
δισχιλιοι;;2
πηχεεσ;;2
αρχιτεκτονα;;2
ενθυμιον;;2
ελκυσαι;;2
υπτιον;;2
εκατεροσ;;2
μετεξετερουσ;;2
αυτοσε;;2
ελληνιον;;2
μεταποιευνται;;2
μετεον;;2
ναυκρατισ;;2
κατεκαη;;2
επεβαλλε;;2
εδικαιωσε;;2
λαδικην;;2
μηχοσ;;2
εμιχθη;;2
τεταγμενον;;2
ξυλινασ;;2
απεδιδρησκον;;2
αποσπασασ;;2
ιητρον;;2
συμβουλιηι;;2
εκλογιζομενοσ;;2
νοθον;;2
συγγενεεσ;;2
τοιγαρ;;2
μητερ;;2
θησω;;2
ατρεκεστατα;;2
μεταδιωκει;;2
παραινεων;;2
καδυτιοσ;;2
εμπορια;;2
κεραμοσ;;2
εσαγεται;;2
ασφαλειησ;;2
επικαλεει;;2
αστον;;2
ρηθηναι;;2
υπομενων;;2
αναρσιον;;2
εταφη;;2
υσθησαν;;2
οστεων;;2
κεχυμενων;;2
ψηφωι;;2
οστεον;;2
ιδοιτο;;2
ασθενεασ;;2
τιαρασ;;2
αχαιμενει;;2
λιβυοσ;;2
κατειληθεντων;;2
προσεχεεσ;;2
διεσπειρε;;2
δεκατηι;;2
κατισασ;;2
στειλασ;;2
συνεπεμπε;;2
απολεξασ;;2
παρηισαν;;2
αυχενασ;;2
δεδεμενουσ;;2
απολομενοισι;;2
δικασται;;2
περικατημενων;;2
εταιρον;;2
ειρωται;;2
εταιρου;;2
δακρυων;;2
εκπεσων;;2
ειρησθαι;;2
απολλυμενων;;2
σωιζειν;;2
μετιοντεσ;;2
κατακοπεντα;;2
αναστησαντεσ;;2
επιτροπευειν;;2
αποδιδουσι;;2
εντελλομενοσ;;2
κατακαιειν;;2
νεμειν;;2
ευλεων;;2
εβουλευσατο;;2
νοτιηι;;2
βουλευομενωι;;2
λειμων;;2
εδεδωκεσαν;;2
ηρτητο;;2
στρεπτον;;2
περιαυχενιον;;2
κρινωσι;;2
ισχυν;;2
κατοπται;;2
ηκετε;;2
προσκτασθαι;;2
ειποντων;;2
ποματι;;2
θωμαζειν;;2
σιτεομενοι;;2
ξυλον;;2
απαλλασσομενων;;2
δεσμωτηριον;;2
τιμιωτατον;;2
υαλου;;2
πεποιημενην;;2
ορυσσεται;;2
στηληι;;2
απαγγειλαντων;;2
κατεσθιομενα;;2
φυλησ;;2
λεγομενοι;;2
ουδενεσ;;2
ενοστησαν;;2
οασιοσ;;2
απιγμενου;;2
θαλιηισι;;2
πρηξαντοσ;;2
λησειν;;2
μοσχοσ;;2
μελασ;;2
υπομαργοτεροσ;;2
σπασαμενοσ;;2
χαιροντεσ;;2
διελελυτο;;2
εμανη;;2
βασιληιωι;;2
πιστοτατοσ;;2
καταποντωσαι;;2
επισπομενην;;2
αδελφεη;;2
αδελφεηι;;2
αποθανωσι;;2
ανακειται;;2
εξευρηκεναι;;2
γαμεειν;;2
αδελφεασ;;2
σκυλακοσ;;2
θριδακα;;2
δασεαν;;2
εξεμανη;;2
γενετησ;;2
σμικρη;;2
πλεονωσ;;2
προσκεισθαι;;2
προσκειμενον;;2
αληθεεσ;;2
αμειβοντο;;2
κρισι;;2
επαινεε;;2
κρισιν;;2
παραφρονεουσι;;2
προθυροισι;;2
πεσοντοσ;;2
γελασαντα;;2
φρενηρεα;;2
δειμαινοντα;;2
αξιοχρεωι;;2
κτεινεισ;;2
ποιηισ;;2
αποστησονται;;2
φαινων;;2
συνεβουλευσασ;;2
ωλεσασ;;2
εδεομην;;2
εκφηναντεσ;;2
επηγγελλοντο;;2
περιειη;;2
κατεγελασε;;2
θεμιτον;;2
καταγελαν;;2
εκλεξασθαι;;2
μαινομενον;;2
χρηματι;;2
δασαμενοσ;;2
εξελασασ;;2
δεκομενοσ;;2
ηυξετο;;2
φιλωι;;2
αποδιδουσ;;2
δεδεμενοι;;2
ωρυξαν;;2
επεστειλε;;2
προρριζοσ;;2
φροντισασ;;2
ευρηισ;;2
απολομενωι;;2
κειμηλιων;;2
αποβαλειν;;2
αναγαγειν;;2
αλιευσ;;2
ταμνοντεσ;;2
ευρεθη;;2
γραφει;;2
διαλυεσθαι;;2
κυδωνιην;;2
επιλεξασ;;2
υπωπτευε;;2
τριηρεσι;;2
απεβησαν;;2
νικησαι;;2
ικανοι;;2
παραστησασθαι;;2
κατασταντεσ;;2
λεχθεντα;;2
θυλακον;;2
ευεργεσιασ;;2
εβοηθησαν;;2
μεσσηνιουσ;;2
τιμω;;2
εκτομηι;;2
απηγαγον;;2
κερκυραιουσ;;2
ατασθαλον;;2
μελισσαν;;2
μελισσησ;;2
μητροπατωρ;;2
προκλεησ;;2
απεπεμπετο;;2
λυκοφρων;;2
αποστελλων;;2
αναμνησθεισ;;2
μαλακον;;2
ενδιδοναι;;2
δεξαμενοισι;;2
εταιρων;;2
διαλεγεσθαι;;2
πρησσεισ;;2
επιτηδεον;;2
ευδαιμονοσ;;2
ειλεο;;2
υποψιην;;2
απορον;;2
πενθερον;;2
επιδαυρον;;2
συνεγινωσκετο;;2
πρεσβυτερωι;;2
ηξιωσε;;2
νεηνιεω;;2
διδαχθεισα;;2
καταινεσαντοσ;;2
εστελλετο;;2
ετιμωρεετο;;2
πυργου;;2
αρχιηι;;2
αιρεθη;;2
αρχιησ;;2
αρχιεω;;2
αριστευσασ;;2
πολιορκεουσι;;2
επιχωριον;;2
σιφνον;;2
ηκμαζε;;2
διενεμοντο;;2
ερυθρον;;2
σιφνιοισι;;2
απιγμενων;;2
επορθεον;;2
επρηξαν;;2
εμειναν;;2
εμηκυνα;;2
κατωθεν;;2
αγομενον;;2
εξεργασται;;2
επιχωριοσ;;2
μελεδωνον;;2
βουλευσασ;;2
οικωσ;;2
πατιζειθησ;;2
προσδεκεο;;2
επαναστησεσθαι;;2
αληθειη;;2
απεκλαιε;;2
περιημεκτησασ;;2
αναθρωισκει;;2
μηδικοισι;;2
γηραιοσ;;2
λογιμωτατουσ;;2
ταχυτερα;;2
σοφωτερα;;2
αχαιμενιδεων;;2
κτησαμενοι;;2
σθενει;;2
ανασωσασθαι;;2
ποιμναι;;2
τικτοιεν;;2
επιγενεσθαι;;2
αφθονωι;;2
διεχρεωντο;;2
απηνεικε;;2
απαιδα;;2
διαβοληι;;2
ασφαλεσ;;2
στρατηιησ;;2
υποπτευσασ;;2
ατοσσηι;;2
γεγονυιαν;;2
χαιροντα;;2
μαθηισ;;2
ασπαθινην;;2
γωβρυην;;2
επιτηδεοτατουσ;;2
προσεταιρισασθαι;;2
μεγαβυζον;;2
επιχειρησιν;;2
βαλλομενοι;;2
μα;;2
γον;;2
εαισ;;2
παριμεν;;2
οιδασ;;2
παρελθειν;;2
αρτι;;2
μελλωσι;;2
ψευδεσι;;2
κερδησεσθαι;;2
αληθησ;;2
αντιβαινειν;;2
αινεον;;2
επεπονθεε;;2
πιστι;;2
αποδεξαμενου;;2
αγορευειν;;2
αχαιμενεοσ;;2
αποκτεινειε;;2
οιδεοντων;;2
δεδογμενα;;2
ευνουχοισι;;2
ιστορεοντεσ;;2
παρηκαν;;2
διακελευσαμενοι;;2
ευνουχουσ;;2
τεθορυβημενουσ;;2
επεστεωσ;;2
αργον;;2
επεστεωτα;;2
ωσε;;2
αδυνασιησ;;2
ελεχθησαν;;2
καταθειναι;;2
μουναρχον;;2
υβρι;;2
αχθεται;;2
εσεφερε;;2
ολιγαρχιηι;;2
ολιγαρχιησ;;2
επιτροπευοι;;2
συγκυψαντεσ;;2
θωμαζεται;;2
θωμαζομενοσ;;2
κρατιστον;;2
περιστελλειν;;2
προσεθεντο;;2
επιτρεψαντων;;2
μηχανηι;;2
εθελω;;2
συνεχωρεον;;2
οικιη;;2
τυγχανηι;;2
φθεγξηται;;2
σχωμεν;;2
αναβαλλεσθαι;;2
κατεδησε;;2
επηκε;;2
διαφωσκουσηι;;2
παροιχομενησ;;2
βροντη;;2
επιγενομενα;;2
προσεκυνεον;;2
οιβαρεα;;2
αρθρων;;2
παρεντεσ;;2
αεκοντων;;2
γαμουσ;;2
ατοσσαν;;2
αρτυστωνην;;2
κατεστησατο;;2
εταξατο;;2
φορουσ;;2
προσιεναι;;2
νεμων;;2
φορων;;2
απαγινεουσι;;2
ευβοικον;;2
εσπλεοντι;;2
μαριανδυνων;;2
ποσιδηιου;;2
οικισε;;2
παλαιστινη;;2
βαρκησ;;2
δυοκαιδεκα;;2
λευκωι;;2
κατοικημενοισι;;2
γανδαριοι;;2
δαδικαι;;2
κισσιων;;2
εινατοσ;;2
παρικανιων;;2
ενδεκατοσ;;2
θαμαναιων;;2
ουτιων;;2
μυκων;;2
κατοικιζει;;2
παρθοι;;2
χορασμιοι;;2
σογδοι;;2
συμβαλλομενον;;2
συντιθεμενον;;2
απιεισ;;2
δασμοφοροσ;;2
προσουροι;;2
πλησιοχωροι;;2
συναμφοτεροι;;2
χοινικασ;;2
ταξαμενοι;;2
καυκασιοσ;;2
πεντετηριδοσ;;2
εκομιζον;;2
ινδικησ;;2
ερημιη;;2
καλαμου;;2
τροποσ;;2
αυτοματον;;2
εψουσι;;2
απιενται;;2
υπηκουσαν;;2
οικησιν;;2
επιτηδευσασ;;2
ταχυτητα;;2
καμηλοσ;;2
ζευξι;;2
ελαυνουσι;;2
καιει;;2
ψυχει;;2
θεειν;;2
επελκομενουσ;;2
ορυσσομενοσ;;2
ωρασ;;2
νησαιων;;2
προφεροντα;;2
αραβιη;;2
ληδανον;;2
λιβανωτον;;2
συλλεγουσι;;2
θυμιωντεσ;;2
θειου;;2
σχετλια;;2
λαγοσ;;2
μητρασ;;2
οξυτατουσ;;2
υγιεσ;;2
εχιδναι;;2
ερσην;;2
τικτουσι;;2
αθροοι;;2
νεοσσιασ;;2
αραβιουσ;;2
διαταμοντασ;;2
συλλεγειν;;2
χρησιμον;;2
ουρασ;;2
ελκεα;;2
επισταται;;2
εκδιδοντα;;2
ηλεκτρον;;2
κασσιτεροσ;;2
φοιται;;2
κατηγορεει;;2
αυτοπτεω;;2
γρυπων;;2
παρθων;;2
διαλελαμμενοσ;;2
εξηλυσιν;;2
ανοιγειν;;2
αγγελου;;2
περιωρων;;2
εδησε;;2
αρρωδησασ;;2
μεταπεμπομενοσ;;2
συνεπαινοι;;2
κεινοισι;;2
δασ;;2
οικηιουσ;;2
συγγενεων;;2
υπεκρινετο;;2
αιρεομαι;;2
χρεωμενη;;2
δασκυλειωι;;2
οπλιτηισι;;2
τυραννευει;;2
αλγησαντα;;2
συντυχιη;;2
διφασιαι;;2
οικημενηι;;2
ανθρωπηιησ;;2
γενεησ;;2
αποδεξω;;2
κατασκοπον;;2
λαρνακασ;;2
καταδησασ;;2
απονοστησηι;;2
ανεσταυρωσε;;2
τισιεσ;;2
μετηλθον;;2
ταραχηι;;2
εκτεινε;;2
ωνειδισε;;2
μιτροβατεω;;2
δοκιμουσ;;2
αγγελιηφορον;;2
δοκιμωτατουσ;;2
αγαγοι;;2
αρτοντεω;;2
λαχων;;2
γραμματιστηι;;2
υπαρχοι;;2
πειθομενουσ;;2
θαρσησασ;;2
ακινακασ;;2
στρεβλουντεσ;;2
βιωμενοι;;2
εξευρον;;2
ανδραποδοισι;;2
απημελημενον;;2
παρηγον;;2
σταθεντα;;2
εκφηνασ;;2
προσαγων;;2
λαγχανειν;;2
πεδεων;;2
ζευγεσι;;2
ευνουχοι;;2
εδωρεετο;;2
επομενοσ;;2
ωμιλησε;;2
απολιπων;;2
υπερεβαλετο;;2
ιητρουσ;;2
μισθουνται;;2
ομοτραπεζοσ;;2
ανασκολοπιεισθαι;;2
παραιτησαμενοσ;;2
επισπομενον;;2
εφυ;;2
εξορκοι;;2
αποδεικνυμενον;;2
διδαχησ;;2
δεξαι;;2
κατηγησασθαι;;2
απαξουσι;;2
ολκαδα;;2
αποστελλει;;2
φοινικην;;2
επληρωσαν;;2
γαυλον;;2
νοι;;2
εθηευντο;;2
απεγραφοντο;;2
αριστοφιλιδησ;;2
αγοραζοντα;;2
κροτωνιητεων;;2
καταρρωδεοντεσ;;2
περσικα;;2
προισχομενουσ;;2
ανδραποδιζεσθαι;;2
κροτωνιητασ;;2
αναγομενοισι;;2
μιλωνοσ;;2
ιηπυγιην;;2
γιλλοσ;;2
φυγασ;;2
πλεηι;;2
ταραντινοισι;;2
ταραντινουσ;;2
αδυνατοι;;2
χλανιδα;;2
χλανιδοσ;;2
προσελθων;;2
επανεστησαν;;2
προθυρα;;2
παρηγε;;2
ανασωσαμενοσ;;2
ημετεροσ;;2
επιτροπαιην;;2
δικαιοτατωι;;2
ελευθεριου;;2
ιδρυσατο;;2
εμεωυτωι;;2
ανεχωρησε;;2
λυκαρητοσ;;2
καταγοντεσ;;2
υποσπονδοι;;2
εκχωρησαι;;2
μαιανδριωι;;2
εδεδετο;;2
γοργυρησ;;2
αχθη;;2
αδικησαντα;;2
φθονησασ;;2
απονητι;;2
εκπλεει;;2
αναπετασασ;;2
εμπεσοντεσ;;2
επεβοηθεε;;2
πεπονθοτασ;;2
εντολεων;;2
παρηγγειλε;;2
υπακουσαντεσ;;2
ελανθανον;;2
λοιπασ;;2
απαλλασσεσθε;;2
κατελοντων;;2
ημιονων;;2
ιδουσι;;2
υποχειριην;;2
αποταμων;;2
αισχιστωι;;2
εθεο;;2
ανηκεστωσ;;2
φρενων;;2
τευξεσθαι;;2
εγχειριδιων;;2
βηλιδασ;;2
κισσιασ;;2
αυτομολοσ;;2
ηκοι;;2
ποροσ;;2
αλωσιοσ;;2
επισταμαι;;2
διεξοδουσ;;2
κυκλωσαμενοσ;;2
ταξαι;;2
υπηρετεειν;;2
διαλιπων;;2
συγκειμενασ;;2
ζωπυρον;;2
αινεοντεσ;;2
συγκειμενα;;2
δολον;;2
προσβαλλουσαν;;2
προδεδομενοι;;2
κορυφαιουσ;;2
τιμιωτατα;;2
επεδωκε;;2
εστρατηγησε;;2
ανθεουσησ;;2
πονοσ;;2
απησαν;;2
φλεβασ;;2
τυφλουσ;;2
κατιουσι;;2
κατατεινουσαν;;2
εσβαλλειν;;2
αντικατιζομενοι;;2
δυναμενων;;2
δουλοισι;;2
ελασσονων;;2
συνηγειρε;;2
ταργιταον;;2
ταργιταου;;2
κολαξαιν;;2
φερομενα;;2
ποιηματα;;2
σαγαριν;;2
υπαιθριοσ;;2
φυλασσεσθαι;;2
ερημην;;2
ανατολεων;;2
κατυπνωσαι;;2
νεμομενασ;;2
αντρωι;;2
αποδωσειν;;2
απικομενασ;;2
εντελλομαι;;2
ζωστηρα;;2
αγαθυρσον;;2
γελωνον;;2
επιστολησ;;2
γειναμενησ;;2
σκυθεω;;2
φιαλησ;;2
τυρην;;2
δηλοσ;;2
εξοδον;;2
πορθμηια;;2
κιμμεριοσ;;2
φυγοντεσ;;2
οικηται;;2
διωξαντεσ;;2
αμαρτοντεσ;;2
τραφθεντεσ;;2
προκοννησιοσ;;2
χρυσοφυλακασ;;2
γρυπασ;;2
αρξαντων;;2
αριμασπων;;2
λεξω;;2
κναφηιον;;2
προσηκοντασ;;2
προσφορα;;2
φανεντα;;2
προκοννησον;;2
διηκοσιοισι;;2
μεταποντινοι;;2
πειθομενοισι;;2
καλλιπιδαι;;2
αλαζωνων;;2
υπανι;;2
γεωργων;;2
γερρου;;2
καλεομενα;;2
λιμναι;;2
αγριων;;2
ημερων;;2
υπεροικεουσι;;2
αποκλινοντι;;2
απηλιωτην;;2
θυσσαγεται;;2
δενδρεον;;2
καταλεχθεισα;;2
τρηχεα;;2
τρηχεησ;;2
φαλακροι;;2
δενδρεωι;;2
κυαμωι;;2
λειχουσι;;2
παχυτητοσ;;2
οπλον;;2
διαφορασ;;2
αδικεεται;;2
εμποριων;;2
αβατα;;2
υπερβαντι;;2
επετειουσ;;2
αμφιλαφεεσ;;2
σεισμοσ;;2
φυειν;;2
θερμοισι;;2
παραγινεσθαι;;2
χιονα;;2
ενδεδεμενα;;2
καλαμηι;;2
προπεμπομενα;;2
καρυστιουσ;;2
τηνον;;2
τηνιουσ;;2
αποδεκεσθαι;;2
κελευοντασ;;2
δηλιων;;2
ελαιη;;2
οικητορων;;2
ωλην;;2
λυκιοσ;;2
σιτεομενοσ;;2
φασισ;;2
αρξαμενη;;2
ακτηι;;2
ληγει;;2
διουρισαντων;;2
ευρεοσ;;2
διεχουσαν;;2
φθινοπωρον;;2
καμψαντεσ;;2
σατασπησ;;2
σατασπεοσ;;2
ακρωτηριον;;2
μησι;;2
φευγεσκον;;2
καταλειποντεσ;;2
επιτιμεων;;2
εξευρεθη;;2
επιστευε;;2
τριηκοστωι;;2
παρεχομενη;;2
προμηθεοσ;;2
θεμενοσ;;2
ανωνυμοσ;;2
ετεραι;;2
αναχαρσιοσ;;2
ιπποτοξοται;;2
αποροι;;2
υπακυρισ;;2
τιαραντοσ;;2
αραροσ;;2
ναπαρισ;;2
ορδησσοσ;;2
λεχθεισ;;2
ατλασ;;2
αρτανησ;;2
δεκεται;;2
εκδιδουσα;;2
θερει;;2
αντιτιθεμενα;;2
νευριδα;;2
υπανιοσ;;2
ανατελλων;;2
πικρη;;2
κιρναι;;2
αροτηρων;;2
εξαμπαιοσ;;2
πολυαρκεστατοσ;;2
ημετερασ;;2
σκυθικων;;2
ποιη;;2
πηγνυνται;;2
εκδιδουσ;;2
βορυσθενειται;;2
βορυσθενει;;2
δεξιην;;2
αχιλληιον;;2
απεσχισται;;2
τανεκαθεν;;2
σαυροματασ;;2
ιστιην;;2
ιστιη;;2
ποσειδεων;;2
εβαλε;;2
αποπνιγει;;2
εψησιν;;2
τυχωσι;;2
λεβητασ;;2
ιρηιων;;2
γαστερασ;;2
σπλαγχνων;;2
απεδον;;2
ακινακηι;;2
καταχεουσι;;2
ιεισι;;2
χαλινων;;2
ωμοβοεην;;2
προσεθηκαντο;;2
κατεργασμενον;;2
γευονται;;2
ομνυναι;;2
μαντικηι;;2
απολυσωσι;;2
δησαντεσ;;2
ποιεωνται;;2
κυλικα;;2
συμμισγουσι;;2
γερροισι;;2
αμαξηι;;2
ωτοσ;;2
κομιζοντεσ;;2
ευρυχωριηι;;2
θεραποντων;;2
αψιδοσ;;2
στησαντεσ;;2
αναβιβαζουσι;;2
εμβαλοντεσ;;2
ειρινεουσ;;2
διαφανεασ;;2
πιλων;;2
κανναβισ;;2
κανναβιοσ;;2
ελληνικη;;2
ξεινικοισι;;2
σκυληι;;2
κυζικηνουσ;;2
μεγαλοπρεπεωσ;;2
υγιησ;;2
καταδυσ;;2
αναχαρσιν;;2
αριαπειθεοσ;;2
πατρων;;2
σπαργαπειθεοσ;;2
ιστω;;2
αποπεμφθεισ;;2
αριαπειθει;;2
επιχωριησ;;2
οποιη;;2
ηρεσκετο;;2
παιδευσιοσ;;2
βακχειωι;;2
εστασαν;;2
εναγει;;2
λαμβανει;;2
υμετερον;;2
λελαβηκε;;2
παρηιε;;2
οκταμασαδην;;2
τηρεω;;2
ηντιασαν;;2
συναψειν;;2
σκυλην;;2
σιταλκεω;;2
καταινεει;;2
διαφορουσ;;2
απεφαινον;;2
αρδιων;;2
θρηικιον;;2
συμβουλευων;;2
παρεσκευαστο;;2
στρατευομενων;;2
καταλειφθηναι;;2
οιοβαζου;;2
ελειποντο;;2
εζευκτο;;2
κυανεασ;;2
ελλησ;;2
αιγαιον;;2
μεμετρηται;;2
νυκτων;;2
ευρυτατον;;2
εκδιδουσαν;;2
εθεησατο;;2
ιππευσι;;2
εξακοσιαι;;2
βυζαντιοι;;2
κομισαντεσ;;2
βυζαντιωι;;2
πλεοσ;;2
βυζαντιου;;2
μανδροκλεα;;2
διαβαινοντα;;2
επιγραψασ;;2
γεφυρωσασ;;2
περιμενειν;;2
ελλησποντιοι;;2
τεαρου;;2
εστρατοπεδευσατο;;2
τεαροσ;;2
ακεσιν;;2
γετασ;;2
τραπομενοι;;2
ριπτεουσι;;2
ζωοντι;;2
δουλευσαι;;2
ομιλησαντα;;2
καταγαιον;;2
σαλμοξισ;;2
κωησ;;2
ερξανδρου;;2
μελλεισ;;2
οικεομενη;;2
δυνωμεθα;;2
παθωμεν;;2
πορευομενον;;2
σημανεων;;2
νεμοιατο;;2
ταυρικη;;2
ορθια;;2
τοσουτων;;2
γελωνων;;2
επαναχθεντεσ;;2
σκυθικοισι;;2
γλαυκον;;2
οικιαι;;2
ξυλινοισι;;2
κηπουσ;;2
παντοιηισι;;2
σισυρνασ;;2
αμαζονων;;2
κυμα;;2
οδοιπορεον;;2
συνηκαν;;2
δυναιμεθα;;2
γυναικηια;;2
οικεωμεν;;2
σαυρομαται;;2
βασι;;2
περιιδητε;;2
διαφθαρεντασ;;2
απεχεσθαι;;2
εστρατηλατεε;;2
εδηλου;;2
επαγγελλομενων;;2
υπεδεκοντο;;2
τιμωρησειν;;2
εατε;;2
δεεσθε;;2
επιηι;;2
μενεομεν;;2
υπεξιοντεσ;;2
σκωπασισ;;2
προσχωρεειν;;2
υπαγειν;;2
τεταγμενη;;2
προσγενομενων;;2
απειπαμενων;;2
υπεδυσαν;;2
αεκοντασ;;2
προδρομοι;;2
επιφανεισαν;;2
επιδιαβαντεσ;;2
εκλελοιποτων;;2
δρομου;;2
σοα;;2
περιελθοντεσ;;2
υποστρεψασ;;2
ταραχθεντων;;2
υπηγον;;2
ταρασσομενων;;2
αγαθυρσουσ;;2
εσβαλλοντεσ;;2
ερυκειν;;2
δαιμονιε;;2
εξεον;;2
αντιωθηναι;;2
ησσων;;2
περσα;;2
ταχυτερον;;2
ανευροντεσ;;2
μαχησομεθα;;2
ταφων;;2
εμουσ;;2
εζευγμενον;;2
εσαραξαντεσ;;2
εταρασσον;;2
παραμενοντεσ;;2
επιδευεεσ;;2
σοφοι;;2
συνεστηκεε;;2
λιμνασ;;2
ηκομεν;;2
εσακουειν;;2
εσεσθε;;2
αντεταχθησαν;;2
δοκεοντων;;2
ταλαιπωριασ;;2
ερημωθεντεσ;;2
συστραφεντεσ;;2
επισταμενου;;2
λυσαντεσ;;2
απιτε;;2
στρατευσεσθαι;;2
χερσονησιτεων;;2
εναντιη;;2
δημοκρατεεσθαι;;2
τυραννευεσθαι;;2
αποδεικνυμενου;;2
λαοδαμασ;;2
τοξευμα;;2
λυομεν;;2
καιροσ;;2
κελευσματι;;2
αθανατον;;2
κτισαντασ;;2
μηδιζοντασ;;2
αργουσ;;2
τιμεων;;2
τυνδαριδεων;;2
διεδασαντο;;2
ερκτην;;2
γυναικηιην;;2
τηυγετον;;2
αυτεσιωνοσ;;2
μενεειν;;2
αποπλευσεσθαι;;2
θηρηι;;2
καλλιστηι;;2
μεμβλιαρου;;2
καδμοσ;;2
αγηνοροσ;;2
καταλειπει;;2
λακεδαι;;2
φυλεων;;2
συγχωρησαντων;;2
θηρα;;2
επωνυμιη;;2
εκατομβην;;2
νεωτερων;;2
υε;;2
κορωβιου;;2
συγκειμενου;;2
γλιχομενοι;;2
ακηρατον;;2
λαοδαμαντοσ;;2
λιποντεσ;;2
απηγγελλον;;2
επιλοιπα;;2
επεσελθουσα;;2
θεμισων;;2
μηλοτροφον;;2
συνεφερετο;;2
βαττωι;;2
πρηξειν;;2
απεστελλον;;2
πλωσαντεσ;;2
εμευ;;2
αζιρισ;;2
καλλισται;;2
ιρασα;;2
ουρανοσ;;2
εσταλησαν;;2
αναδασμωι;;2
μελησειν;;2
παραχρεωμενοι;;2
αρκεσιλεων;;2
διεδεξατο;;2
καταστησαμενοι;;2
μαντινεεσ;;2
δημωναξ;;2
ιρωσυνασ;;2
ταραχη;;2
καμινον;;2
αμφιρρυτον;;2
φυγησ;;2
καταφυγοντασ;;2
εργετο;;2
καταμαθοντεσ;;2
βαρκηι;;2
φευγουσα;;2
ικετισ;;2
μηδισμον;;2
καθαρωτατον;;2
κατοικτιρασ;;2
αποστειλαι;;2
αδυρμαχιδαι;;2
εκατερηι;;2
λιμην;;2
σιλφιον;;2
ασβυσται;;2
ευεσπεριδασ;;2
αυσχισεων;;2
αυγιλα;;2
οπωριευντεσ;;2
δικαιοτατουσ;;2
πιειν;;2
κειροντεσ;;2
δορασ;;2
μακεων;;2
λωτοφαγοι;;2
ιησονα;;2
πηλιωι;;2
μαλεην;;2
τριτωνα;;2
πειθομενου;;2
ιησονοσ;;2
κρυψαι;;2
αυσεεσ;;2
μαχονται;;2
αλληλασ;;2
κορινθιηι;;2
μισγομενοι;;2
νομιζεται;;2
οφρυη;;2
οφρυηι;;2
κορυφηισι;;2
κολωνου;;2
γλυκυ;;2
χλιαρον;;2
μεσαμβριη;;2
θερμον;;2
μεσαι;;2
οφρυησ;;2
γαραμαντεσ;;2
αλα;;2
οπισθονομοι;;2
τρωγλοδυται;;2
αποφερομενουσ;;2
αταραντεσ;;2
ουδεκοτε;;2
επωνυμοι;;2
ενυπνια;;2
υγιηροτατοι;;2
επιγενηται;;2
αιγιδασ;;2
αγαλματων;;2
λιβυσσεων;;2
λιβυσσαι;;2
τριτωνοσ;;2
μιλτωι;;2
μελισσαι;;2
στεινην;;2
ελαιεων;;2
ζακυνθωι;;2
πισσαν;;2
ακρωι;;2
κειμενησ;;2
καπνον;;2
εθηκαν;;2
αυτοχθονα;;2
δεδηληται;;2
τιμωροι;;2
μεταιτιον;;2
ορυγματα;;2
προσισχε;;2
αιρετοι;;2
ανοιξαντεσ;;2
αιτιωτατουσ;;2
αποταμουσα;;2
μεταιτιοι;;2
ανδραποδισαμενοι;;2
απηισαν;;2
βαδρησ;;2
αποσταληναι;;2
οχθον;;2
εποδια;;2
τιμωριη;;2
περινθιουσ;;2
προκλησιοσ;;2
νικωντων;;2
περινθοσ;;2
εξαγωγηι;;2
κατακαυσαντεσ;;2
σιγυννασ;;2
λιγυεσ;;2
πιγρησ;;2
βραχιονοσ;;2
ελιπε;;2
παιονιην;;2
επιχειρησειν;;2
εσβαλλοντασ;;2
εσπιπτουσι;;2
ερημουσ;;2
διασκεδασθεντεσ;;2
πρασιαδοσ;;2
δοβηρασ;;2
σταυρουσ;;2
ικριων;;2
φερουσησ;;2
χορτον;;2
δοκιμωτατοι;;2
αιτησοντεσ;;2
διδοισ;;2
καλεομεναι;;2
παριζειν;;2
φιλεειν;;2
εικε;;2
εθελεισ;;2
πεισομαι;;2
χρηισασ;;2
παραγων;;2
ειχομεν;;2
μακεδονα;;2
διεργαζοντο;;2
ηφανιστο;;2
διεποντεσ;;2
παυσον;;2
υπερθεωμαι;;2
συμβουλοσ;;2
βραχει;;2
δικαστεων;;2
εδικασε;;2
απεδειρε;;2
σισαμνεω;;2
αντανδρον;;2
τρωιαδι;;2
ιμβρον;;2
λημνιοι;;2
λημνωι;;2
αιτιωμενοσ;;2
ηρχετο;;2
κατηρτισαν;;2
εξεργασμενον;;2
κατεβησαν;;2
αγρουσ;;2
φερεγγυοσ;;2
ναξιων;;2
οκτακισχιλιην;;2
ναξιοισι;;2
προσεθεσαν;;2
καλη;;2
γινεαι;;2
συνεπαινον;;2
απηιε;;2
μεγαβατην;;2
ερωτα;;2
χιωι;;2
βορεηι;;2
μεγαβατεω;;2
εξαγγελλει;;2
εσηνεικαντο;;2
πολιορκησομενοι;;2
εφραξαντο;;2
παρεσομενου;;2
αποστηναι;;2
ελογιζετο;;2
στασιωτεων;;2
εξεφεροντο;;2
απελθον;;2
ιβανωλλιοσ;;2
κωην;;2
απηκαν;;2
καταστησαι;;2
αναξανδριδηι;;2
επικαλεσαμενοι;;2
ορωμεν;;2
βουλευσωνται;;2
διξασ;;2
εσυστερον;;2
χρησαμενη;;2
κλεομβροτον;;2
δημαρμενου;;2
ετικτε;;2
ιηι;;2
συβαριν;;2
καλλιην;;2
ιαμιδεων;;2
τηλυοσ;;2
θυομενωι;;2
καλλιεω;;2
απογονοισι;;2
οκοτεροισι;;2
ευρυλεων;;2
συνελευθερου;;2
συνεσπετο;;2
φιλιπποσ;;2
ολυμπιονικησ;;2
καλλοσ;;2
ηρωιον;;2
απικνεομενοσ;;2
αλκιμοι;;2
κυρβασιασ;;2
ευπετεεσ;;2
συναπασι;;2
αρμενιοι;;2
ματιηνοι;;2
χοασπην;;2
μιλησιε;;2
κυριη;;2
υποκρισιοσ;;2
εξαγαγειν;;2
ανοδον;;2
υπαρπασασ;;2
δυντοσ;;2
αρχετο;;2
ανοδου;;2
λυδιησ;;2
φυλακτηριον;;2
αρμενιησ;;2
τιγρησ;;2
ελληνικησ;;2
ιππαρχον;;2
απειπαμενοσ;;2
φονεεσ;;2
καδμωι;;2
επιταξαντεσ;;2
τοιαυτασ;;2
επιγραμμα;;2
σκαιοσ;;2
τειν;;2
περικαλλεσ;;2
ιπποκοωντοσ;;2
κεχωρισμενα;;2
κατιεναι;;2
παιονιησ;;2
αγχιμολιον;;2
προπυνθανομενοι;;2
χιλιην;;2
επηκαν;;2
ηρακλειου;;2
κυνοσαργει;;2
στειλαντεσ;;2
προσεμειξε;;2
απεργμενουσ;;2
απαλλαχθησαν;;2
ερξαν;;2
εσσουμενοσ;;2
αιαντοσ;;2
επαυσε;;2
εκβαλειν;;2
εκβαλοι;;2
αδρηστωι;;2
πολυβου;;2
θυγατριδεοσ;;2
ετιμων;;2
χοροισι;;2
χοιρου;;2
σικυωνιοσ;;2
σικυωνιου;;2
φυλαι;;2
εξεβαλλε;;2
εναγεασ;;2
επιλεγων;;2
προσποιησαμενοσ;;2
ενεμον;;2
αλκμεωνιδασ;;2
υπεξεσχε;;2
επιστια;;2
υπεθετο;;2
καταλυειν;;2
επετελεετο;;2
μεταπεμψαμενοι;;2
συνελεγε;;2
διαφοροσ;;2
επικλητοι;;2
απαλλασσομενοι;;2
επτακοσιουσ;;2
ιπποβοτεων;;2
παχεεσ;;2
τετραμμενου;;2
κατεχομενοι;;2
εθελοκακεον;;2
προεθυμεετο;;2
κατεργαζεσθαι;;2
θεοπροπων;;2
επιλεγομενων;;2
επικαλεομενοι;;2
αιτεουσι;;2
πειρησαμενων;;2
επεφερον;;2
επικειμενων;;2
δαμιησ;;2
αυξησιησ;;2
πηξαμενοι;;2
ιρουργιαι;;2
συνεθεντο;;2
απαιτεον;;2
κρατησαι;;2
σχοινια;;2
σεισμον;;2
ναυμαχησαι;;2
αποβαντασ;;2
αιγιναιην;;2
αποσωθεντα;;2
περονηισι;;2
δεινοτερον;;2
εκατεροισι;;2
αττι;;2
τοσου;;2
εδηιουν;;2
ορμημενοισι;;2
αιακωι;;2
αδαεεσ;;2
παρεξειν;;2
εξεβαλε;;2
ημαρτομεν;;2
σωκλεησ;;2
εμπειροι;;2
κυει;;2
τεξει;;2
χρησθεντα;;2
βακχιαδηισι;;2
ασημον;;2
ησυχιηι;;2
παρελθοντεσ;;2
δοκεουσα;;2
απεστερησε;;2
ασφαλεστατον;;2
απηγεομενοσ;;2
απελιπε;;2
διωκων;;2
απεδυσε;;2
επιφανεισα;;2
οφελοσ;;2
κατακαυθεντων;;2
πιστον;;2
μελισσηι;;2
ουκων;;2
επαυσθη;;2
κατεστησε;;2
μαχηισι;;2
αλκαιοσ;;2
εκφευγει;;2
επιτιθει;;2
εξαγγελλομενοσ;;2
εταιρωι;;2
κατηλλαξε;;2
σοοι;;2
εδεδοκτο;;2
εδυναστευε;;2
ρυεσθαι;;2
διαβαλλειν;;2
προπλωσασ;;2
αιχμαλωτουσ;;2
σωτηριην;;2
βουλησθε;;2
διωκουσα;;2
τμωλον;;2
καιομενου;;2
ενησαν;;2
πακτωλον;;2
φονευουσι;;2
επικαλεομενου;;2
εσκευαζοντο;;2
γοργου;;2
γοργον;;2
γοργοσ;;2
στερηθεισ;;2
κυπριουσ;;2
αμαθουσιουσ;;2
αμαθουντα;;2
απειναι;;2
ζευ;;2
εφθεγξαο;;2
βουλευσαι;;2
πρησσει;;2
ακηκοασ;;2
πορευθηναι;;2
κεινα;;2
δασμοφορον;;2
μεμετειμενοσ;;2
πολιορκεοντι;;2
ονησιλωι;;2
περσικην;;2
διαπειρασθαι;;2
τασσεσθαι;;2
παραδοντεσ;;2
αμειψαντο;;2
διετασσον;;2
σολιων;;2
οπλιτην;;2
ιστασθαι;;2
καρ;;2
ακροι;;2
προσεφερετο;;2
προδιδοι;;2
προδοντων;;2
φιλοκυπρου;;2
κοιλησ;;2
διεφθαρμενα;;2
υπορυσσοντεσ;;2
πεμπτωι;;2
επιδιωξαντεσ;;2
στρατευσαμενουσ;;2
δαρδανον;;2
ελαυνοντι;;2
παριον;;2
δαυρισην;;2
εσπιπτοντεσ;;2
ελοχησαν;;2
πηδασοισι;;2
λοχου;;2
ηγεμων;;2
ηρακλειδησ;;2
μυσιην;;2
ιλιαδα;;2
γεργιθασ;;2
προσεχεα;;2
ηγησανδρου;;2
κατοικισαι;;2
προθυμοι;;2
προσδοκιμοσ;;2
λαδην;;2
επιλεγομενοι;;2
προισχομενοι;;2
πεισονται;;2
ποιησομεν;;2
βακτρα;;2
διονυσιοσ;;2
ελπιδα;;2
πειθεσθε;;2
νεμοντων;;2
αγκυρεων;;2
επιτρεψαντεσ;;2
υπομειναι;;2
σκηνασ;;2
παρεμενον;;2
στηλη;;2
περιεφθησαν;;2
εθελοκακεοντεσ;;2
προδιδοντασ;;2
τοιαυτηισι;;2
γαυλουσ;;2
παραρρεων;;2
απεστερημενοι;;2
αλουσησ;;2
σικελων;;2
περικατεατο;;2
αναξιλεωσ;;2
αναπειθει;;2
βοηθεων;;2
ζαγκλαιουσ;;2
εκλειψιν;;2
αναγκηι;;2
συλλαμβανοντι;;2
προσημαινειν;;2
λοιμοσ;;2
απεφυγε;;2
απορθητον;;2
διαβαινει;;2
καικου;;2
ζωγριηι;;2
καταμηνυει;;2
ανεσταυρωσαν;;2
χειμερισασ;;2
εσαγηνευον;;2
πουσ;;2
απειλασ;;2
αψινθιοι;;2
λαμψακηνοισι;;2
λαμψακηνοι;;2
λοχησαντεσ;;2
πιτυοσ;;2
εκτριψειν;;2
λαμψακηνων;;2
βλαστον;;2
στησαγορην;;2
πληγεντα;;2
πελεκει;;2
ολορου;;2
ορμηθη;;2
μελανοσ;;2
κατειλον;;2
χαριτα;;2
μητιοχον;;2
ιμβρου;;2
ειρηναια;;2
καταπαυσασ;;2
θασιουσ;;2
μακεδονασ;;2
διαβαλοντεσ;;2
πετρασ;;2
επεχειρησαν;;2
θασιοι;;2
προσοδοσ;;2
θασιοισι;;2
κηρυξι;;2
στρατευωνται;;2
υποδεεστερησ;;2
τετιμηται;;2
αριστοδημωι;;2
ανελειν;;2
πανιτην;;2
ακρισιου;;2
νωτα;;2
δεδοται;;2
διπλησια;;2
νεμοντασ;;2
ισταμενου;;2
λακωνικην;;2
πυθιουσ;;2
γινομενασ;;2
παρθενου;;2
ψηφουσ;;2
ζημιαι;;2
κηδοσ;;2
αυλητεω;;2
καλλιστη;;2
τροφοσ;;2
αγητοσ;;2
αριστωνα;;2
εκνιζε;;2
θωκωι;;2
μετεμελε;;2
απαγαγων;;2
μηδισαντασ;;2
εψεται;;2
περκαλον;;2
φθασασ;;2
ικνεομενωσ;;2
ρηματοσ;;2
μαρτυρασ;;2
νεικεων;;2
κοβων;;2
προμαντιν;;2
καταπαυσιν;;2
αιρεθεισ;;2
γελωτι;;2
αλγησασ;;2
επειρωτησιν;;2
μυριησ;;2
καταπτομενοσ;;2
τωληθεσ;;2
πεποιηκασ;;2
προτερασ;;2
ηρωοσ;;2
αληθεστατα;;2
εφθη;;2
απαιρεονται;;2
ανελομενοσ;;2
ζευξιδημοσ;;2
ζευξιδημου;;2
εξετεισε;;2
παραθηκην;;2
εψεσθαι;;2
προεστεωτασ;;2
αγινεων;;2
στυγοσ;;2
αγκοσ;;2
εσβαλων;;2
αλογιηι;;2
ερασινον;;2
εσφαγιαζετο;;2
τιρυνθοσ;;2
εξεκαλεε;;2
αιχμαλωτον;;2
αναστεναξασ;;2
αριστεασ;;2
ιερον;;2
χρησηται;;2
μαθηι;;2
διεφυγε;;2
εσβαλειν;;2
ορμωμενουσ;;2
απανταν;;2
εκτεισαι;;2
ομηρων;;2
κατεκριναν;;2
λεωπρεπεοσ;;2
αποδιδοναι;;2
συμβολα;;2
σωιζε;;2
μεμνημαι;;2
επειρωτωντα;;2
μετερχεται;;2
κε;;2
ανεβαλλοντο;;2
φρασασ;;2
χειρωσαμενοι;;2
θεσμοφορου;;2
συναπεβησαν;;2
ωμολογησαν;;2
ευρυβατησ;;2
επασκησασ;;2
συνηπτο;;2
δοντασ;;2
ετοιμαζειν;;2
αθω;;2
προσεπταισαν;;2
ηναγκαζε;;2
επειχον;;2
δηλιοισι;;2
εκινηθη;;2
υστατα;;2
ακινητον;;2
αρηιοσ;;2
αρτοξερξησ;;2
καρυστον;;2
καρυστιοι;;2
εκειρον;;2
ιδεασ;;2
προσδεκομενοι;;2
προσεδεετο;;2
κατασχοντεσ;;2
εχθροισι;;2
επεξελθειν;;2
εμελε;;2
φυγειν;;2
εξενεικασθαι;;2
κιμων;;2
κιμωνι;;2
απεδεχθη;;2
φιλιππιδησ;;2
βωσαντα;;2
κατασταντων;;2
βοηθησαι;;2
πανσεληνον;;2
στυρεων;;2
διετασσε;;2
συνεστεωτασ;;2
πλαταιεασ;;2
περιειδον;;2
καταλλαξαντεσ;;2
θηβαιουσ;;2
επεθηκαντο;;2
ομοψηφον;;2
πολεμαρχον;;2
αφιδναιοσ;;2
καταδουλωσαι;;2
συμβαλωμεν;;2
μηδισαι;;2
πατρισ;;2
εληι;;2
εκεκυρωτο;;2
πρυτανηιη;;2
μηδικωι;;2
μανιην;;2
επειγομενουσ;;2
διαφθειρεται;;2
εθανε;;2
φαληρου;;2
εξακισχιλιουσ;;2
επιζηλον;;2
αντιστηναι;;2
δηλιον;;2
διηκοσιουσ;;2
ιππονικου;;2
μισοτυραννοι;;2
ελευθερωσαντεσ;;2
επαυσαν;;2
λαμπροι;;2
κλεισθενει;;2
αγαριστη;;2
ιονιου;;2
τιτορμου;;2
φειδωνοσ;;2
ηλειοσ;;2
ονομαστοσ;;2
κατεχων;;2
μνηστηρων;;2
σικυωνιουσ;;2
ορχησατο;;2
μεγακλει;;2
μητροπατοροσ;;2
ευδοκιμεων;;2
επωνται;;2
παριοισι;;2
εσπεμπων;;2
δωσι;;2
εμηχανωντο;;2
τιμουν;;2
υποζακορον;;2
χθονιων;;2
ελθουσαν;;2
υποθηται;;2
δυναμενον;;2
αιμασιην;;2
ξανθιπποσ;;2
μηρου;;2
ταλαντοισι;;2
εληλαμενου;;2
επιβουλευοντασ;;2
πελασγοισι;;2
επαγγελλοντο;;2
υμετερησ;;2
ετησιεων;;2
ηλπισαν;;2
επιβαλων;;2
ορματο;;2
απεστεωτασ;;2
αγερσιν;;2
εργασαμενουσ;;2
φυλασσηται;;2
ποιεεσκετο;;2
ημερα;;2
αναβεβηκοτεσ;;2
νησοι;;2
διο;;2
πυθηται;;2
εκτημεθα;;2
συνελεξα;;2
πεποιηκασι;;2
ομουρεουσαν;;2
αναιτιοι;;2
κοιην;;2
απολιποντι;;2
εξευροντεσ;;2
αντιωσεσθαι;;2
αγοντι;;2
αβουλιηι;;2
λεχθεισεων;;2
διαγινωσκομεν;;2
δατι;;2
φυλακη;;2
κεραυνοι;;2
συμβουλευω;;2
τεισπεοσ;;2
ωνθρωποι;;2
προειπασ;;2
κατυπνωμενωι;;2
εδραμε;;2
αρταβανον;;2
αξιουμενοσ;;2
επιφοιτησει;;2
αποσπευδων;;2
παριζομενοσ;;2
δουλευσειν;;2
περιπλεοντων;;2
διαδοχοι;;2
βουβαρησ;;2
αρταιου;;2
αθωσ;;2
σανησ;;2
μεγαλοφροσυνησ;;2
πανταχοθεν;;2
διατεταγμενοι;;2
μεγιστοισι;;2
πυθιου;;2
τετρακοσιασ;;2
στατηρων;;2
τετρακοσιαι;;2
επιστασο;;2
αριστερην;;2
αιτησοντασ;;2
σηστου;;2
μαδυτου;;2
ελαιουντα;;2
αθεμιστα;;2
διελυσε;;2
μαστιγι;;2
αχαρισ;;2
συνθεντεσ;;2
ταξαντεσ;;2
εκατερην;;2
επεφορησαν;;2
φραγμον;;2
ρηχιησ;;2
παρεσκευασμενοσ;;2
πρηξασ;;2
εθυμωθη;;2
ωσι;;2
ευεργεσιηισι;;2
ψυχηι;;2
τρεψαντεσ;;2
νησαιοι;;2
κεκοσμημενοι;;2
νησαιον;;2
ηνιοχοσ;;2
τρεποντεσ;;2
λοιποσ;;2
απεχρησε;;2
σιδωνιοι;;2
αβυδηνων;;2
φρασθεισ;;2
συμφοραι;;2
διαιρεαι;;2
φρασον;;2
βουλομεθα;;2
δειματοσ;;2
πολεμιωτατα;;2
ποιοιτο;;2
εγειρομενου;;2
δεινων;;2
βεβαιον;;2
συμβουλουσ;;2
πορευομεθα;;2
στρατευομεθα;;2
βαλεο;;2
τωνδ;;2
ανηγοντο;;2
ευσυμβλητον;;2
τρεχων;;2
αθαμαντοσ;;2
καμπτων;;2
παρεξιων;;2
δορισκοσ;;2
ναυαρχοι;;2
σαμοθρηικιη;;2
κικονων;;2
εξηριθμησαν;;2
αχαιμενιδην;;2
αριοι;;2
κισσιοι;;2
πεπλεγμενα;;2
ροπαλα;;2
βακτριων;;2
ενεπρεπον;;2
ανατεινοντα;;2
ζειρασ;;2
οξυσ;;2
αρσαμησ;;2
αρτυστωνησ;;2
τριχωμα;;2
ακοντιοισι;;2
επικαυτοισι;;2
λιγυων;;2
μεταβαντεσ;;2
μηιονεσ;;2
ολυμπου;;2
ωμοβοινασ;;2
πεποιημενασ;;2
μοσχοι;;2
μαχαιρασ;;2
μαρων;;2
ωπλισμενοι;;2
μασιστιοσ;;2
βαγαιου;;2
γεργισ;;2
θεραπηιην;;2
ενιοι;;2
σιδηρεα;;2
επετεταχατο;;2
φαρνουχησ;;2
ανεθελητον;;2
ορθοσ;;2
πεσων;;2
απαγαγοντεσ;;2
ιτυσ;;2
αιγοσ;;2
δρεπανα;;2
αχαιιην;;2
ξουθου;;2
εξεργομαι;;2
παραμεμνημαι;;2
επιπλεοντων;;2
ονομαστοτατοι;;2
σιδωνιοσ;;2
τυριοσ;;2
ταξιαρχων;;2
κωιων;;2
συναπασησ;;2
τροιζηνιουσ;;2
επιδαυριουσ;;2
γραμματισται;;2
σιδωνιην;;2
ανεκωχευον;;2
διεξεπλωσε;;2
συστρατευομενον;;2
πενιην;;2
μαχησονται;;2
πεντακισμυριοι;;2
εξεπιστεαι;;2
υπισχομαι;;2
πεμπεσκε;;2
περιεοντασ;;2
βογησ;;2
νοστησαι;;2
εσπειρε;;2
θασιων;;2
δικαιαν;;2
παραθαλασσιασ;;2
σατρεων;;2
υπηκοοι;;2
πιερεσ;;2
τεινουσα;;2
εκαλλιερεοντο;;2
αμηστριν;;2
ακανθον;;2
προθυμουσ;;2
σκηνην;;2
ανασπασαντεσ;;2
αβδηριτεω;;2
αβδηριτηισι;;2
απαμυνειν;;2
δειπνωι;;2
καταμειναντασ;;2
θερμαιωι;;2
θερμαιον;;2
ολυνθον;;2
παλληνησ;;2
παλληνηι;;2
μυγδονιην;;2
βοττιαιιδα;;2
κρηστωνικησ;;2
μυγδονιησ;;2
καμηλοισι;;2
υποζυγιου;;2
εκεραιζον;;2
απεχομενουσ;;2
αντεχρησε;;2
αυλωνα;;2
εκβολην;;2
περραιβουσ;;2
γοννον;;2
σημηιον;;2
παρατρεψαντα;;2
ονομαζομενοι;;2
σεισμου;;2
κατηγεομενοι;;2
αλευεω;;2
φιλιην;;2
δολοπεσ;;2
ενιηνεσ;;2
περραιβοι;;2
μαγνητεσ;;2
μηλιεεσ;;2
εταμον;;2
αειρομενοι;;2
κατεσκηψε;;2
θυομενοισι;;2
φευγετε;;2
δεδοξωσθε;;2
προσφεροντων;;2
προσκυνεειν;;2
σπερθιεω;;2
βουλιοσ;;2
εξηλθε;;2
καταπλωσασ;;2
προδοθεντεσ;;2
αδειμαντου;;2
ομοιωι;;2
μηδιζοντων;;2
ελομενοι;;2
ελευθερην;;2
εμηδισε;;2
ανωσαμενοι;;2
χρηστηριαζεσθαι;;2
κεφαλη;;2
αρησ;;2
ικετηριασ;;2
ευρυοπα;;2
απολεισ;;2
σκιδναμενησ;;2
δημητεροσ;;2
συνιουσησ;;2
συμβαλλεσθαι;;2
οικητορεσ;;2
παρασκευαζεσθαι;;2
ανταειρεσθαι;;2
ηριστευσε;;2
ετερασ;;2
φρονεοντων;;2
εχθρασ;;2
ομαιχμιην;;2
καταλυσαμενοι;;2
ασινεασ;;2
εσιναντο;;2
απολεσαντεσ;;2
παραδωσειν;;2
σπονδεων;;2
κηφεοσ;;2
ειημεν;;2
αντιξοουσ;;2
ουδαμουσ;;2
μεταιτεειν;;2
αναβαντασ;;2
νομιζοιατο;;2
συαγροσ;;2
ιροφανται;;2
τηλινεω;;2
ρωμησ;;2
κλεανδρου;;2
αινησιδημου;;2
κλεανδρωι;;2
βοηθεε;;2
συναγεται;;2
θελωσι;;2
καταστρεψηται;;2
κυρησασ;;2
δισμυριουσ;;2
περιεχεσθε;;2
περιεχεσθαι;;2
ηγεεσθαι;;2
ελλη;;2
νων;;2
εοικατε;;2
αρξομενουσ;;2
καδμον;;2
συνηιδεε;;2
απελαυνων;;2
ιμερησ;;2
τηριλλοσ;;2
κρητινεω;;2
αμιλκαι;;2
καρχηδονιον;;2
εσσουτο;;2
εθυετο;;2
ολα;;2
υποκριναμενοι;;2
νοευντεσ;;2
υπερβαλεεσθαι;;2
ελαχιστασ;;2
λειφθηναι;;2
μινων;;2
σικανιην;;2
απολι;;2
εμηδισαν;;2
ηνδανε;;2
κρεσσων;;2
αλον;;2
συλλεγεντεσ;;2
μακεδονοσ;;2
οιοισι;;2
ηιδεσαν;;2
εσοδοσ;;2
φοινικα;;2
αβατον;;2
θεσπρωτων;;2
κωμη;;2
διαλυθεντεσ;;2
διαταχθεντεσ;;2
εξαγγειλαντεσ;;2
πλεουσηισι;;2
ελληνιδεσ;;2
ετριηραρχεε;;2
ισχενοου;;2
μαχομενοσ;;2
εκπαγλεομενοι;;2
χαλκιδα;;2
πορωι;;2
κασθαναιησ;;2
ακτησ;;2
προσθησω;;2
σιταγωγων;;2
βοττιαιοι;;2
προδουναι;;2
επεπεσε;;2
αυξομενον;;2
περιησαν;;2
εξεφερε;;2
επεκαλεσαντο;;2
ωρειθυιαν;;2
εθυοντο;;2
αναριθμητουσ;;2
εχειμαζε;;2
θετι;;2
ημεροσκοποι;;2
καταδραμοντεσ;;2
ναυηγιην;;2
σωτηρι;;2
ορμον;;2
εδοξαν;;2
σανδωκησ;;2
ανακρεμασθεντοσ;;2
προσπλεοντασ;;2
αχαιιηι;;2
αιολου;;2
θυσεσθαι;;2
αποδραντεσ;;2
απογονων;;2
μηλιδα;;2
ευρυσ;;2
περικληιει;;2
τρηχισ;;2
αμφικτυοσι;;2
μηλιδοσ;;2
μαντινεων;;2
οπουντιοι;;2
ταχθεντων;;2
ηγησιλεω;;2
διξων;;2
λεοντιαδησ;;2
μηδιζειν;;2
φρονεοντεσ;;2
καρνεια;;2
κατωρα;;2
εμανθανε;;2
καταστρεψεαι;;2
αθανατουσ;;2
κατεβαλλον;;2
προσβαλλοντεσ;;2
θηευμενον;;2
ενωρων;;2
μηλιευσ;;2
υπομειναντασ;;2
ονητησ;;2
αντικυρευσ;;2
πιστοσ;;2
επιαλτηι;;2
ανοπαια;;2
μηλιεων;;2
αναβεβηκοτασ;;2
φανησεσθαι;;2
οκοδαποσ;;2
αυτομολοι;;2
εσημηναν;;2
αντετεινον;;2
διακριθεντεσ;;2
καταθεσθαι;;2
διενειχθεντασ;;2
οιχομενουσ;;2
αεκοντεσ;;2
προσηισαν;;2
πιπτουσι;;2
ετεροιουτο;;2
εναντιησ;;2
μαντι;;2
ευρυτον;;2
χρησαμενοισι;;2
λον;;2
ητιμωτο;;2
διελεγετο;;2
αποσχισθεντεσ;;2
γεγονοτοσ;;2
στρατηγησαντα;;2
φοβεομενοσ;;2
τιθεμενοσ;;2
αντιπολεμων;;2
πολιητησ;;2
συμβουλευομενου;;2
φυγων;;2
δελτιον;;2
επελεξαντο;;2
στυρεεσ;;2
κηιοι;;2
επεβοηθεον;;2
ευρυκλειδεω;;2
εικον;;2
απολεεται;;2
διωσαμενοι;;2
κατεδοκεον;;2
ευβοεεσ;;2
ωκυτου;;2
πληγεντεσ;;2
προσπλεειν;;2
φευξεσθαι;;2
περιεπεμπον;;2
οφθειησαν;;2
περιλαβοιεν;;2
αφετηισι;;2
σκυλλιησ;;2
επανεπλεον;;2
ολιγηισι;;2
εκυκλουντο;;2
ηδομενοισι;;2
συνηγαγον;;2
σκληραι;;2
ναυηγια;;2
ομβροσ;;2
επεγινετο;;2
ολιγεων;;2
εξεκομισαντο;;2
απεχειν;;2
κατασκοποσ;;2
αβρωνιχοσ;;2
συμμισγωμεν;;2
λαθοντα;;2
ανενειχθηι;;2
απιστουσ;;2
αγγελλων;;2
επεδραμον;;2
υαμπολιν;;2
αναρπασομενοι;;2
ηυξον;;2
προδοται;;2
ανηνειχθησαν;;2
φωκιδοσ;;2
φωκιδα;;2
νεωνα;;2
ανηνεικαντο;;2
αμφισσαν;;2
χαραδραν;;2
παραποταμιουσ;;2
προκατησθαι;;2
αντρον;;2
προφητεω;;2
επειγομενοι;;2
προσεδεηθησαν;;2
επιμηνια;;2
μελιτοεσσα;;2
υπεξεκειτο;;2
ναυαρχοσ;;2
αλογησαντεσ;;2
κινδυνευουσηι;;2
εγκρατεεσ;;2
πλεισται;;2
πολιορκησονται;;2
εμπρησασ;;2
διαβασιοσ;;2
ετοξευον;;2
κατεστρωντο;;2
κελευομενοι;;2
συνεδριου;;2
εσεβαινον;;2
απαρωσι;;2
ναυμαχησεισ;;2
πειρω;;2
εκβηναι;;2
συνεδριον;;2
κορινθιον;;2
διαδρησονται;;2
σημαινων;;2
ανεδιδασκετο;;2
απολιπωσι;;2
ναυμαχησοντεσ;;2
επικαλεσασθαι;;2
θεοκυδεοσ;;2
λακεδαιμονιωι;;2
κονιορτον;;2
φθεγγομενον;;2
συμμαχοισι;;2
κινδυνευσει;;2
νεφοσ;;2
επειχθηισ;;2
εχηισ;;2
αντεχειν;;2
δειμαινω;;2
αρτεμισιηι;;2
ναυμαχεοντασ;;2
αρρωδεον;;2
κυνουριοι;;2
δοριαλωτου;;2
λαθων;;2
διαδραντασ;;2
φρονεοντασ;;2
νησιδα;;2
κυνοσουραν;;2
μελλουσησ;;2
παραρτεοντο;;2
εναργεωσ;;2
δικη;;2
ημαρ;;2
εξεκαλεετο;;2
στασιαζειν;;2
τριηρησ;;2
τηνιων;;2
αμεινιησ;;2
παλληνευσ;;2
θεομηστοροσ;;2
ανδροδαμαντοσ;;2
περσιστι;;2
τεταγμενων;;2
φιλιηι;;2
συνεκυρησε;;2
εμβαλλουσαν;;2
ευδοκιμησαι;;2
υποσταντεσ;;2
αδειμαντον;;2
σαλαμινιησ;;2
ομηροι;;2
λυσοντεσ;;2
απολαμφθεισ;;2
δευτερη;;2
απαγων;;2
μεταπεμψασθαι;;2
μενοντα;;2
ανοσιωτατων;;2
ζωστηροσ;;2
ακραι;;2
επιδιωκειν;;2
ανδρου;;2
προσχωρησαι;;2
εκπεφευγοτων;;2
υπουργεειν;;2
πολιορκεων;;2
καρυστιοισι;;2
εξελεγετο;;2
ρωμηι;;2
ουστινασ;;2
εσιτεοντο;;2
υπερφυεσ;;2
διαλελυμενασ;;2
καταστρωματοσ;;2
κυβερνητην;;2
σωτηριη;;2
αδειηι;;2
χαλκεου;;2
απιοντα;;2
τιμοδημοσ;;2
πλαταιικων;;2
ποτειδαιαν;;2
σκιωναιων;;2
τιμοξεινον;;2
περιγενομενοσ;;2
διεπορθμευσε;;2
αρταυντησ;;2
αρταυντεω;;2
ιθαμιτρησ;;2
κρατησειν;;2
θηβαιον;;2
επιστατο;;2
ιλλυριουσ;;2
γαυανησ;;2
κηπων;;2
αλκετεω;;2
αμαρταδασ;;2
πολλαπλησιη;;2
εκτημενων;;2
φαινεσθε;;2
οπιν;;2
προξεινον;;2
ομολογησωμεν;;2
φρονημα;;2
καλλει;;2
επιτηδεοτεροσ;;2
ενστρατοπεδευεσθαι;;2
προεχων;;2
εανδανε;;2
λυκιδην;;2
εσβαλλοντα;;2
υακινθια;;2
ετειχεον;;2
ημετερησ;;2
χιλεοσ;;2
τεγεητησ;;2
πεντακισχιλιουσ;;2
υπεξεχωρεε;;2
δεκελεησ;;2
ταναγρηι;;2
πλαταιιδα;;2
ατταγινοσ;;2
ορχομενιου;;2
λογιμου;;2
συνεσεβαλον;;2
αρμοκυδησ;;2
αλκησ;;2
ερυθρασ;;2
αντετασσοντο;;2
ιππαρχεε;;2
προσεβαλλον;;2
προσβαλλουσησ;;2
λιπαριηι;;2
εθελοιεν;;2
μασιστιου;;2
τοξευματι;;2
πλευρα;;2
πλαταιασ;;2
γαργαφιην;;2
ευρυσθεοσ;;2
ευρομεθα;;2
υλλον;;2
αγωνεσ;;2
συνοδον;;2
συλλεγηναι;;2
αρ;;2
ψιλοι;;2
ψιλων;;2
ψιλοισι;;2
φλειασιουσ;;2
γυμνικουσ;;2
τετραμμενουσ;;2
προετεινατο;;2
μαντευομενοσ;;2
αγωνων;;2
εμαντευετο;;2
πλαταιιδι;;2
ηγησιστρατου;;2
τιμηγενιδησ;;2
αντικατημενοισι;;2
παραινεσιν;;2
μηδιζοντεσ;;2
αναζευξαντασ;;2
εκπωματα;;2
ειδοτων;;2
απορρητα;;2
κατεστησαν;;2
ωεροη;;2
κιθαιρωνα;;2
συνεκειτο;;2
ευρυαναξ;;2
παρηγορεοντο;;2
κολωνων;;2
στιφοσ;;2
ανεμενε;;2
παροιχομενην;;2
χρηιζοντα;;2
ισχυρη;;2
δημητριον;;2
νικωιεν;;2
τειχομαχιη;;2
φατνην;;2
ποσειδωνιοσ;;2
φιλοκυων;;2
καλλικρατησ;;2
στρατο;;2
πλαταιεα;;2
σωφανησ;;2
σιδηρεην;;2
πατρην;;2
ηγητοριδεω;;2
μαντινεασ;;2
λαμπων;;2
εξαρασ;;2
ειλωτεσ;;2
κατασκευην;;2
οστεου;;2
υπελομενοσ;;2
εθαπτον;;2
χωσαι;;2
σαμιε;;2
οιωνον;;2
απολλωνιηι;;2
υπαγαγοντεσ;;2
δηιφονοσ;;2
τιγρανησ;;2
λυσαμενοι;;2
διοδουσ;;2
νεοχμον;;2
εσεπτατο;;2
συνεβαινε;;2
πορευομενων;;2
κακιω;;2
μασιστην;;2
ηρα;;2
ωμοσε;;2
φυλαξασα;;2
μασιστα;;2
ταριχουσ;;2
αρταυκτεω;;2
κλειω;;1
ηροδοτου;;1
θουριου;;1
εξιτηλα;;1
θωμαστα;;1
αποδεχθεντα;;1
ακλεα;;1
επολεμησαν;;1
λογιοι;;1
διαφορησ;;1
οικησαντασ;;1
απαγινεοντασ;;1
εσαπικνεεσθαι;;1
προειχε;;1
διατιθεσθαι;;1
εξεμπολημενων;;1
ιναχου;;1
στασασ;;1
διακελευσαμενουσ;;1
εσβαλομενουσ;;1
αποπλεοντασ;;1
δευτερησ;;1
καταπλωσαντασ;;1
μακρηι;;1
διαπρηξαμενουσ;;1
μηδειην;;1
δευ;;1
τερηι;;1
ακηκοοτα;;1
αρπασαντοσ;;1
προισχομενων;;1
ανοητων;;1
σωφρονων;;1
ηρπαζοντο;;1
αρπαζομενων;;1
λακεδαιμονιησ;;1
συναγειραι;;1
κατελειν;;1
ενοικεοντα;;1
ιλιου;;1
ναυκληρωι;;1
αιδεομενη;;1
συνεκπλωσαι;;1
υπαρξαντα;;1
προβησομαι;;1
μικρα;;1
επεξιων;;1
ευδαιμονιην;;1
τωυτωι;;1
μενουσαν;;1
καταστροφη;;1
επιδρομησ;;1
αρπαγη;;1
μερμναδασ;;1
μυρσιλον;;1
αγρωνοσ;;1
βασιλευσαντεσ;;1
λυδιοσ;;1
μηιων;;1
επιτραφθεντεσ;;1
δουλησ;;1
ιαρδανου;;1
δασκυλου;;1
γυγηι;;1
σπουδαιεστερα;;1
υπερεπαινεων;;1
απιστοτερα;;1
θεησεαι;;1
δεσποιναν;;1
εκδυομενωι;;1
συνεκδυεται;;1
αιδω;;1
δεομαι;;1
ανομων;;1
απεμαχετο;;1
βλαβοσ;;1
οφθεισαν;;1
κοιμωμεθα;;1
ανοιγομενησ;;1
στησω;;1
εκδυνουσα;;1
στειχηι;;1
ευνην;;1
γενηι;;1
μελετω;;1
οψεται;;1
τιθεισαν;;1
ιουσησ;;1
κοιτην;;1
εποραι;;1
εξιοντα;;1
αισχυνθεισα;;1
τεισεσθαι;;1
γυμνον;;1
αισχυνην;;1
δηλωσασα;;1
πιστουσ;;1
καλεοι;;1
οκοτερην;;1
ιδηισ;;1
βουλευσαντα;;1
απολ;;1
λυσθαι;;1
ικετευε;;1
ενδεειν;;1
ακουσω;;1
επεδεξατο;;1
υπνωμενωι;;1
επιχειρησισ;;1
ηρτυσαν;;1
επιβουλην;;1
εμετιετο;;1
θαλαμον;;1
δουσα;;1
αναπαυομενου;;1
αρχιλοχοσ;;1
παριοσ;;1
ιαμβωι;;1
επεμνησθη;;1
εκρατυνθη;;1
ανεληι;;1
ηρακλειδηισι;;1
μερμναδαι;;1
μιδην;;1
μιδησ;;1
γυγαδασ;;1
αναθεντοσ;;1
επιμνησθεντεσ;;1
απογονωι;;1
κτισθεισαν;;1
αδροσ;;1
εσεβαλλε;;1
συριγγων;;1
πηκτιδων;;1
αυλου;;1
γυναικηιου;;1
ανδρηιου;;1
ενεπιμπρη;;1
απεσπα;;1
διαφθειρειε;;1
επεδρησ;;1
σπειρειν;;1
εργαζο;;1
τρωματα;;1
λιμενηιωι;;1
μαχεσαμενων;;1
συναψασ;;1
συνεπελαφρυνον;;1
ανταποδιδοντεσ;;1
ερυθραιουσ;;1
δυωδεκατωι;;1
εμπιπραμενου;;1
αφθη;;1
βιωμενον;;1
αψατο;;1
ασσησιησ;;1
αφθεισ;;1
κατεκαυθη;;1
ενοσησε;;1
μακροτερησ;;1
συμβουλευσαντοσ;;1
ανορθωσωσι;;1
προστιθεισι;;1
τυραννευοντι;;1
κατειπειν;;1
βουλευηται;;1
οικοδομεηι;;1
προπεπυσμενοσ;;1
ιδιωτικοσ;;1
συγκομισασ;;1
κωμωι;;1
κεχυμενον;;1
αγγειληι;;1
τετρυσθαι;;1
ανεστη;;1
μηνυσασ;;1
μηθυμναιον;;1
κιθαρωιδον;;1
διθυραμβον;;1
ονομασαντα;;1
διδαξαντα;;1
διατριβοντα;;1
πλωσαι;;1
εργασαμενον;;1
ορμασθαι;;1
πιστευοντα;;1
μισθωσασθαι;;1
εκβαλοντασ;;1
συνεντα;;1
λισσεσθαι;;1
προιεντα;;1
παραιτεομενον;;1
πορθμεασ;;1
απειληθεντα;;1
παραιτησασθαι;;1
αεισαι;;1
αεισασ;;1
αοιδου;;1
αναχωρησαι;;1
πρυμνησ;;1
κιθαρην;;1
ορθιον;;1
δελφινα;;1
αποβαντα;;1
μετιεντα;;1
πορθμεων;;1
ιστορεεσθαι;;1
λιποιεν;;1
ταραντι;;1
εξεπηδησε;;1
εκπλαγεντασ;;1
ελεγχομενουσ;;1
αρνεεσθαι;;1
ταιναρωι;;1
διενεικασ;;1
υποκρητηριδιον;;1
κολλητον;;1
κολλησιν;;1
εξευρε;;1
εφεσιοισι;;1
εξαψαντεσ;;1
σχοινιον;;1
παρευρισκειν;;1
επαιτιωμενοσ;;1
φλαυρα;;1
πιττακον;;1
μυτιληναιον;;1
συνωνεονται;;1
ελπισαντα;;1
ιππευομενουσ;;1
ναυπηγεεσθαι;;1
αρωμενοι;;1
τεισωνται;;1
δουλωσασ;;1
επιλογωι;;1
προσφυεωσ;;1
παυσασθαι;;1
ναυπηγιησ;;1
επιγινομενου;;1
χαλυβεσ;;1
θυνοι;;1
προσεπικτω;;1
μενου;;1
ακμαζουσασ;;1
απικνεοιτο;;1
κελευσασι;;1
εκπλωσασ;;1
αναγκασθηι;;1
θηται;;1
εκδημησασ;;1
εξεινιζετο;;1
περιηγον;;1
σκεψαμενον;;1
φιλοσοφεων;;1
επεληλυθασ;;1
ολβιωτατοσ;;1
υποθωπευσασ;;1
λεχθεν;;1
επιστρεφεωσ;;1
κρινεισ;;1
τελλωι;;1
ηκουσησ;;1
καλοι;;1
καγαθοι;;1
εκγενομενα;;1
ηκοντι;;1
λαμπροτατη;;1
βοηθησασ;;1
προετρεψατο;;1
κλεοβιν;;1
βιτωνα;;1
υπην;;1
αεθλοφοροι;;1
ζευγει;;1
εκκληιομενοι;;1
υποδυντεσ;;1
ζευγλην;;1
ωχεετο;;1
διακομισαντεσ;;1
οφθεισι;;1
πανηγυριοσ;;1
εμακαριζον;;1
ρωμην;;1
αργειαι;;1
φημηι;;1
στασα;;1
κλεοβι;;1
βιτωνι;;1
ευωχηθησαν;;1
κατακοιμηθεντεσ;;1
ανεστησαν;;1
σπερχθεισ;;1
ταραχωδεσ;;1
επειρωταισ;;1
προτιθημι;;1
ενιαυτοι;;1
πεντακισχιλιασ;;1
εμβολιμου;;1
μακροτερον;;1
συμβαινωσι;;1
παραγινομεναι;;1
εμβολιμοι;;1
εξακισχιλιεων;;1
δισμυριεων;;1
πλουτεειν;;1
ειρεο;;1
πυθωμαι;;1
ολβιωτεροσ;;1
ζαπλουτοι;;1
ανολβιοι;;1
ευτυχεεσ;;1
ανολβιοσ;;1
ευτυχεοσ;;1
πλουσιου;;1
ανολβιου;;1
θυμιην;;1
προσπεσουσαν;;1
δυνατωτεροσ;;1
επιθυμιην;;1
απερυκει;;1
απηροσ;;1
ανουσοσ;;1
ευπαισ;;1
ζητεεισ;;1
ευτυχεα;;1
καταρκεει;;1
επιδεεται;;1
αυταρκεσ;;1
ενδεεσ;;1
διατελεηι;;1
ευχαριστωσ;;1
προρριζουσ;;1
ανετρεψε;;1
εχαριζετο;;1
δοξασ;;1
αμαθεα;;1
οιχομενον;;1
νεμεσισ;;1
ευδοντι;;1
κωφοσ;;1
ατυσ;;1
ατυν;;1
σιδηρεηι;;1
δορατια;;1
ανδρεωνων;;1
θαλαμουσ;;1
συνενησε;;1
κρεμα;;1
εμπεσηι;;1
καθαρσιου;;1
καθαρσισ;;1
επιστιοσ;;1
εφονευσασ;;1
ονομαζομαι;;1
φονευσασ;;1
εξεληλαμενοσ;;1
εκγονοσ;;1
αμηχανησεισ;;1
κουφοτατα;;1
κερ;;1
δανεεισ;;1
μυσιωι;;1
ολυμπωι;;1
διαφθειρεσκε;;1
ποιεεσκον;;1
ανεφανη;;1
διαφθειρει;;1
προθυμεομενοι;;1
συμπεμψαι;;1
εξελωμεν;;1
μνημονευων;;1
μνησθητε;;1
συμπεμψαιμι;;1
νεογαμοσ;;1
κυνηγεσιον;;1
συμπεμψω;;1
διακελευσομαι;;1
προθυμοτατοισι;;1
συνεξελειν;;1
αποχρεωμενων;;1
επεσερχεται;;1
συμπεμψειν;;1
γενναιοτατα;;1
αγρασ;;1
φοιτωντασ;;1
ευδοκιμεειν;;1
αποκληισασ;;1
αθυμιην;;1
ομμασι;;1
νεογαμωι;;1
κοιωι;;1
αναπεισον;;1
επιστασα;;1
ολιγοχρονιον;;1
εσπευσα;;1
παραλαμβανομενα;;1
δυναιμην;;1
διακλεψαι;;1
διεφθαρμενον;;1
ακοην;;1
λογι;;1
ζομαι;;1
κοιαι;;1
κοιη;;1
σιδηρεη;;1
οδοντοσ;;1
αποφαινων;;1
νενικημενοσ;;1
μεταγινωσκω;;1
φρυγα;;1
αδρηστε;;1
πεπληγμενον;;1
ονειδιζω;;1
εκαθηρα;;1
προποιησαντοσ;;1
ορμωμενου;;1
κακουργοι;;1
φανεωσι;;1
απολαμπρυνεαι;;1
προσετι;;1
ομηλικασ;;1
πρησσοντασ;;1
απημονα;;1
φυλασσοντοσ;;1
απονοστησειν;;1
λογασι;;1
νεηνιηισι;;1
εζητεον;;1
εσηκοντιζον;;1
καθαρθεισ;;1
ακοντιζων;;1
αμαρτανει;;1
βληθεισ;;1
συντεταραγμενοσ;;1
εδεινολογεετο;;1
περιημεκτεων;;1
καθαρσιον;;1
μαρτυρομενοσ;;1
πεπονθωσ;;1
συμπεμψασ;;1
ευρηκοι;;1
πολεμιωτατον;;1
προτεινων;;1
επικατασφαξαι;;1
καθηραντα;;1
βιωσιμον;;1
κατοικτιρει;;1
καταδικαζεισ;;1
εξεργασαο;;1
προεσημαινε;;1
καθηραντοσ;;1
συγγινωσκομενοσ;;1
βαρυσυμφορωτατοσ;;1
επικατασφαζει;;1
τυμβωι;;1
πενθει;;1
καταιρεθεισα;;1
αυξανομενα;;1
πενθεοσ;;1
απεπαυσε;;1
ενεβησε;;1
φροντιδα;;1
αυξανομενην;;1
δωδωνην;;1
αμφιαρεων;;1
μαντευσομενοσ;;1
αμμωνα;;1
ευρεθειη;;1
επιχειρεοι;;1
ορμηθεωσι;;1
ημερολογεοντασ;;1
εκατοστηι;;1
επειρωτωντασ;;1
θεσπισηι;;1
συγγραψαμενουσ;;1
εθεσπισε;;1
εντεταλμενον;;1
κωφου;;1
φωνευντοσ;;1
οδμη;;1
κραταιρινοιο;;1
χελωνησ;;1
εψομενησ;;1
αρνειοισι;;1
κρεεσσιν;;1
υπεστρωται;;1
επιεσται;;1
θεσπισασησ;;1
περιπεμφθεντεσ;;1
αναπτυσσων;;1
επωρα;;1
συγγραμματων;;1
προσιετο;;1
προσευχετο;;1
προσεδεξατο;;1
εξευρηκεε;;1
διεπεμψε;;1
κυριην;;1
επινοησασ;;1
χελωνην;;1
αρνα;;1
κατακοψασ;;1
ηψε;;1
χαλκεωι;;1
επιθημα;;1
επιθεισ;;1
υποκρισιν;;1
αψευδεσ;;1
ιλασκετο;;1
θυσιμα;;1
πορφυρεα;;1
νησασ;;1
ανακτησεσθαι;;1
καταχεαμενοσ;;1
εξαπαλαιστα;;1
βραχυτερα;;1
τριπαλαιστα;;1
παλαιστιαια;;1
διταλαντα;;1
ελκουσαν;;1
κατεκαιετο;;1
κατεπεσε;;1
ημιπλινθιων;;1
ιδρυτο;;1
εβδομον;;1
απετακη;;1
επιτελεσασ;;1
μετεκινηθησαν;;1
κατακαεντα;;1
κλαζομενιων;;1
εινατον;;1
προνηιου;;1
επικιρναται;;1
θεοφανιοισι;;1
συντυχον;;1
αργυρεουσ;;1
περιρραντηρια;;1
λακε;;1
δαιμονιων;;1
περιρραντηριων;;1
επισημα;;1
χευματα;;1
τριπηχυ;;1
αρτοκοπου;;1
ζωνασ;;1
αμφιαρεωι;;1
σακοσ;;1
στερεην;;1
ξυστον;;1
λογχηισι;;1
απεπεμφθησαν;;1
εξευρηματων;;1
επειρωται;;1
συνεδραμον;;1
προλεγουσαι;;1
εξευροντα;;1
υπερησθη;;1
πυθω;;1
στατηρσι;;1
προμαντηιην;;1
προεδριην;;1
ενεφορεετο;;1
χρηστηριαζομενοσ;;1
πολυχρονιοσ;;1
ποδαβρε;;1
πολυψηφιδα;;1
αιδεισθαι;;1
προσκτησαιτο;;1
δωρικου;;1
ιωνικου;;1
προκεκριμενα;;1
πολυπλανητον;;1
δευκαλιωνοσ;;1
φθιωτιν;;1
ιστιαιωτιν;;1
εξανεστη;;1
πινδωι;;1
δρυοπιδα;;1
μετεβη;;1
ελθον;;1
ομουροι;;1
θεσσαλιωτιν;;1
πλακιην;;1
σκυλακην;;1
οικισαντων;;1
πελασγικα;;1
μεταβοληι;;1
μετεμαθε;;1
πλακιηνοι;;1
δηλουσι;;1
χαρακτηρα;;1
μεταβαινοντεσ;;1
διαχραται;;1
καταφαινεται;;1
αποσχισθεν;;1
πελασγικου;;1
αυξηται;;1
προσκεχωρηκοτων;;1
αυξηθηναι;;1
διεσπασμενον;;1
θεωρεοντι;;1
θυσαντοσ;;1
εμπλεοι;;1
εζεσαν;;1
υπερεβαλον;;1
απειπασθαι;;1
παραινεσαντοσ;;1
στασιαζοντων;;1
παραλων;;1
προεστεωτοσ;;1
αριστολαιδεω;;1
καταφρονησασ;;1
υπερακριων;;1
τρωματισασ;;1
εχθρουσ;;1
ηθελησαν;;1
ευδοκιμησασ;;1
στρατηγιηι;;1
νισαιαν;;1
κορυνηφοροι;;1
συνεπανασταντεσ;;1
συνταραξασ;;1
θεσμια;;1
μεταλλαξασ;;1
κατεστεωσι;;1
κοσμεων;;1
ερριζωμενην;;1
απεβαλε;;1
περιελαυνομενοσ;;1
ενδεξαμενου;;1
ομολογησαντοσ;;1
κατοδωι;;1
ευηθεστατον;;1
απεκριθη;;1
παλαιτερου;;1
δεξιωτερον;;1
ηλιθιου;;1
απηλλαγμενον;;1
παιανιει;;1
φυη;;1
απολειπουσα;;1
προδεξαντεσ;;1
σχημα;;1
ευπρεπεστατον;;1
φανεεσθαι;;1
δεκεσθε;;1
τιμησασα;;1
προσευχοντο;;1
μεγακλεα;;1
υπαρχοντων;;1
εναγεων;;1
νεογαμου;;1
εκρυπτε;;1
ιστορεουσηι;;1
ατιμαζεσθαι;;1
καταλλασσετο;;1
νικησαντοσ;;1
ηγειρον;;1
δωτινασ;;1
προαιδεατο;;1
παρασχοντων;;1
δοσι;;1
διεφυ;;1
εξηρτυτο;;1
ναξιοσ;;1
λυγδαμισ;;1
πλειστην;;1
ενδεκατου;;1
δημων;;1
προσερρεον;;1
ασπαστοτερον;;1
μεταυτισ;;1
παλληνιδοσ;;1
αμφιλυτοσ;;1
ακαρναν;;1
χρησμολογοσ;;1
προσιων;;1
ερριπται;;1
βολοσ;;1
δικτυον;;1
εκπεπετασται;;1
θυννοι;;1
οιμησουσι;;1
σεληναιησ;;1
ενθεαζων;;1
χρησθεν;;1
κυβουσ;;1
σοφωτατην;;1
αλισθειεν;;1
διεσκεδασμενοι;;1
αναβιβασασ;;1
καταλαμβανοντεσ;;1
θαρσεειν;;1
ερριζωσε;;1
συνοδοισι;;1
φυγοντων;;1
λυγδαμι;;1
εποψισ;;1
εξορυξασ;;1
μετεφορεε;;1
επεπτωκεσαν;;1
οικηιησ;;1
κατεχοντα;;1
κατυπερτερουσ;;1
ηγησικλεοσ;;1
ευτυχεοντεσ;;1
κακονομωτατοι;;1
απροσμικτοι;;1
ποτι;;1
πιονα;;1
ζηνι;;1
πασιν;;1
διζω;;1
μαντευσομαι;;1
λυκουργον;;1
αδελφιδεου;;1
επετροπευσε;;1
μετεστησε;;1
εφυλαξε;;1
παραβαινειν;;1
ενωμοτιασ;;1
τριηκαδασ;;1
συσσιτια;;1
γεροντασ;;1
λυκουργοσ;;1
ευνομηθησαν;;1
λυκουργωι;;1
εισαμενοι;;1
αγαθηι;;1
ευθενηθησαν;;1
απεχρα;;1
βαλανηφαγοι;;1
εασιν;;1
σ;;1
αποκωλυσουσιν;;1
μεγαιρω;;1
ποσσικροτον;;1
ορχησασθαι;;1
διαμετρησασθαι;;1
απειχοντο;;1
κιβδηλωι;;1
εξανδραποδιευμενοι;;1
εζωγρηθησαν;;1
διαμετρησαμενοι;;1
σοαι;;1
επαγαγομενουσ;;1
κεοιτο;;1
ορεστησ;;1
ειρωτωσι;;1
τεγεη;;1
λευρωι;;1
πνειουσι;;1
δυω;;1
κρατερησ;;1
τυποσ;;1
αντιτυποσ;;1
πημ;;1
αγαμεμνονιδην;;1
φυσιζοοσ;;1
αια;;1
κομισσαμενοσ;;1
επιταρροθοσ;;1
απειχον;;1
εξευρεσιοσ;;1
αγαθοεργων;;1
αγαθοεργοι;;1
εξιοντεσ;;1
πρεσβυτατοι;;1
εξιωσι;;1
διαπεμπομενουσ;;1
ελινυειν;;1
επιμιξιησ;;1
αποθωμαζοντα;;1
εθωμαζεσ;;1
επετυχον;;1
επταπηχει;;1
ανοιξα;;1
συνεχωσα;;1
εννωσασ;;1
ορεστην;;1
ακμονα;;1
σφυραν;;1
αντιτυπον;;1
πημα;;1
πλαστου;;1
εκδιδοντοσ;;1
ενοικισθη;;1
ανορυξασ;;1
κατεστραμμενη;;1
δωρασ;;1
μαχιησ;;1
προεσταναι;;1
προσκαλεομαι;;1
ησθησαν;;1
απιξι;;1
γεγονυιαι;;1
λακωνικησ;;1
θορνακι;;1
προκρινασ;;1
επαγγειλαντι;;1
ζωιδιων;;1
αντιδουναι;;1
λεγομενασ;;1
σαμιην;;1
απελοιατο;;1
ηλωκεναι;;1
ιδιωτασ;;1
πριαμενουσ;;1
απαιρεθειησαν;;1
καταιρησειν;;1
νομιζομενοσ;;1
σανδανισ;;1
παρασκευαζεαι;;1
σκυτινασ;;1
υδροποτεουσι;;1
συκα;;1
νικησεισ;;1
απαιρησεαι;;1
νικηθηισ;;1
περιεξονται;;1
απωστοι;;1
αβρον;;1
ονομαζονται;;1
λυδικησ;;1
αρμενιου;;1
ματιηνουσ;;1
καππαδοκασ;;1
παφλαγονασ;;1
ιμερωι;;1
προσκτησασθαι;;1
ιλη;;1
στασιασασα;;1
υπεξηλθε;;1
νοστησαντασ;;1
διδασκομενων;;1
κατακοψαι;;1
σκευαζειν;;1
κομιζεσθαι;;1
επασαντο;;1
εξαιτεοντι;;1
νυκτομαχιην;;1
συνεστεωσησ;;1
μεταλλαγην;;1
μεταβολη;;1
συμβιβασαντεσ;;1
σπευσαντεσ;;1
επαλλαγην;;1
αρυηνιν;;1
ισχυρησ;;1
συμβασιεσ;;1
συμμενειν;;1
επιταμωνται;;1
ομοχροιην;;1
αναλειχουσι;;1
κιβδηλου;;1
θαλην;;1
βαθεαν;;1
μηνοειδεα;;1
εκτραπομενοσ;;1
εσβαλλοι;;1
εσχισθη;;1
διαβατοσ;;1
αποξηρανθηναι;;1
καππαδοκιησ;;1
πτεριην;;1
πτεριη;;1
φθειρων;;1
πτεριων;;1
ηνδραποδισατο;;1
περιοικιδασ;;1
αγειρασ;;1
απισταναι;;1
αντεστρατοπεδευσατο;;1
ηγωνισατο;;1
παρακαλεσασ;;1
επαγγειλασ;;1
ρητον;;1
ενενωτο;;1
στρατευειν;;1
μαχεσαμενον;;1
ξεινικοσ;;1
διεσκεδασε;;1
ελασηι;;1
ενεπλησθη;;1
φανεντων;;1
μετιεντεσ;;1
εξηγητεων;;1
ηλωκοτι;;1
διασκεδαν;;1
αλισθηναι;;1
επικαταλαβοι;;1
εξηγε;;1
ανδρηιοτερον;;1
αλκιμωτερον;;1
λυδιου;;1
ιππευεσθαι;;1
σαρδιηνου;;1
συρρηγνυουσι;;1
δινδυμηνησ;;1
φωκαιην;;1
σιτοφοροι;;1
απελων;;1
ανεβησε;;1
ιππαδα;;1
ενεσταλμενουσ;;1
προσεταξε;;1
καμηλωι;;1
διετεταχατο;;1
συλλαμβανομενοσ;;1
αμυνηται;;1
φοβεεται;;1
ανεχεται;;1
οσφραινομενοσ;;1
εσεσοφιστο;;1
συνηισαν;;1
ωσφραντο;;1
ανεστρεφον;;1
δειλοι;;1
διεπεμποντο;;1
προερεοντεσ;;1
πολιορκεομενου;;1
συνεπεπτωκεε;;1
ερισ;;1
θυρεησ;;1
αργολιδοσ;;1
αποταμομενοι;;1
μαλεων;;1
κυθηριη;;1
σφετερηι;;1
αποταμνομενηι;;1
περιγενωνται;;1
αγωνιζομενων;;1
εσσουμενουσ;;1
επαμυνοιεν;;1
ισοπαλεων;;1
υπελειποντο;;1
αλκηνωρ;;1
χρομιοσ;;1
υπελειφθησαν;;1
νενικηκοτεσ;;1
σκυλευσασ;;1
προσφορησασ;;1
περιγεγονασι;;1
αποφαινοντεσ;;1
σκυλευσαντα;;1
τελουσ;;1
εριδοσ;;1
κατακειραμενοι;;1
επαναγκεσ;;1
καταρην;;1
θρεψειν;;1
χρυσοφορησειν;;1
ανασωσωνται;;1
κομαν;;1
περιλειφθεντα;;1
οθρυαδην;;1
αισχυνομενον;;1
συλλοχιτεων;;1
διεφθαρμενων;;1
θυρεηισι;;1
ενεστεωτων;;1
παρεσκευασμενοισι;;1
ηλωκοι;;1
εχοιτο;;1
τεσσερεσκαιδεκατη;;1
επιβαντι;;1
πειρησαμενησ;;1
πεπαυμενων;;1
προσβαινων;;1
αποτομοσ;;1
αμαχοσ;;1
περιηνεικε;;1
δικασαντων;;1
περιενειχθεντοσ;;1
αναλωτοι;;1
περιενεικασ;;1
αποτομον;;1
καταβαντα;;1
κατακυλισθεισαν;;1
εφρασθη;;1
εβαλετο;;1
ανεβεβηκεε;;1
προσβαντων;;1
επορθεετο;;1
επιεικησ;;1
παρελθουσηι;;1
ευεστοι;;1
επιφραζομενοσ;;1
επεπομφεε;;1
νηπιε;;1
βουλευ;;1
πολυευκτον;;1
ιην;;1
φθεγγομενου;;1
λωιον;;1
αμφισ;;1
εμμεναι;;1
αυδησει;;1
ηματι;;1
ανολβωι;;1
αλισκομενου;;1
αλλογνωσασ;;1
αποκτενεων;;1
παρημεληκεε;;1
διεφερε;;1
πληγεντι;;1
δεουσ;;1
ερρηξε;;1
κτεινε;;1
εφθεγξατο;;1
εφωνεε;;1
πολιορκηθεντα;;1
δεδεμενον;;1
καταγιειν;;1
επιτελεσαι;;1
θεοσεβεα;;1
κατακαυθηναι;;1
εστεωτι;;1
σολωνοσ;;1
προσστηναι;;1
ανενεικαμενον;;1
αναστεναξαντα;;1
ερμηνεασ;;1
επικαλεοιτο;;1
τυραννοισι;;1
προετιμησα;;1
ασημα;;1
λιπαρεοντων;;1
οχλον;;1
αποφλαυρισειε;;1
αποβεβηκοι;;1
ανθρωπινον;;1
ολβιουσ;;1
αμμενησ;;1
μεταγνοντα;;1
εννωσαντα;;1
διδοιη;;1
επιλεξαμενον;;1
καταβιβαζειν;;1
πειρωμενουσ;;1
μεταγνωσιν;;1
σβεννυντα;;1
επιβωσασθαι;;1
επικαλεομενον;;1
κεχαρισμενον;;1
δακρυοντα;;1
συνδραμειν;;1
καταρραγηναι;;1
λαβροτατωι;;1
κατασβεσθηναι;;1
θεοφιλησ;;1
καταβιβασαντα;;1
φιλου;;1
κακοδαιμονιηι;;1
ανοητοσ;;1
πατερεσ;;1
δαιμοσι;;1
λυσασ;;1
προμηθιηι;;1
συννοιηι;;1
επιστραφεισ;;1
ιδομενοσ;;1
διαφορεει;;1
ενορωιη;;1
υβρισται;;1
αχρηματοι;;1
περιιδηισ;;1
διαρπασαντασ;;1
κατασχοντασ;;1
επαναστησομενον;;1
αρεσκει;;1
εκφεροντασ;;1
απαιρεομενοι;;1
δεκατευθηναι;;1
απεχθησεαι;;1
απαιρεομενοσ;;1
προησουσι;;1
υπερηδετο;;1
αναρτημενου;;1
αιτεο;;1
εασασ;;1
χαριεαι;;1
ετιμησα;;1
εξαπαταν;;1
επηγορεων;;1
παραιτεοιτο;;1
επαλιλλογησε;;1
μαντηιωι;;1
εστρατευσατο;;1
παραιτεομενοσ;;1
ονειδισαι;;1
τευξεαι;;1
δεηι;;1
ουδον;;1
επαισχυνεται;;1
δεικνυντασ;;1
αχαριστοισι;;1
πεπρωμενην;;1
γονεοσ;;1
γυναικηιωι;;1
προσηκουσαν;;1
λοξιεω;;1
παραγαγειν;;1
ηνυσε;;1
επανεβαλετο;;1
επιστασθω;;1
πεπρωμενησ;;1
επηρκεσε;;1
μεμφεται;;1
επανειρομενοσ;;1
αποφαινετω;;1
χρηστηριαζομενωι;;1
ημιονου;;1
ομοεθνεων;;1
αμεινονοσ;;1
υποδεεστερου;;1
μηδισ;;1
δεσποινηι;;1
απηγγειλαν;;1
συνεγνω;;1
εξαπολωλε;;1
πατρωιων;;1
εχθρου;;1
αντιστασιωτησ;;1
συσπευδων;;1
πανταλεοντι;;1
ομομητριοσ;;1
καειρησ;;1
αντιπρησσοντα;;1
κναφου;;1
κατιρωσασ;;1
θωματα;;1
λυδιη;;1
συγγραφην;;1
καταφερομενου;;1
κρηπισ;;1
αγοραιοι;;1
χειρωνακτεσ;;1
ενεργαζομεναι;;1
παιδισκαι;;1
ουροι;;1
ενεκεκολαπτο;;1
μετρεομενον;;1
παιδισκεων;;1
πορνευονται;;1
συλλεγουσαι;;1
φερνασ;;1
συνοικησωσι;;1
ποιευσαι;;1
εωυτασ;;1
αιειναον;;1
καταπορνευουσι;;1
παιγνιασ;;1
εξευρημα;;1
αποικισαι;;1
λιπαρεοντασ;;1
ακεα;;1
επιμηχανασθαι;;1
κυβων;;1
αστραγαλων;;1
σφαιρησ;;1
πεσσων;;1
εξευρεσιν;;1
ζητεοιεν;;1
παυομενουσ;;1
διελοντα;;1
κληρωσαι;;1
μονηι;;1
λαγχανουσηι;;1
απαλλασσομενηι;;1
τυρσηνον;;1
λαχοντασ;;1
εσθεμενουσ;;1
παραμειψαμενουσ;;1
ομβρικουσ;;1
μετονομασθηναι;;1
τυρσηνουσ;;1
εδεδουλωντο;;1
επιδιζηται;;1
ηγησαντο;;1
γραψω;;1
φηναι;;1
αυτονομων;;1
περιηλθον;;1
επιθεμενοσ;;1
ησκεε;;1
μνωμενοσ;;1
κωμηισι;;1
δικαζων;;1
πιπτοντεσ;;1
αδικοισι;;1
δηιοκην;;1
δικασομενοι;;1
επετρεποντο;;1
επιφοιτωντοσ;;1
πυνθανομενων;;1
αποβαινειν;;1
κατιζειν;;1
δικαν;;1
λυσιτελεειν;;1
εξημεληκοτα;;1
στησωμεν;;1
ευνομησεται;;1
τρεψομεθα;;1
προβαλλομενων;;1
προβαλλομενοσ;;1
αινεομενοσ;;1
κρατυναι;;1
οικοδομεουσι;;1
περιστελλοντασ;;1
επιμελεσθαι;;1
οικοδομεει;;1
καρτερα;;1
προμαχεωσι;;1
υψηλοτεροσ;;1
συμμαχεει;;1
επετηδευθη;;1
δευτερου;;1
φοινικεοι;;1
κυανεοι;;1
σανδαρακινοι;;1
ηνθισμενοι;;1
φαρμακοισι;;1
καταργυρωμενουσ;;1
κατακεχρυσωμενουσ;;1
οικοδομηθεντων;;1
ορασθαι;;1
γελαν;;1
πτυειν;;1
εσεμνυνε;;1
ομηλικεσ;;1
συντροφοι;;1
φλαυροτερησ;;1
λειπομενοι;;1
λυπεοιατο;;1
επιβου;;1
λευοιεν;;1
ετεροιοσ;;1
διεκοσμησε;;1
γραφοντεσ;;1
εσπεμπεσκον;;1
εσφερομενασ;;1
εκπεμπεσκε;;1
υβριζοντα;;1
μηδικον;;1
συνεστρεψε;;1
βουσαι;;1
παρητακηνοι;;1
στρουχατεσ;;1
αριζαντοι;;1
βουδιοι;;1
παρεδεξατο;;1
απεστεωτων;;1
αλκιμωτεροσ;;1
ελοχισε;;1
αιχμοφορουσ;;1
τοξοφορουσ;;1
αναπεφυρμενα;;1
μαχεσαμενοσ;;1
συστησασ;;1
αρχομενουσ;;1
μαδυησ;;1
προτοθυεω;;1
εκβαλοντεσ;;1
παραμειβομενοισι;;1
μακροτερην;;1
εκτραπομενοι;;1
καυκασιον;;1
κατελυθησαν;;1
αποτρεπει;;1
παρεξελθοντων;;1
ασινεων;;1
εσυλησαν;;1
ουρανιησ;;1
κυθηροισι;;1
συλησασι;;1
διακεαται;;1
εναρεασ;;1
επεβαλλον;;1
ηρπαζον;;1
περιελαυνοντεσ;;1
ξεινισαντεσ;;1
καταμεθυσαντεσ;;1
ανεσωσαντο;;1
βαβυλωνιησ;;1
πλησαι;;1
επικατακλυσαι;;1
δεδοικωσ;;1
ησυχιου;;1
συνοικεουσησ;;1
αιδοιων;;1
φυναι;;1
επιτοκα;;1
γεννωμενον;;1
ονειροπολοι;;1
γονοσ;;1
προσθεω;;1
παραχρησηι;;1
παραβαληι;;1
περιπεσηισ;;1
μανδανη;;1
αποκτεινον;;1
θαψον;;1
αμει;;1
βεται;;1
παρειδεσ;;1
φυλασσομεθα;;1
εξαμαρτειν;;1
υπηρετεεσθαι;;1
παρεδοθη;;1
κλαιων;;1
παραφρονησει;;1
μανεεται;;1
προσθησομαι;;1
υπηρετησω;;1
φονευσω;;1
συγγενησ;;1
αναβηναι;;1
κινδυνων;;1
βουκολων;;1
επιτηδεοτατασ;;1
νεμοντα;;1
θηριωδεστατα;;1
μιτραδατησ;;1
συνδουληι;;1
σπακω;;1
σπακα;;1
υπωρειαι;;1
υψηλη;;1
συνηρεφησ;;1
απεδοσ;;1
διαφθαρειη;;1
αποκτεινηισ;;1
περιποιησηισ;;1
ολεθρωι;;1
κακιστωι;;1
διαχρησεσθαι;;1
τεταγμαι;;1
επαυλιν;;1
επιτεξ;;1
τοκου;;1
αελπτου;;1
κατειχετο;;1
ασπαιρον;;1
κραγγανομενον;;1
ποικιληι;;1
θηριωδεστατον;;1
πολλ;;1
ποιησαιμι;;1
κατεδοξα;;1
εθαμβεον;;1
κλαυθμον;;1
τελλεται;;1
εκκαλυψασ;;1
απεδεικνυε;;1
ευειδεσ;;1
δακρυσασα;;1
επιφοιτησειν;;1
εποψομενουσ;;1
τεθνεοσ;;1
προθεσ;;1
τρεφωμεν;;1
αλωσεαι;;1
κυρησει;;1
θανατωσων;;1
τιθει;;1
παιδιωι;;1
εκκειμενωι;;1
προβοσκων;;1
ετεθαπτο;;1
ονομασθεντα;;1
ετρεφε;;1
θεμενη;;1
δεκαετησ;;1
βουκολιαι;;1
οικοδομεειν;;1
εσφερειν;;1
συμπαιζων;;1
προσταχθεν;;1
διαλαβειν;;1
εμετειθη;;1
αποικτιζετο;;1
δουλου;;1
περιυβρισμεθα;;1
δικηι;;1
επιτηδεοτατοσ;;1
ανηκουστεε;;1
αναγνωσισ;;1
χαρακτηρ;;1
προσωπου;;1
ελευθεριωτερη;;1
εκθεσιοσ;;1
συμβαινειν;;1
αφθογγοσ;;1
ανενειχθεισ;;1
βασανισηι;;1
αρτεμβαρεσ;;1
επιμεμφεσθαι;;1
υπελελειπτο;;1
μουνοθεν;;1
λιτασ;;1
εκφηναντοσ;;1
κατεχρησαο;;1
ενδον;;1
ελεγχομενοσ;;1
αλισκηται;;1
σκοπεων;;1
αναμαρτητοσ;;1
αυθεντησ;;1
κελευοντα;;1
εψευδομην;;1
ενετελλεο;;1
παραμενοντα;;1
κρυπτων;;1
επαλιλλογητο;;1
εκαμνον;;1
μετεστεωσησ;;1
αποπεμψον;;1
νεηλυδα;;1
παρισθι;;1
προσκυνησασ;;1
αμαρτασ;;1
χρηστηισι;;1
εκεκλητο;;1
ετη;;1
ωπτησε;;1
ηψησε;;1
ευτυκα;;1
παρετιθεατο;;1
τραπεζαι;;1
επιπλεαι;;1
μηλεων;;1
κανεωι;;1
κατακεκαλυμμενα;;1
ησθειη;;1
θοινηι;;1
παρεφερον;;1
κατακεκαλυμμενην;;1
προσσταντεσ;;1
αποκαλυπτειν;;1
αποκαλυπτων;;1
λειμματα;;1
εξεπλαγη;;1
βεβρωκοι;;1
αρεστον;;1
ερδηι;;1
θαψειν;;1
βουλευων;;1
επεζωσε;;1
διαιτωμενον;;1
θυρωρουσ;;1
αγγελιηφορουσ;;1
τελεωσ;;1
ονομασθεντοσ;;1
συμβουλευσατε;;1
περισκεψαμενοι;;1
ασφαλεστατα;;1
κατορθουσθαι;;1
κεινωσ;;1
αλλοτριουται;;1
περιιουσα;;1
δουλουμεθα;;1
ενεστεωτοσ;;1
πολιητεω;;1
προοπτεον;;1
φοβερον;;1
ενωρωμεν;;1
προεφραζομεν;;1
αποσκηψαντοσ;;1
φλαυρον;;1
θαρσεομεν;;1
παρακελευομεθα;;1
γειναμενουσ;;1
τελεην;;1
ηδικεον;;1
σεωτου;;1
μιτραδατην;;1
γειναμενοι;;1
ασπαζοντο;;1
περιγενοιτο;;1
κειθεν;;1
πομπων;;1
τραφηναι;;1
θειοτερωσ;;1
εξεθρεψε;;1
ανδρουμενωι;;1
ανδρηιοτατωι;;1
προσφιλεστατωι;;1
επιθυμεων;;1
ιδιωτεω;;1
επιτρεφομενον;;1
παθασ;;1
ομοιουμενοσ;;1
συμμισγων;;1
προστησαμενουσ;;1
κατεργασμενου;;1
διαιτωμενωι;;1
μηχανησαμενοσ;;1
ανασχισασ;;1
αποτιλασ;;1
εσεθηκε;;1
απορραψασ;;1
λαγου;;1
δικτυα;;1
θηρευτηι;;1
πιστοτατωι;;1
επειπειν;;1
διελειν;;1
ανεσχισε;;1
επελεγετο;;1
επορωσι;;1
τεισαι;;1
τεθνηκασ;;1
εκμεμαθηκεναι;;1
απεκτεινα;;1
εδωκα;;1
αναπεισασ;;1
αποδεχθεω;;1
σοφωτατωι;;1
καιριωτατα;;1
αναπτυξασ;;1
δρεπανον;;1
συναλισε;;1
αρτεαται;;1
μαραφιοι;;1
μασπιοι;;1
αχαιμενιδαι;;1
φρητρη;;1
περσειδαι;;1
πανθιαλαιοι;;1
δηρουσιαιοι;;1
γερμανιοι;;1
δαοι;;1
μαρδοι;;1
δροπικοι;;1
προειρη;;1
ακανθωδησ;;1
εξημερωσαι;;1
επιτελεσαντων;;1
λελουμενουσ;;1
αιπολια;;1
ποιμνασ;;1
βουκολια;;1
παρεσκευαζε;;1
δεξομενοσ;;1
επιτηδεοτατοισι;;1
κατακλινασ;;1
λειμωνα;;1
δουλοπρεπεα;;1
πονοι;;1
χθιζωι;;1
φλαυρο;;1
τερουσ;;1
απιστασθε;;1
ελευθερουντο;;1
απαγγελλειν;;1
βουλησεται;;1
εοργεε;;1
μετεσχον;;1
αυτομολεον;;1
εθελο;;1
κακεον;;1
απειλεων;;1
χαιρησει;;1
ονειροπολουσ;;1
νεουσ;;1
πρεσβυτασ;;1
βαλε;;1
αιχμαλωτωι;;1
προσστασ;;1
κατεχαιρε;;1
κατεκερτομεε;;1
θυμαλγεα;;1
σαρξι;;1
εθοινησε;;1
δουλοσυνη;;1
προσιδων;;1
αντειρετο;;1
γραψαι;;1
κατεδουλωσε;;1
περιθειναι;;1
αναιτιουσ;;1
δεσποτεων;;1
κατεπαυσθη;;1
υπεκυψαν;;1
πικροτητα;;1
κατεστραφησαν;;1
τραφεισ;;1
ιδρυεσθαι;;1
μωριην;;1
επιφερουσι;;1
ανθρωποφυεασ;;1
ενομισαν;;1
υψηλοτατα;;1
επιμεμαθηκασι;;1
ουρανιηι;;1
μιτραν;;1
ειρημενουσ;;1
μελλοντεσ;;1
σπονδηι;;1
αυλωι;;1
ουληισι;;1
θεληι;;1
εστεφανωμενοσ;;1
τιηρην;;1
θυοντι;;1
αρασθαι;;1
διαμιστυλασ;;1
εψησηι;;1
υποπασασ;;1
απαλωτατην;;1
τριφυλλον;;1
διαθεντοσ;;1
επαειδει;;1
επαοιδην;;1
προτιθεσθαι;;1
επιφορημασι;;1
πεινωντασ;;1
παραφορεεται;;1
παραφεροιτο;;1
εσθιοντασ;;1
προσκεαται;;1
εμεσαι;;1
φυλασσεται;;1
σπουδαιεστατα;;1
προτιθει;;1
στεγαρχοσ;;1
βουλευωνται;;1
μετιεισι;;1
νηφοντεσ;;1
προβουλευσωνται;;1
επιδιαγινωσκουσι;;1
εντυγχανοντεσ;;1
παρειασ;;1
φιλεονται;;1
αγεννεστεροσ;;1
προσπιπτων;;1
προσκυνεει;;1
δευτερουσ;;1
προβαινοντεσ;;1
ομουρων;;1
επιτροπευον;;1
προσιενται;;1
νομισαντεσ;;1
καλλιω;;1
ευπαθειασ;;1
παντοδαπασ;;1
γαμεουσι;;1
ανδραγαθιη;;1
αποδεξηι;;1
αποδεικνυντι;;1
παιδευουσι;;1
πενταετεοσ;;1
εικοσαετεοσ;;1
ιππευειν;;1
αληθιζεσθαι;;1
πενταετησ;;1
ασην;;1
προσβαληι;;1
ευρισκηι;;1
αδικηματα;;1
υπουργηματων;;1
αναζητεομενα;;1
ανευρεθηναι;;1
υποβολιμαια;;1
μοιχιδια;;1
τοκεα;;1
αισχιστον;;1
οφειλοντα;;1
λεπρην;;1
αμαρτοντα;;1
λαμβανομενον;;1
περιστερασ;;1
επιφεροντεσ;;1
ενουρεουσι;;1
εμπτυουσι;;1
εναπονιζονται;;1
περιορωσι;;1
συμπεπτωκε;;1
μεγαλοπρεπειηι;;1
σιγμα;;1
κρυπτομενα;;1
θαπτεται;;1
ελκυσθηι;;1
κατακηρωσαντεσ;;1
αγνευουσι;;1
αγωνισμα;;1
ερπετα;;1
ενομισθη;;1
προισχοντο;;1
αυλεειν;;1
εξειρυσαι;;1
παλλομενουσ;;1
παυεσθε;;1
αυλεοντοσ;;1
ηθελετε;;1
κατεργασμενων;;1
υγρου;;1
πιεζομενα;;1
θερμου;;1
αυχμωδεοσ;;1
παραγωγεων;;1
μυουσ;;1
πριηνη;;1
διαλεγομεναι;;1
λυδιηι;;1
εφεσοσ;;1
κολοφων;;1
λεβεδοσ;;1
λεχθεισηισι;;1
ομοφωνεουσι;;1
ερυθραι;;1
διαλεγονται;;1
χαρακτηρεσ;;1
φοβου;;1
ναυβαται;;1
απεσχισθησαν;;1
ασθενεοσ;;1
επαισχυνεσθαι;;1
ηγαλλοντο;;1
μεταδουναι;;1
μηδαμοισι;;1
μετασχειν;;1
σμυρναιοι;;1
πενταπολιοσ;;1
εξαπολιοσ;;1
φυλασσονται;;1
προσοικων;;1
τριοπικον;;1
ανομησαντασ;;1
αγωνι;;1
ετιθεσαν;;1
τριποδασ;;1
λαμβανοντασ;;1
αγασικλεησ;;1
προσεπασσαλευσε;;1
λινδοσ;;1
ιηλυσοσ;;1
καμειροσ;;1
αλικαρνησσον;;1
εξελασαντων;;1
πελληνη;;1
αιγειρα;;1
αιγαι;;1
κραθισ;;1
αιειναοσ;;1
βουρα;;1
ελικη;;1
αιγιον;;1
ρυπεσ;;1
πατρεεσ;;1
φαρεεσ;;1
ωλενοσ;;1
πειροσ;;1
δυμη;;1
τριταιεεσ;;1
μεσογαιοι;;1
μωριη;;1
αβαντεσ;;1
αποδασμιοι;;1
μολοσσοι;;1
πρυτανηιου;;1
ηγαγοντο;;1
καειρασ;;1
θεμεναι;;1
ομοσιτησα;;1
βωσαι;;1
συνοικεον;;1
ιππολοχου;;1
πυλιουσ;;1
μελανθου;;1
συναμφοτερουσ;;1
περιεχονται;;1
εστωσαν;;1
καθαρωσ;;1
εφεσιων;;1
εξαραιρημενοσ;;1
ελικωνιωι;;1
μυκαλη;;1
πανιωνια;;1
ορται;;1
κυμη;;1
φρικωνισ;;1
ληρισαι;;1
τημνοσ;;1
κιλλα;;1
νοτιον;;1
αιγιροεσσα;;1
πιτανη;;1
αιγαιαι;;1
μυρινα;;1
γρυνεια;;1
αρχαιαι;;1
κολοφωνιουσ;;1
φυλα;;1
αποδοντων;;1
επιδιειλοντο;;1
ηπειρωτιδεσ;;1
αρισβαν;;1
ηνδραποδισαν;;1
μηθυμναιοι;;1
ομαιμουσ;;1
καλεομενηισι;;1
τενεδιοισι;;1
φωκαιεα;;1
πυθερμοσ;;1
συνελθοιεν;;1
πεντηκοντερωι;;1
λακρινησ;;1
απερεοντα;;1
σιναμωρεειν;;1
περιοψομενων;;1
ειποντοσ;;1
προαγορευουσι;;1
αποδεδεγμενοσ;;1
ομνυντεσ;;1
εξαπατωσι;;1
υγιαινω;;1
ελλεσχα;;1
αγορασ;;1
στησαμενοι;;1
ωνηι;;1
αγορηισι;;1
ταβαλωι;;1
πακτυηι;;1
εμποδιοσ;;1
απηλασε;;1
απεστησε;;1
ταβαλου;;1
επιθαλασσιουσ;;1
παυσονται;;1
φροντιζω;;1
φεισαιτο;;1
αγω;;1
απεστασι;;1
χρεο;;1
εξαναστησηισ;;1
αναμαξασ;;1
δοτω;;1
επιταξον;;1
απειπε;;1
υποδεεσθαι;;1
κιθαριζειν;;1
ψαλλειν;;1
καπηλευειν;;1
παιδευειν;;1
ευρισκων;;1
ανδραποδισθεντασ;;1
αξιοχρεον;;1
προτεινηι;;1
υπεκδραμωσι;;1
μαζαρεα;;1
εστρατευσαντο;;1
κελευσμοσυνησ;;1
συμβουλησ;;1
ανοισαι;;1
πανορμου;;1
απιστεων;;1
πακτυεω;;1
επειρησομενοι;;1
επειρωτεων;;1
προειναι;;1
τετολμηκαμεν;;1
δηλωθηι;;1
εξαιρεε;;1
στρουθουσ;;1
νενεοσσευμενα;;1
ανοσιωτατε;;1
κεραιζεισ;;1
απορησαντα;;1
ικετηισι;;1
βοηθεεισ;;1
ναι;;1
ασεβησαντεσ;;1
απολησθε;;1
ικετεων;;1
εκδοσιοσ;;1
ελθητε;;1
πολιορκεεσθαι;;1
επιπεμποντοσ;;1
μαζαρεοσ;;1
ετελεωθη;;1
εκκομιζουσι;;1
πολιουχου;;1
αποσπασθεισ;;1
εξεδοθη;;1
αταρνει;;1
αντιοσ;;1
ολιγοσ;;1
ουλασ;;1
πεμματα;;1
επεσσετο;;1
απειχετο;;1
συμπολιορκησαντασ;;1
εξηνδραποδισατο;;1
επεδραμε;;1
ανομωι;;1
εδαισε;;1
συγκατεργασαμενοσ;;1
αποδεχθεισ;;1
χωμασι;;1
τειχηρεασ;;1
χων;;1
επορθεε;;1
φωκαιηι;;1
ιβηριην;;1
εναυτιλλοντο;;1
στρογγυληισι;;1
ταρτησσιων;;1
ταρτησσου;;1
εβιωσε;;1
φωκαιεασ;;1
αυξοιτο;;1
συναρμοσμενων;;1
επηλασε;;1
προισχομενοσ;;1
καταχραι;;1
προμαχεωνα;;1
ερειψαι;;1
κατιρωσαι;;1
περιημεκτεοντεσ;;1
εσθεμενοι;;1
γραφη;;1
οινουσσασ;;1
πωλεειν;;1
αποκληισθηι;;1
εστελλοντο;;1
ενεκτησαντο;;1
αλαλιη;;1
εφρουρεε;;1
παραδεξαμενη;;1
καταρασ;;1
υπολειπομενωι;;1
κατεποντωσαν;;1
ωμοσαν;;1
στελλομενων;;1
ποθοσ;;1
ψευδορκιοι;;1
οινουσσεων;;1
ενιδρυσαντο;;1
αντιαζον;;1
σαρδονιον;;1
συμμισγοντων;;1
καδμειη;;1
αχρηστοι;;1
απεστραφατο;;1
εμβολουσ;;1
αλαλιην;;1
οιαι;;1
διαφθαρεισεων;;1
αγυλλαιοισι;;1
παριοντα;;1
καταλευσθεντεσ;;1
διαστροφα;;1
εμπηρα;;1
αποπληκτα;;1
διεχρησαντο;;1
εκτησαντο;;1
οινωτριησ;;1
υελη;;1
ποσειδωνιητεω;;1
ηρων;;1
φωκαιησ;;1
κλαζομενιοσ;;1
τιμησιοσ;;1
κτισασ;;1
απωνητο;;1
αβδηροισι;;1
πατριδασ;;1
ευδαιμονεειν;;1
αερθεντασ;;1
απαλλαχθεντασ;;1
ευδαιμονησειν;;1
νεμομενουσ;;1
βιαντοσ;;1
πριηνεοσ;;1
διεφθαρμενοισι;;1
θαλεω;;1
δημοι;;1
τοιασδε;;1
καυνιουσ;;1
λελεγεσ;;1
υποτελεοντεσ;;1
κατεστραμμενου;;1
ευτυχεοντοσ;;1
εξευρηματα;;1
επιδεεσθαι;;1
οχανων;;1
σκυτινοισι;;1
οιηκιζοντεσ;;1
αυχεσι;;1
αριστεροισι;;1
περικειμενοι;;1
αυτοχθονασ;;1
μυλασοισι;;1
καριου;;1
μυσοισι;;1
κασιγνητοισι;;1
μυσον;;1
καροσ;;1
καυνικον;;1
ιλαδον;;1
συγγινεσθαι;;1
ιδρυθεντων;;1
ξεινικων;;1
καλυνδικων;;1
εκβαλλειν;;1
διενειχθεντων;;1
σαρπηδονοσ;;1
απωσθεντεσ;;1
μιλυαδα;;1
μιλυασ;;1
σολυμοι;;1
σαρπηδων;;1
αιγεοσ;;1
τερμιλασ;;1
κρητικοισι;;1
καρικοισι;;1
μητερων;;1
καταλεξει;;1
ανανεμεεται;;1
συνοικησηι;;1
γενναια;;1
αστοσ;;1
ξεινην;;1
τετραμμενησ;;1
τριοπιον;;1
αργμενησ;;1
βυβασσιησ;;1
κνιδιησ;;1
περιρροου;;1
κεραμεικοσ;;1
συμην;;1
κνιδιη;;1
εργαζομενων;;1
κνιδιων;;1
θειοτερον;;1
τιτρωσκεσθαι;;1
οικοτοσ;;1
θραυομενησ;;1
πυργουτε;;1
ορυσσετε;;1
κ;;1
χρησασησ;;1
ανεπιτηδεον;;1
αντεσχον;;1
παρεσχον;;1
λιδη;;1
ξανθιον;;1
επεξιοντεσ;;1
συνηλισαν;;1
υπηψαν;;1
συνομοσαντεσ;;1
δεινουσ;;1
επεξελθοντεσ;;1
ξανθιοι;;1
ξανθιων;;1
ιστιεων;;1
ιστιαι;;1
εκδημεουσαι;;1
ξανθον;;1
εμιμησαντο;;1
παριεισ;;1
επετιθετο;;1
αναστατου;;1
συνα;;1
ταφροσ;;1
βασιληιοσ;;1
μετριου;;1
εργαστο;;1
επλινθευον;;1
εκφερομενην;;1
ικανασ;;1
ωπτησαν;;1
τελματι;;1
ασφαλτωι;;1
δομων;;1
πλινθου;;1
διαστοιβαζοντεσ;;1
μουνοκωλα;;1
περιελασιν;;1
ενεστασι;;1
υπερθυρα;;1
θρομβουσ;;1
αναδιδοι;;1
εκομισθη;;1
φαρσεα;;1
διεργει;;1
βαθυσ;;1
ταχυσ;;1
αγκωνασ;;1
εληλαται;;1
επικαμπαι;;1
οπτεων;;1
πληρεσ;;1
οικιεων;;1
τριοροφων;;1
τετροροφων;;1
ιθεασ;;1
αιμασιηι;;1
πυλιδεσ;;1
λαυραι;;1
φερουσαι;;1
στεινοτερον;;1
φαρσει;;1
βολωι;;1
ισχυρωι;;1
χαλκοπυλον;;1
επιβεβηκε;;1
μεσουντι;;1
αναβασιοσ;;1
καταγωγη;;1
θωκοι;;1
αμπαυστηριοι;;1
κατιζοντεσ;;1
αμπαυονται;;1
κλινη;;1
ενιδρυμενον;;1
εναυλιζεται;;1
αμπαυεσθαι;;1
κλινησ;;1
εκειθι;;1
κοιμαται;;1
παταροισι;;1
συγκατακληιεται;;1
βαθρον;;1
χρυσεου;;1
γαλαθηνα;;1
ανδριαντι;;1
ετολμησε;;1
απαγορευοντα;;1
κεκοσμηται;;1
επεκοσμησαν;;1
αρξασα;;1
σεμιραμισ;;1
πελαγιζειν;;1
συνετωτερη;;1
αρξασησ;;1
ατρεμιζουσαν;;1
αραιρη;;1
προεφυλαξατο;;1
ορυξασα;;1
κωμεων;;1
ασσυριηι;;1
καταπλεοντεσ;;1
παρεχωσε;;1
ορυσσουσα;;1
ορυσσομενον;;1
αναισιμου;;1
παραχεουσα;;1
αγαγομενη;;1
κρηπιδα;;1
βραδυτεροσ;;1
καμπασ;;1
αγνυμενοσ;;1
πλοοι;;1
σκολιοι;;1
πλοων;;1
εκδεκηται;;1
εργαζετο;;1
εκμανθανοιεν;;1
βαθεοσ;;1
φαρσεων;;1
φαρσεοσ;;1
οχληρον;;1
προειδε;;1
εταμνετο;;1
εκτρεψασα;;1
απεξηρασμενου;;1
ρεεθρου;;1
πυλιδων;;1
ανοικοδομησε;;1
πλινθοισι;;1
οπτηισι;;1
ωρυξατο;;1
οικοδομεε;;1
δεουσα;;1
μολυβδωι;;1
επιτεινεσκε;;1
τετραγωνα;;1
απαειρεσκον;;1
κλεπτοιεν;;1
κατεσκευασμενη;;1
λεωφορων;;1
κατεσκευασατο;;1
ενεκολαψε;;1
σπανισηι;;1
λαβετω;;1
σπανισασ;;1
ανοιξηι;;1
ακινητοσ;;1
διεξελαυνοντι;;1
γραμ;;1
απληστοσ;;1
εασ;;1
αισχροκερδησ;;1
ανοιγεσ;;1
λαβυνητου;;1
στρατευεται;;1
εσκευασμενοσ;;1
απεψημενου;;1
αμαξαι;;1
τετρακυκλοι;;1
ημιονεαι;;1
κομιζουσαι;;1
αγγειοισι;;1
αργυρεοισι;;1
ελαυνηι;;1
γυνδηι;;1
δαρδανεων;;1
λευκων;;1
συμψησασ;;1
υποβρυχιον;;1
εχαλεπαινε;;1
υβρισαντι;;1
επη;;1
πειλησε;;1
βρεχουσασ;;1
διαβησεσθαι;;1
απειλην;;1
στρατευσιν;;1
διαιρεε;;1
σχοινοτενεασ;;1
γυνδεω;;1
τετραμμενασ;;1
θερειην;;1
ετεισατο;;1
διαλαβων;;1
υπελαμπε;;1
επιχειρεοντα;;1
ενειχετο;;1
συχνου;;1
προκοπτομενων;;1
εμβολησ;;1
αχρηιωι;;1
υπονοστησαντοσ;;1
υπονενοστηκοτοσ;;1
εσηισαν;;1
περιιδοντεσ;;1
πυλιδασ;;1
αιμασιασ;;1
εληλαμενασ;;1
κυρτηι;;1
ηλωκοτων;;1
ηλωκοτασ;;1
χορευειν;;1
οσησ;;1
τρεφει;;1
τριτημοριη;;1
ολησ;;1
σατραπηιην;;1
κρατιστη;;1
τριτανταιχμηι;;1
μεστη;;1
μεδιμνου;;1
αττικου;;1
χοινιξι;;1
αττικηισι;;1
πολεμιστηριων;;1
βαινομεναι;;1
εξακισχιλιαι;;1
κωμαι;;1
εκτρεφον;;1
ριζαν;;1
αρδομενον;;1
αδρυνεται;;1
αναβαινοντοσ;;1
κηλωνηιοισι;;1
αρδομενοσ;;1
χειμερινον;;1
νινοσ;;1
οικητο;;1
κεγχρου;;1
βαβυλωνιην;;1
απιστιην;;1
ελαιωι;;1
αλειφαρ;;1
σησαμων;;1
πεφυκοτεσ;;1
συκεων;;1
περιδεουσι;;1
βαλανηφοροισι;;1
πεπαινηι;;1
ψην;;1
βαλανον;;1
απορρεηι;;1
ψηνασ;;1
ολονθοι;;1
πορευομενα;;1
σκυτινα;;1
αρμενιοισι;;1
ιτεησ;;1
ταμομενοι;;1
στεγαστριδασ;;1
εδαφεοσ;;1
αποκρινοντεσ;;1
συναγοντεσ;;1
βικουσ;;1
καταγουσι;;1
ιθυνεται;;1
πληκτρων;;1
ορθων;;1
πληκτρον;;1
πεντακισχιλιων;;1
γομον;;1
μεζοσι;;1
διαθεωνται;;1
καλαμην;;1
εκηρυξαν;;1
επισαξαντεσ;;1
ελαυνοντεσ;;1
ποδηνεκει;;1
λινεωι;;1
ειρινεον;;1
επενδυνει;;1
χλανιδιον;;1
πηισι;;1
βοιωτιηισι;;1
εμβασι;;1
αναδεονται;;1
μεμυρισμενοι;;1
χειροποιητον;;1
σκηπτρωι;;1
κρινον;;1
επισημου;;1
αρτησισ;;1
ενετουσ;;1
συναγαγοιεν;;1
εσαγεσκον;;1
ιστατο;;1
ανιστασ;;1
πωλεεσκε;;1
ευειδεστατην;;1
ευρουσα;;1
πρηθειη;;1
ευειδεστατη;;1
επωλεοντο;;1
συνοικησι;;1
υπερβαλλοντεσ;;1
εξωνεοντο;;1
χρηστου;;1
αισχιονασ;;1
διεξελθοι;;1
πωλεων;;1
ευειδεστατασ;;1
ανιστη;;1
αμορφεστατην;;1
εμπηροσ;;1
υπισταμενωι;;1
προσε;;1
κειτο;;1
ευειδεων;;1
ευμορφοι;;1
αμορφουσ;;1
εμπηρουσ;;1
εκδουναι;;1
εγγυητεω;;1
πριαμενον;;1
εγγυητασ;;1
συνοικησειν;;1
συμφεροιατο;;1
εξευρηκασι;;1
αδικοιεν;;1
ετεραν;;1
αγωνται;;1
οικοφθορηθησαν;;1
σπανιζων;;1
καταπορνευει;;1
καμνοντασ;;1
εκφορεουσι;;1
ιητροισι;;1
καμνων;;1
παθοντα;;1
παραινεουσι;;1
εξεφυγε;;1
μελιτι;;1
οσακισ;;1
θυμιημα;;1
καταγιζομενον;;1
ιζει;;1
ορθρου;;1
αγγεοσ;;1
αψονται;;1
λουσωνται;;1
αισχιστοσ;;1
ζοηι;;1
αξιουμεναι;;1
αναμισγεσθαι;;1
υπερφρονεουσαι;;1
καμαρηισι;;1
ελασασαι;;1
θωμιγγοσ;;1
προσερχονται;;1
απερχονται;;1
σχοινοτενεεσ;;1
διεξοδοι;;1
εκλεγονται;;1
ιζηται;;1
εμβαλοντα;;1
επικαλεω;;1
απωσηται;;1
θεμισ;;1
εμβαλοντι;;1
αποδοκιμαι;;1
αποσιωσαμενη;;1
επαμμεναι;;1
αμορφοι;;1
προσμενουσι;;1
τριετεα;;1
μετεξετεραι;;1
παραπλησιοσ;;1
πατριαι;;1
θηρευσαντεσ;;1
αυηνωσι;;1
ολμον;;1
λεηναντεσ;;1
υπεροισι;;1
σωσι;;1
μαζαν;;1
μαξαμενοσ;;1
αρτου;;1
οπτησασ;;1
ριζασ;;1
εξευρημενουσ;;1
κατατιθεσθαι;;1
ωραιουσ;;1
συνελθωσι;;1
ιλασ;;1
ανακαυσωνται;;1
περιιζομενουσ;;1
επιβαλλειν;;1
οσφραινομενουσ;;1
καταγιζομενου;;1
ανιστασθαι;;1
εξερευγεται;;1
κατοικησθαι;;1
κασπιην;;1
συμμισγουσα;;1
ατλαντισ;;1
ευρυτατη;;1
υψηλοτατον;;1
αγριησ;;1
παρεχομενα;;1
τριβοντασ;;1
παραμισγοντασ;;1
εγγραφειν;;1
εκπλυνεσθαι;;1
συγκαταγηρασκειν;;1
ειριωι;;1
ενυφανθεντα;;1
κασπιησ;;1
απειρον;;1
αποψιν;;1
στρατευσασθαι;;1
επαειροντα;;1
επο;;1
τρυνοντα;;1
γενεσισ;;1
εμνατο;;1
συνιεισα;;1
μνωμενον;;1
απειπατο;;1
διαπορθμευοντων;;1
οικοδομεομενοσ;;1
ειδειησ;;1
βασιλευε;;1
υποθηκηισι;;1
τηισιδε;;1
προθυμεαι;;1
μοχθον;;1
αναχωρησαντων;;1
διαβαινε;;1
συνεκαλεσε;;1
συμβουλευομενοσ;;1
εσδεκεσθαι;;1
τομυριν;;1
αχαριτα;;1
μαθηματα;;1
εγνωκασ;;1
αρχεισ;;1
περιφερομενοσ;;1
εθελησομεν;;1
εσσωθεισ;;1
προσαπολλυεισ;;1
σασ;;1
ελωσι;;1
εποιο;;1
ελαισ;;1
ειξαντα;;1
υποχωρησαι;;1
προελθειν;;1
υπεξιωσι;;1
καλων;;1
κατακοψαντασ;;1
σκευασαντασ;;1
ακρητου;;1
φλαυροτατον;;1
τομυρι;;1
διαβησομενου;;1
εξανεχωρεε;;1
διαβασισ;;1
ορθωθηι;;1
επεραιωθη;;1
υστασπει;;1
αχαιμενιδηι;;1
υστασπεα;;1
υστασπεσ;;1
επιβουλευων;;1
ηλωκε;;1
κηδονται;;1
προδεικνυουσι;;1
παροιχομενηι;;1
πορευεο;;1
ελθω;;1
καταστησεισ;;1
περιχωρεοι;;1
επιβουλευσει;;1
απολοιτο;;1
απαγγελλει;;1
φυλαξων;;1
προελθων;;1
λειφθεντοσ;;1
λειφθεντασ;;1
εφονευε;;1
κλιθεντεσ;;1
εδαινυντο;;1
πληρωθεντεσ;;1
ηυδον;;1
εφο;;1
νευσαν;;1
μασσα;;1
πυθομενη;;1
πεμπουσα;;1
απληστε;;1
επαρθηισ;;1
αμπελινωι;;1
κατιοντοσ;;1
επαναπλεειν;;1
φαρμακωι;;1
δολωσασ;;1
εκρατησασ;;1
παραινεουσησ;;1
υπολαβε;;1
αποδουσ;;1
αζημιοσ;;1
τριτημοριδι;;1
κατυβρισασ;;1
απληστον;;1
ανηκε;;1
δεσμων;;1
λυθηναι;;1
διεργαζεται;;1
εσηκουσε;;1
συλλεξασα;;1
μαχαι;;1
ισχυροτατην;;1
εξετετοξευτο;;1
συμπεσοντασ;;1
αιχμηισι;;1
εγχειριδιοισι;;1
συνεσταναι;;1
πλησασα;;1
ανθρωπηιου;;1
τεθνεωσι;;1
εναπηκε;;1
λυμαινομενη;;1
επελεγε;;1
ζωουσαν;;1
νικωσαν;;1
ηπειλησα;;1
πιθανωτατοσ;;1
ανιπποι;;1
αρδισ;;1
ζωστηρασ;;1
μασχαλιστηρασ;;1
στερνα;;1
περιβαλλουσι;;1
φαλαρα;;1
επιθυμησηι;;1
μασσαγετησ;;1
φαρετρεωνα;;1
αποκρεμασασ;;1
μισγεται;;1
εψησαντεσ;;1
ολβιωτατα;;1
κατασιτεονται;;1
ικετο;;1
τυθηναι;;1
ταχιστωι;;1
ταχιστον;;1
δατεονται;;1
ευτερπη;;1
προαποθανουσησ;;1
νεογνα;;1
επιτυχοντων;;1
ποιμνια;;1
στεγηι;;1
ερημηι;;1
επαγινεειν;;1
απαλλαχθεντων;;1
ασημων;;1
κνυζηματων;;1
ρηξουσι;;1
διετησ;;1
ανοιγοντι;;1
προσπιπτοντα;;1
εφωνεον;;1
ορεγοντα;;1
ποιμην;;1
φοιτωντι;;1
επιμελομενωι;;1
καλεοντασ;;1
συνεχωρησαν;;1
σταθμω;;1
σαμενοι;;1
γλωσσασ;;1
ετραπομην;;1
συμβησονται;;1
απηγηματων;;1
επιμνησθεω;;1
εξαναγκαζο;;1
επιμνησθησομαι;;1
δασαμενουσ;;1
αστρων;;1
σοφωτερον;;1
εμβολιμον;;1
επεμβαλλουσι;;1
τριηκοντημερουσ;;1
επαγουσι;;1
απονειμαι;;1
εγγλυψαι;;1
εδηλουν;;1
υπερεχον;;1
προακουσαντι;;1
προσπλεων;;1
απεχων;;1
κατεισ;;1
ανοισεισ;;1
διαιρεομεν;;1
πλινθινητεω;;1
μεμετρηκασι;;1
σταδιοισι;;1
σχοινοισι;;1
σχοινοσ;;1
υπτιη;;1
ενυδροσ;;1
ιλυσ;;1
ολυμπιου;;1
διαφορον;;1
ευροι;;1
καταδει;;1
πληροι;;1
κατατμηθεισαι;;1
ληγον;;1
ανακαμπτει;;1
πετρινον;;1
κατειλυμενον;;1
αναπλοου;;1
συντιθεμενοι;;1
τρισχιλιων;;1
ειρημενησ;;1
τευθρανιην;;1
προσχωσαντων;;1
πενταστομου;;1
εξιεισ;;1
εχιναδων;;1
μακροσ;;1
αρξαμενωι;;1
εσεχοντα;;1
νοτιησ;;1
συντετραινοντασ;;1
μυχουσ;;1
παραλλασσοντασ;;1
εκτρεψαι;;1
κωλυσει;;1
δισμυριων;;1
προαναισιμωμενωι;;1
χωσθειη;;1
εργατικου;;1
εχομενησ;;1
κογχυλια;;1
φαινομενα;;1
αλμην;;1
επανθεουσαν;;1
προσουρωι;;1
προσεικελην;;1
μελαγγαιον;;1
καταρρηγνυμενην;;1
κατενηνειγμενην;;1
ερυθροτερην;;1
υποψαμμοτερην;;1
αργιλωδεστερην;;1
υποπετρον;;1
μοιρι;;1
τετελευτηκοτι;;1
αναβηι;;1
επιδιδωι;;1
αποδιδωι;;1
αυξησιν;;1
κατακλυζοντοσ;;1
αρδεται;;1
σφετερη;;1
ψευσθεντασ;;1
πεινησειν;;1
υειν;;1
αυχμωι;;1
αιρεθησονται;;1
αποστροφη;;1
αυξανομενη;;1
παροιχομενου;;1
αυξανεσθαι;;1
πεινησουσι;;1
υσεται;;1
υπερβαινειν;;1
κομιζονται;;1
αροτρωι;;1
αναρρηγνυντεσ;;1
αυλακασ;;1
σκαλλοντεσ;;1
πονεουσι;;1
αρσηι;;1
αρσασ;;1
σπειρασ;;1
καταπατησηι;;1
αποδινησασ;;1
βουλοιμεθα;;1
σκοπιησ;;1
ταριχηιων;;1
πηλουσιακων;;1
τεινειν;;1
κανωβον;;1
αποδεικνυοιμεν;;1
καταρρυτον;;1
αναπεφηνοσ;;1
μηδεμια;;1
περιεργαζοντο;;1
απησουσι;;1
υποκαταβαινοντασ;;1
γινωσκομεν;;1
φρονεουσι;;1
μορια;;1
προσλογιζεσθαι;;1
ουριζων;;1
περιρρηγνυται;;1
απιεμεν;;1
ασσυριην;;1
ουρισμα;;1
νενομισμενωι;;1
νομιευμεν;;1
αρξαμενην;;1
διαιρεεσθαι;;1
αμφοτερεων;;1
επωνυμιεων;;1
σεβεννυτικου;;1
αποσχισθεντα;;1
σαιτικον;;1
μενδησιον;;1
βολβιτινον;;1
βουκολικον;;1
ιθαγενεα;;1
ορυκτα;;1
μαρεησ;;1
προσουρα;;1
θρησκηιηι;;1
γευεσθαι;;1
αρδει;;1
επερχεται;;1
πληθυηι;;1
λιβυκου;;1
πληθυων;;1
πελασασ;;1
απολειπων;;1
λελεγμενα;;1
αποπνεουσασ;;1
επισημοι;;1
αξιω;;1
ετησιασ;;1
πληθυειν;;1
κωλυοντασ;;1
εκρεειν;;1
επνευσαν;;1
ετησιηισι;;1
ασθενεστερα;;1
ανεπιστημονεστερη;;1
λελεγμενησ;;1
θωμασιωτερη;;1
επιεικεστατη;;1
εψευσται;;1
τηκομενησ;;1
ρεοι;;1
τοπων;;1
ψυχροτερα;;1
θερμοι;;1
ακρυσταλλοσ;;1
πεσουσηι;;1
υετο;;1
ικτινοι;;1
χελιδονεσ;;1
απολειπουσι;;1
γερανοι;;1
φευγουσαι;;1
χειμασιην;;1
τοπουσ;;1
ελεγχει;;1
μυθον;;1
ανενεικασ;;1
εσενεικασθαι;;1
μεμψαμενον;;1
αρχαιησ;;1
ελαχιστωι;;1
διψην;;1
εγχωρια;;1
μαραινεσθαι;;1
αιθριου;;1
ηεροσ;;1
αλεεινησ;;1
ψυχρων;;1
ελκυσασ;;1
απωθεει;;1
υπολαμβανοντεσ;;1
διασκιδναντεσ;;1
τηκουσι;;1
λιψ;;1
υετιωτατοι;;1
πρηυνομενου;;1
ομβριου;;1
συμμισγομενου;;1
υομενησ;;1
κεχαραδρωμενησ;;1
ομβρων;;1
επιλειποντων;;1
ελκομενοι;;1
ελκομενοσ;;1
ελκεται;;1
πιεζεται;;1
διακαιων;;1
ηλλακτο;;1
αυρησ;;1
αποπνεει;;1
θερμεων;;1
αποπνεειν;;1
αυρη;;1
πνεειν;;1
απηγμενα;;1
συηνησ;;1
θηβαιδοσ;;1
κρωφι;;1
μωφι;;1
αβυσσουσ;;1
αβυσσοι;;1
πλεξαμενον;;1
παλιρροιην;;1
εμβαλ;;1
λοντοσ;;1
κατιεμενην;;1
εδυναμην;;1
αναντεσ;;1
διαδησαντασ;;1
αμφοτερωθεν;;1
απορραγηι;;1
ισχυοσ;;1
σκολιοσ;;1
μαιανδροσ;;1
απιξεαι;;1
λειον;;1
ταχομψω;;1
οδοιποριην;;1
ποιησεαι;;1
σκοπελοι;;1
οξεεσ;;1
ανεχουσι;;1
χοιραδεσ;;1
πλευσεαι;;1
μεροη;;1
θεσπισματων;;1
ισωι;;1
αυτομολοισι;;1
ασμαχ;;1
παρισταμενοι;;1
μαρεηι;;1
φρουρεουσι;;1
απελυε;;1
φρουρησ;;1
δειξαντα;;1
αντιδωρεεται;;1
εξελοντασ;;1
εσοικισθεντων;;1
ημερωτεροι;;1
ευρισκονται;;1
αναισιμουμενοι;;1
ετεαρχωι;;1
λεσχην;;1
ετεαρχον;;1
ειρωτωμενουσ;;1
δυναστεων;;1
υβριστασ;;1
περισσα;;1
αποκληρωσαι;;1
ιδομενων;;1
σολοεντοσ;;1
κατυ;;1
κατυθηριωδησ;;1
αποπεμπομενουσ;;1
εξηρτυμενουσ;;1
θηριωδεα;;1
ψαμμωδεα;;1
επεοντοσ;;1
απτομενοισι;;1
μελανασ;;1
αμμωνιου;;1
δεδηλωσθω;;1
εφασκε;;1
γοητασ;;1
εμφανεσι;;1
γινωσκομενα;;1
τεκμαιρομενοσ;;1
μετρων;;1
πυρηνησ;;1
κελτοι;;1
ομουρεουσι;;1
κυνησιοισι;;1
ιστριην;;1
πηγεων;;1
αοικητοσ;;1
ιστορεοντα;;1
ορεινησ;;1
αντιη;;1
εκδιδοντι;;1
εξισουσθαι;;1
μηκυνεων;;1
αλλοιην;;1
αγοραζουσι;;1
καπηλευουσι;;1
κροκην;;1
ωθεοντεσ;;1
ουρεουσι;;1
ορθαι;;1
ευμαρειηι;;1
οικοισι;;1
αναγκαια;;1
αποκρυφωι;;1
βουλομενηισι;;1
κηδει;;1
ανιεισι;;1
γενειωι;;1
εξυρωμενοι;;1
αποκεκριται;;1
ζειασ;;1
φυρωσι;;1
σταισ;;1
αναιρεονται;;1
ιστιων;;1
κρικουσ;;1
καλουσ;;1
προσδεουσι;;1
ψηφοισι;;1
αριστερων;;1
δεξιων;;1
επιδεξια;;1
επαριστερα;;1
διφασιοισι;;1
γραμμασι;;1
δημοτικα;;1
θεοσεβεεσ;;1
ποτηριων;;1
διασμωντεσ;;1
νεοπλυτα;;1
επιτηδευοντεσ;;1
καθαρειοτητοσ;;1
προτιμωντεσ;;1
ευπρεπεστεροι;;1
τριτησ;;1
φθειρ;;1
μυσαρον;;1
εγγινηται;;1
λινεην;;1
ψυχρωι;;1
θρησκηιασ;;1
μυριασ;;1
τριβουσι;;1
δαπανωνται;;1
πεσσομενα;;1
πασασθαι;;1
κυαμουσ;;1
αντικατισταται;;1
επαφου;;1
δοκιμαζουσι;;1
ιδηται;;1
επεουσαν;;1
ορθου;;1
υπτιου;;1
εξειρυσασ;;1
καθαρη;;1
σημηιων;;1
κατοραι;;1
ουρησ;;1
πεφυκυιασ;;1
σημαινεται;;1
ειλισσων;;1
σημαντριδα;;1
επιπλασασ;;1
επιβαλλει;;1
δακτυλιον;;1
ασημαντον;;1
θυσαντι;;1
δοκιμαζεται;;1
σεσημασμενον;;1
επικαλεσαντεσ;;1
σφαζουσι;;1
δειρουσι;;1
κεινηι;;1
καταρησαμενοι;;1
επιδημιοι;;1
εμποροι;;1
εδοντο;;1
παρεωσι;;1
συναπασηι;;1
επισπεισιν;;1
εμψυχου;;1
εξαιρεσισ;;1
καυσισ;;1
πιμελην;;1
οσφυν;;1
τραχηλον;;1
πιμπλασι;;1
αρτων;;1
καθαρων;;1
ασταφιδοσ;;1
συκων;;1
καταχεοντεσ;;1
προνηστευσαντεσ;;1
καιομενων;;1
αποτυψωνται;;1
ελιποντο;;1
καθαρουσ;;1
γυναικηιον;;1
βουκερων;;1
φιλησειε;;1
οβελοισι;;1
κρεωσ;;1
διατετμημενου;;1
κατορυσσουσι;;1
προαστειοισι;;1
σημηιου;;1
σαπηι;;1
απικ;;1
νεεται;;1
βαρισ;;1
προσωπιτιδοσ;;1
προσωπιτιδι;;1
βαριεσ;;1
αναιρησομεναι;;1
αταρβηχισ;;1
πλανωνται;;1
ανορυξαντεσ;;1
νενομοθετηται;;1
ιδρυνται;;1
θηβαιου;;1
μενδητοσ;;1
μενδησιου;;1
οισ;;1
λιπαρεειν;;1
εκδειραντα;;1
προσχεσθαι;;1
νακοσ;;1
αμουν;;1
κριουσ;;1
κατακοψαντεσ;;1
ενδυουσι;;1
ιρηι;;1
θηκηι;;1
οιδασι;;1
γονωι;;1
γονεεσ;;1
αλκμηνη;;1
ναυτιλοι;;1
εξεπιστεατο;;1
επτακισχιλια;;1
σαφεσ;;1
επλωσα;;1
πλουσιωσ;;1
λαμποντοσ;;1
οκοσοσ;;1
συμφερομενουσ;;1
οικιζομενηι;;1
ιδρυθηναι;;1
θασιου;;1
προτερα;;1
ιστορημενα;;1
ηρακλεια;;1
ολυμπιωι;;1
ανεπισκεπτωσ;;1
ευηθησ;;1
μυθοσ;;1
στεψαντεσ;;1
πομπησ;;1
θυσοντεσ;;1
καταρχοντο;;1
τραπομενον;;1
καταφονευσαι;;1
απειρωσ;;1
μοσχων;;1
χηνων;;1
θυοιεν;;1
ειπουσι;;1
ευμενεια;;1
τραγουσ;;1
ειρημενοι;;1
ζωγραφοι;;1
αγαλματοποιοι;;1
αιγοπροσωπον;;1
τραγοσκελεα;;1
ηδιον;;1
αιπολοι;;1
μενδησιωι;;1
επιδεξιν;;1
μιαρον;;1
ψαυσηι;;1
εβαψε;;1
εκδιδοσθαι;;1
εκδιδονται;;1
ορτηισι;;1
απεστυγηκασι;;1
ευπρεπεστεροσ;;1
θυσηι;;1
σπληνα;;1
επιπλοον;;1
συνθεισ;;1
εκαλυψε;;1
πιμεληι;;1
καταγιζει;;1
θυσωσι;;1
γευσαιατο;;1
σταιτινασ;;1
πλασαντεσ;;1
οπτησαντεσ;;1
δορπιηι;;1
αποδομενωι;;1
συβωτεων;;1
χορων;;1
φαλλων;;1
πηχυαια;;1
νευροσπαστα;;1
περιφορεουσι;;1
νευον;;1
προηγεεται;;1
αυλοσ;;1
αειδουσαι;;1
αμυθεωνοσ;;1
αδαησ;;1
εμπειροσ;;1
φαλλου;;1
ατρε;;1
κεωσ;;1
επιγενομενοι;;1
εξεφηναν;;1
φαλλον;;1
πεμπομενον;;1
κατηγησαμενοσ;;1
συστησαι;;1
εσηγησασθαι;;1
παραλλαξαντα;;1
εσηγμενα;;1
νομαιον;;1
τυριου;;1
εληλυθε;;1
ιστιησ;;1
θεμιοσ;;1
τελεουσι;;1
νομισθηναι;;1
μεμυηται;;1
σαμοθρηικην;;1
παραλαμβανουσι;;1
ταγαλματα;;1
σαμοθρηικηι;;1
μυστηριοισι;;1
επευχομενοι;;1
ακηκοεσαν;;1
προσωνομασαν;;1
ουνοματων;;1
ανελωνται;;1
οκοιοι;;1
πρωην;;1
χθεσ;;1
τετρακοσιοισι;;1
λεγο;;1
δωδωνιδεσ;;1
εξαχθηναι;;1
πρηθεισαν;;1
ιδρυσαμενασ;;1
πρωτασ;;1
προμαντιεσ;;1
πελειαδασ;;1
μελαινασ;;1
αναπταμενασ;;1
φηγον;;1
επαγγελλο;;1
οιχομενην;;1
πρεσβυτατηι;;1
προμενεια;;1
τιμαρετη;;1
νεωτατηι;;1
νικανδρη;;1
συνωμολογεον;;1
δωδωναιοι;;1
εξηγαγον;;1
πελασγιησ;;1
δουλευουσα;;1
φηγωι;;1
πεφυκυιηι;;1
αμφιπολευουσαν;;1
πεπρησθαι;;1
επρηθη;;1
πελειαδεσ;;1
συνετα;;1
ηυδα;;1
εβαρβαριζε;;1
πελειασ;;1
φθεγξαιτο;;1
σημαινουσι;;1
μαντηιη;;1
παραπλησιαι;;1
απιγμενη;;1
πομπασ;;1
προσαγωγασ;;1
ελληνικαι;;1
προθυμοτατα;;1
βουσιριν;;1
τεταρτα;;1
πεμπτα;;1
λητοι;;1
εκτα;;1
παπρημιν;;1
βαρι;;1
κροταλα;;1
κροταλιζουσι;;1
αυλεουσι;;1
εγχριμψαντεσ;;1
τωθαζουσι;;1
βοωσαι;;1
ορχεονται;;1
ανασυρονται;;1
ανισταμεναι;;1
παραποταμιην;;1
αναγοντεσ;;1
βουσιρι;;1
υπαιθρια;;1
εμβαφια;;1
εμπλεα;;1
ελλυχνιον;;1
παννυχιον;;1
λυχνοκαιη;;1
καταφερησ;;1
πεπονεαται;;1
ευχωλασ;;1
σμικρωι;;1
κατακεχρυσωμενωι;;1
προεκκομιζουσι;;1
λελειμμενοι;;1
τετρακυκλον;;1
προπυλαιοισι;;1
ευχωλιμαιοι;;1
συναρασσονται;;1
αποθνηισκουσι;;1
αποτροφον;;1
εξανδρωμενον;;1
οπωποτασ;;1
απερυκειν;;1
αγαγομενον;;1
πληγην;;1
νενομικεναι;;1
αλουτουσ;;1
θρηισκευσαντεσ;;1
ανισταμενοι;;1
αλουτοι;;1
οχευομενα;;1
τεμενεσι;;1
θρηισκευουσι;;1
συντροφα;;1
ανειται;;1
λεγοιμι;;1
καταβαιην;;1
επιφαυσασ;;1
καταλαμβανομενοσ;;1
μελεδωνοι;;1
τροφησ;;1
ευχασ;;1
αποτελεουσι;;1
ευχομενοι;;1
ξυρουντεσ;;1
ελκυσηι;;1
ταμνουσα;;1
βορην;;1
τροφη;;1
ταξωνται;;1
ιρηκα;;1
ομοτροφων;;1
σοφιζονται;;1
υπαιρεομενοι;;1
κτειναντεσ;;1
στερισκομεναι;;1
επιθυμεουσαι;;1
φιλοτεκνον;;1
πυρκαιησ;;1
διασταντεσ;;1
αιελουρων;;1
αμελησαντεσ;;1
διαδυνοντεσ;;1
υπερθρωσκοντεσ;;1
εσαλλονται;;1
πενθεα;;1
αιελουροσ;;1
αυτοματου;;1
ενοικεοντεσ;;1
οφρυσ;;1
απαγονται;;1
αποθανοντεσ;;1
ταριχευθεντεσ;;1
ιχνευται;;1
μυγαλασ;;1
ιρηκασ;;1
αρκτουσ;;1
σπανιασ;;1
ευρεθεωσι;;1
χειμεριωτατουσ;;1
εσθιει;;1
χερσαιον;;1
λιμναιον;;1
εκλεπει;;1
διατριβει;;1
ξηρωι;;1
θερμοτερον;;1
δροσου;;1
νεοσσοσ;;1
αυξανομενοσ;;1
εφυσε;;1
καρτερουσ;;1
αρρηκτον;;1
αιθριηι;;1
οξυδερκεστατον;;1
ενδοθεν;;1
μεστον;;1
βδελλεων;;1
ορνεα;;1
φευγει;;1
ειρηναιον;;1
ωφελεομενωι;;1
χανηι;;1
βδελλασ;;1
ωφελεομενοσ;;1
σινεται;;1
τροχιλον;;1
περιεπουσι;;1
τρεφουσι;;1
κροκοδειλον;;1
χειροηθεα;;1
αρτηματα;;1
χυτα;;1
ενθεντεσ;;1
αμφιδεασ;;1
αποτακτα;;1
χαμψαι;;1
εικαζοντεσ;;1
κροκοδειλοισι;;1
αιμασιηισι;;1
αγραι;;1
παντοιαι;;1
αξιωτατη;;1
δελεασηι;;1
αγκιστρον;;1
δελφακα;;1
τυπτει;;1
ιεται;;1
νωτωι;;1
εξελκυσθηι;;1
θηρευτησ;;1
επλασε;;1
χειρουται;;1
ποταμιοι;;1
παπρημιτηι;;1
διχηλον;;1
σιμον;;1
λοφιην;;1
φαινον;;1
αυου;;1
ξυστα;;1
ακοντιων;;1
εγχελυν;;1
χηναλωπεκασ;;1
σπανιοσ;;1
επιφοιται;;1
παρομοιοσ;;1
τοσοσδε;;1
χρυσοκομα;;1
ερυθρα;;1
αιετωι;;1
περιηγησιν;;1
ομοιοτατοσ;;1
θαπτειν;;1
πλασσειν;;1
αποπειρηθηι;;1
κοιληναντα;;1
εντιθεναι;;1
εμπλασσειν;;1
εκκοιληνασ;;1
ενεθηκε;;1
εγκειμενου;;1
βαροσ;;1
ορνιν;;1
πτερωτων;;1
ακανθασ;;1
σωροι;;1
ακανθεων;;1
υποδεεστεροι;;1
ακανθαι;;1
κατακεχυαται;;1
συναπτει;;1
πτερωτουσ;;1
απαντωσασ;;1
κατακτεινειν;;1
τετιμησθαι;;1
ιβιοσ;;1
γερανου;;1
επιγρυπον;;1
κρεξ;;1
μελαινεων;;1
ιδεη;;1
ειλεομενων;;1
διξαι;;1
ιβιεσ;;1
δειρην;;1
λευκοπτεροσ;;1
ακρεων;;1
πτερυγων;;1
πυγαιου;;1
ακρου;;1
υδρων;;1
πτιλα;;1
νυκτεριδοσ;;1
εμφερεστατα;;1
σπειρομενην;;1
επασκεοντεσ;;1
συρμαιζουσι;;1
εμετοισι;;1
θηρωμενοι;;1
υγιειην;;1
κλυσμασι;;1
τρεφοντων;;1
υγιηρεστατοι;;1
μεταλλασσουσι;;1
μεταβοληισι;;1
αρτοφαγεουσι;;1
κυλληστισ;;1
αμπελοι;;1
αλμησ;;1
τεταριχευμενουσ;;1
ορτυγασ;;1
νησσασ;;1
ορνιθιων;;1
ωμα;;1
προταριχευσαντεσ;;1
εφθουσ;;1
συνουσιηισι;;1
μεμιμημενον;;1
διπηχυν;;1
πινε;;1
τερπεο;;1
συμποσια;;1
επικτωνται;;1
απαξα;;1
αεισμα;;1
ονομαζοντεσ;;1
αειδοντεσ;;1
μανερωσ;;1
αωρον;;1
θρηνοισι;;1
πρεσβυτεροισι;;1
εικουσι;;1
εκτρεπεσθαι;;1
εδρησ;;1
υπανιστεαται;;1
κατιεντεσ;;1
γουνατοσ;;1
ενδεδυκασι;;1
θυσανωτουσ;;1
καλασιρισ;;1
επαναβληδον;;1
εσφερεται;;1
συγκαταθαπτεται;;1
ορφικοισι;;1
βακχικοισι;;1
πυθαγορειοισι;;1
οργιων;;1
μετεχοντα;;1
ειρινεοισι;;1
θαφθηναι;;1
μεισ;;1
εγκυρησει;;1
οκοιοσ;;1
ποιησι;;1
τερατα;;1
τερατοσ;;1
γραφομενοι;;1
τωποβαινον;;1
τεχνη;;1
ναιησ;;1
μαντηιαι;;1
ιητρικη;;1
δεδασται;;1
ιητροσ;;1
νουσων;;1
απογενηται;;1
θηλυ;;1
επλασατο;;1
καπειτα;;1
λιπουσαι;;1
στρωφωμεναι;;1
επεζωμεναι;;1
φαινουσαι;;1
προσηκουσαι;;1
ετερωθεν;;1
επεζωμενοι;;1
κομισθηι;;1
κομισασι;;1
παραδειγματα;;1
μεμιμη;;1
σπουδαιοτατην;;1
υποδεεστερην;;1
ευτελεστερην;;1
ευτελεστατην;;1
φρασαντεσ;;1
σκευασθηναι;;1
υπολειπομενοι;;1
σπουδαιοτατα;;1
σκολιωι;;1
μυξωτηρων;;1
εγκεφαλον;;1
εξαγοντεσ;;1
εγχεοντεσ;;1
αιθιοπικωι;;1
παρασχισαντεσ;;1
λαπαρην;;1
φοινικηιωι;;1
διηθεουσι;;1
θυμιημασι;;1
τετριμμενοισι;;1
ακηρατου;;1
τετριμμενησ;;1
κασιησ;;1
θυμιηματων;;1
λιτρωι;;1
παρελθωσι;;1
λουσαντεσ;;1
κατειλισσουσι;;1
κατατετμημενοισι;;1
υποχριοντεσ;;1
κολλησ;;1
εσεργνυουσι;;1
θησαυριζουσι;;1
οικη;;1
ματι;;1
θηκαιωι;;1
πολυτελεστατα;;1
πολυτελειην;;1
κλυστηρασ;;1
πλησωνται;;1
αλειφατοσ;;1
επλησαν;;1
αναταμοντεσ;;1
εσηθησαντεσ;;1
επιλαβοντεσ;;1
κλυσμα;;1
τελευταιηι;;1
εξιεισι;;1
κοιλιησ;;1
κεδριην;;1
εσηκαν;;1
κατατετηκοτα;;1
εξαγει;;1
λιτρον;;1
κατατηκει;;1
πρηγματευθεντεσ;;1
ταριχευσισ;;1
ασθενεστερουσ;;1
σκευαζει;;1
συρμαιηι;;1
τελευτησωσι;;1
ευειδεεσ;;1
τριταιαι;;1
τεταρταιαι;;1
ταριχευται;;1
μισγωνται;;1
λαμφθηναι;;1
μισγομενον;;1
προσφατωι;;1
κατειπαι;;1
ομοτεχνον;;1
κροκοδειλου;;1
αρπασθεισ;;1
εξενειχθηι;;1
ταριχευσαντασ;;1
ψαυσαι;;1
προσηκοντων;;1
χειραπταζοντεσ;;1
μηδαμων;;1
προπυλα;;1
περιβεβλημενωι;;1
ενεστηκε;;1
χεμμιται;;1
σανδαλιον;;1
πεφορημενον;;1
ευρισκεσθαι;;1
αγωνιησ;;1
λυγκεα;;1
χεμμιτασ;;1
γενεηλογεοντεσ;;1
οισοντα;;1
γοργουσ;;1
αναγνωναι;;1
εκμεμαθηκοτα;;1
χεμμιοσ;;1
πεπυσμενον;;1
ευτελειην;;1
πελαγισηι;;1
λωτον;;1
δρεψωσι;;1
μηκωνι;;1
εμφερεσ;;1
πτισαντεσ;;1
ριζα;;1
εδωδιμη;;1
εγγλυσσει;;1
επιεικεωσ;;1
στρογγυλον;;1
ροδοισι;;1
εμφερεα;;1
παραφυομενηι;;1
ριζησ;;1
κηριωι;;1
σφηκων;;1
ομοιοτατον;;1
τρωγεται;;1
απαλα;;1
αυα;;1
βυβλον;;1
ανασπασωσι;;1
αποταμνοντεσ;;1
χρηστηι;;1
κλιβανωι;;1
διαφανει;;1
πνιξαντεσ;;1
αυουσ;;1
αγελαιοι;;1
λιμνηισι;;1
οιστροσ;;1
εκπλωουσι;;1
απορραινοντεσ;;1
θορου;;1
επομεναι;;1
ανακαπτουσι;;1
κυισκονται;;1
αναπλωουσι;;1
ηγεομεναι;;1
απορραινουσι;;1
καταπινουσι;;1
κεγχροι;;1
περιγινομενων;;1
καταπινομενων;;1
εκπλωοντεσ;;1
τετριμμενοι;;1
τετριφαται;;1
καταπλωουσι;;1
αντεχονται;;1
εγχριμπτομενοι;;1
ψαυοντεσ;;1
αμαρτοιεν;;1
τελματα;;1
διηθεοντοσ;;1
πιμπλαται;;1
εντεκοντεσ;;1
εσχατωι;;1
περιελθοντοσ;;1
αλειφατι;;1
σιλλικυπριων;;1
κικι;;1
λιμνεων;;1
σιλλικυπρια;;1
σπειρομενα;;1
δυσωδεα;;1
συλλεξωνται;;1
κοψαντεσ;;1
απιπουσι;;1
φρυξαντεσ;;1
απεψουσι;;1
συγκομιζονται;;1
πιον;;1
λυχνωι;;1
προσηνεσ;;1
κωνωπασ;;1
αφθονουσ;;1
πυργοι;;1
ωφελεουσι;;1
κοιμωνται;;1
κωνω;;1
πεσ;;1
αγρευει;;1
αναπαυεται;;1
ιστησι;;1
καθευδει;;1
κωνωπεσ;;1
ενειλιξαμενοσ;;1
ευδηι;;1
σινδονι;;1
δακνουσι;;1
δικτυου;;1
πειρωνται;;1
φορτηγεουσι;;1
ομοιοτατη;;1
κυρηναιωι;;1
δακρυον;;1
πλινθηδον;;1
γομφουσ;;1
πυκνουσ;;1
μακρουσ;;1
περιειρουσι;;1
ναυπηγησωνται;;1
ζυγα;;1
τεινουσι;;1
νομευσι;;1
αρμονιασ;;1
επακτωσαν;;1
πηδαλιον;;1
τροπιοσ;;1
διαβυνεεται;;1
ιστωι;;1
ακανθινωι;;1
βυβλινοισι;;1
λαμπροσ;;1
επεχηι;;1
παρελκεται;;1
κατερραμμενη;;1
ριπι;;1
τετρημενοσ;;1
διταλαντοσ;;1
επιφερεσθαι;;1
εμπιπτοντοσ;;1
επελκομενοσ;;1
βυσσωι;;1
κατιθυνει;;1
εμφερεεσ;;1
υπερεχουσι;;1
πορθμευονται;;1
ναυκρατιοσ;;1
κερκασωρον;;1
κανωβου;;1
ανθυλλαν;;1
ανθυλλα;;1
λογιμη;;1
εξαιρετοσ;;1
γαμβρου;;1
φθιου;;1
αχαιου;;1
αρχανδροσ;;1
ιστοριη;;1
απογεφυρωσαι;;1
ψαμμινον;;1
αγκωνα;;1
προσχωσαντα;;1
αποξηρηναι;;1
οχετευσαι;;1
αγκων;;1
απεργμενοσ;;1
ρεηι;;1
φρασσομενοσ;;1
κατακλυσθηναι;;1
μινι;;1
χερσον;;1
περιορυξαι;;1
κατελεγον;;1
βυβλου;;1
επιχωριη;;1
ποιησαμενην;;1
περιμηκεσ;;1
υπογαιον;;1
καινουν;;1
καλεσασαν;;1
ιστιαν;;1
δαινυμενοισι;;1
κρυπτου;;1
ατιμωρητοσ;;1
λαμπροτητοσ;;1
εσχατου;;1
ορυξαι;;1
μακροισι;;1
ορμηθεντα;;1
αλκιμοισι;;1
ενετυγχανε;;1
ενιστη;;1
λεγουσασ;;1
ενεγραφε;;1
ανδρηιοισι;;1
προσενεγραφε;;1
αναλκιδεσ;;1
προσωτατα;;1
σταθεισαι;;1
αποδασαμενοσ;;1
πλανηι;;1
νοησασ;;1
εμεμνεατο;;1
εικασα;;1
μελαγχροεσ;;1
ουλοτριχεσ;;1
περιταμ;;1
νονται;;1
θερμωδοντα;;1
επιμισγονται;;1
μιμεονται;;1
περιταμνουσι;;1
ειπω;;1
προσφερεεσ;;1
ζοη;;1
γλωσσα;;1
κολχικον;;1
σαρδονικον;;1
απικνεομενον;;1
τυποι;;1
εγκεκολαμμενοι;;1
πεμπτησ;;1
σπιθαμησ;;1
αιγυπτιην;;1
ωμου;;1
εκτησαμην;;1
δεδηλωκε;;1
θεησαμενων;;1
μεμνονοσ;;1
εικαζουσι;;1
αληθειησ;;1
απολελειμμενοι;;1
αναχωρεοντα;;1
αναγοντα;;1
ανακομιζομενοσ;;1
καλεσαντα;;1
περινησαι;;1
περινησαντα;;1
συμβουλευεσθαι;;1
εκτειναντα;;1
επιβαινοντασ;;1
εκσωιζεσθαι;;1
κατακαηναι;;1
κομισθεντασ;;1
ιππασιμην;;1
αμαξευομενην;;1
ενδεα;;1
ανιπποσ;;1
αναμαξευτοσ;;1
παντοιουσ;;1
κατεταμνε;;1
αναμεσουσ;;1
απιοι;;1
σπανιζοντεσ;;1
πλατυτεροισι;;1
πομασι;;1
φρεατων;;1
αρυομενοι;;1
κατετμηθη;;1
κατανειμαι;;1
κληρον;;1
προσοδουσ;;1
επιταξαντα;;1
αποφορην;;1
κληρου;;1
παρελοιτο;;1
γεγενημενον;;1
επισκεψομενουσ;;1
αναμετρησοντασ;;1
τεταγμενησ;;1
αποφορησ;;1
τελεοι;;1
γεωμετριη;;1
ευρεθεισα;;1
επανελθειν;;1
πολον;;1
γνωμονα;;1
ισταντα;;1
σεσωστρι;;1
δυνασθηναι;;1
ισταναι;;1
υπερβαλομενον;;1
κατελθοντοσ;;1
υπερεβαλε;;1
πνευματοσ;;1
εμπεσοντοσ;;1
κυματιησ;;1
ατασθαλιηι;;1
χρησαμενον;;1
καμοντα;;1
τυφλωθηναι;;1
ενδεκατωι;;1
εξηκει;;1
ζημιησ;;1
αναβλεψει;;1
πεφοιτηκε;;1
ανεβλεπε;;1
αναβλεψαντα;;1
συναγαγειν;;1
βωλοσ;;1
συναλισαντα;;1
λογιμα;;1
μεμφιτην;;1
τυριοι;;1
συναπασ;;1
τυριων;;1
τυνδαρεω;;1
διαιτηθη;;1
πρωτει;;1
επωνυμον;;1
αρπασαντα;;1
εξωσται;;1
ταριχηιασ;;1
καταφυγων;;1
επιβαληται;;1
απιστεαται;;1
βλαπτειν;;1
τευκροσ;;1
εξαπατησασ;;1
εωμεν;;1
απελωμεθα;;1
εργασμενον;;1
απαγετε;;1
λεξει;;1
συλλαμβανει;;1
κατελεξε;;1
πλανωμενου;;1
ηλεγχον;;1
ηγεομην;;1
ετεισαμην;;1
αναπτερωσασ;;1
οιχεαι;;1
εκκλεψασ;;1
κεραισασ;;1
ξεινοκτονεειν;;1
προησω;;1
φυλαξω;;1
συμπλοουσ;;1
μετορμιζεσθαι;;1
εποποιιην;;1
ευπρεπησ;;1
δηλωσασ;;1
ανεποδισε;;1
πλαζομενοσ;;1
διομηδεοσ;;1
αριστηιηι;;1
εσαν;;1
πεπλοι;;1
παμποικιλοι;;1
σιδονιων;;1
θεοειδησ;;1
σιδονιηθεν;;1
επιπλωσ;;1
ανηγαγεν;;1
ευπατερειαν;;1
οδυσσειηι;;1
τοια;;1
μητιοεντα;;1
πολυδαμνα;;1
πορεν;;1
θωνοσ;;1
παρακοιτισ;;1
ζειδωροσ;;1
μεμιγμενα;;1
τηλεμαχον;;1
δευρο;;1
μεμαωτα;;1
νεεσθαι;;1
σφιν;;1
ερεξα;;1
τεληεσσασ;;1
εκατομβασ;;1
ομουρεει;;1
σιδων;;1
ευαει;;1
λειηι;;1
επλαζετο;;1
μενελεω;;1
τευκριδα;;1
βοηθεουσαν;;1
εκβασαν;;1
ιδρυθεισαν;;1
κλεψασ;;1
ομνυντασ;;1
ανωμοτι;;1
επικαλεομενα;;1
υπεχειν;;1
καταγελασθαι;;1
ελουσι;;1
αδικοσ;;1
ορμημενον;;1
απλοιαι;;1
μισηθεισ;;1
διωκομενοσ;;1
προστιθεμαι;;1
ιλιωι;;1
αποδοθηναι;;1
εκοντοσ;;1
αεκοντοσ;;1
φρενοβλαβησ;;1
σφετεροισι;;1
συνοικεηι;;1
χρονοισι;;1
τρωων;;1
συμμισγοιεν;;1
απωλλυντο;;1
εποποιοισι;;1
χρεωμενον;;1
αχαιοισι;;1
απαλλαγησεσθαι;;1
περιηιε;;1
γεροντοσ;;1
εκτωρ;;1
παραλαμψεσθαι;;1
προσηκε;;1
αδικεοντι;;1
τρωσι;;1
επιστευον;;1
παρασκευαζοντοσ;;1
πανωλεθριηι;;1
απολομενοι;;1
καταφανεσ;;1
εστεωτα;;1
ερδουσι;;1
πλουτον;;1
επιτραφεντων;;1
ασφαλειηι;;1
θησαυριζειν;;1
οικοδομεεσθαι;;1
τοιχων;;1
εργαζομενον;;1
επιβουλευοντα;;1
παρασκευασασθαι;;1
θησαυρισαι;;1
οικοδομον;;1
ανακαλεσασθαι;;1
τεχνασαιτο;;1
οικοδομεων;;1
εξαιρεσιν;;1
διαφυλασσοντεσ;;1
ταμιαι;;1
οικοδομηματι;;1
ανευροντασ;;1
μεταχειρισασθαι;;1
εξενει;;1
κασθαι;;1
ανοιξαντα;;1
καταδεα;;1
επαιτιαται;;1
σημαντρων;;1
σοων;;1
κεκληιμενου;;1
ανοιξαντι;;1
κλεπτασ;;1
παγασ;;1
εργασασθαι;;1
φωρων;;1
εσδυντοσ;;1
δηλουν;;1
εσδυντα;;1
οφθεισ;;1
γνωρισθεισ;;1
προσαπολεσηι;;1
πεισθεντα;;1
καταρμοσαντα;;1
ασινεσ;;1
απορεομενον;;1
κατακρεμασαι;;1
αποκλαυσαντα;;1
κατοικτισαμενον;;1
συλλαβοντασ;;1
ανακρεμαμενου;;1
νεκυοσ;;1
καταλυσασ;;1
κομιει;;1
αμελησει;;1
διαπειλεειν;;1
μηνυσει;;1
ελαμβανετο;;1
επιτεχνησασθαι;;1
κατασκευασαμενον;;1
επιθειναι;;1
επισπασαντα;;1
ποδεωνασ;;1
απαμμενουσ;;1
ερρεε;;1
κοπτεσθαι;;1
βοωντα;;1
συντρεχειν;;1
εκκεχυμενον;;1
διαλοιδορεεσθαι;;1
προσποιευμενον;;1
παραμυθεομενων;;1
πρηυνεσθαι;;1
προσποιεεσθαι;;1
υπιεσθαι;;1
κατασκευαζειν;;1
σκωψαι;;1
προαγαγεσθαι;;1
κατακλιθεντασ;;1
μειναντα;;1
συμπινειν;;1
πεισθηναι;;1
ησπαζοντο;;1
ποτωι;;1
υπερμεθυσθηναι;;1
κρατηθεντασ;;1
επινον;;1
κατακοιμηθηναι;;1
καταλυσαι;;1
ξυρωσαι;;1
παρηιδασ;;1
εκκεκλεμμενοσ;;1
κατισαι;;1
εντειλαμενον;;1
συγγενεσθαι;;1
αναγκαζειν;;1
απηγησηται;;1
γεγενημενα;;1
επρησσετο;;1
βουληθεντα;;1
πολυτροπιηι;;1
προσφατου;;1
ωμωι;;1
παγησ;;1
αλοντοσ;;1
αποταμοι;;1
καταλυσειε;;1
προτειναι;;1
επιλαβομενην;;1
νομιζουσαν;;1
προεμενον;;1
ανηνειχθαι;;1
πολυφροσυνηι;;1
τολμηι;;1
διαπεμποντα;;1
αδειην;;1
υποδεκομενον;;1
ελθοντι;;1
πιστευσαντα;;1
συνοικισαι;;1
προκεκρισθαι;;1
ζωον;;1
αιδην;;1
κειθι;;1
συγκυβευειν;;1
δημητρι;;1
καταβασιοσ;;1
επιτελεοντασ;;1
εξυφηναντεσ;;1
μιτρηι;;1
καταδεδεμενον;;1
λυκων;;1
απα;;1
γειν;;1
χρασθω;;1
υποκειται;;1
αρχηγετευειν;;1
δημητρα;;1
ειποντεσ;;1
ψυχη;;1
καταφθινοντοσ;;1
εσδυεται;;1
περιελθηι;;1
χερσαια;;1
θαλασσια;;1
εσδυνειν;;1
περιηλυσιν;;1
τρισχιλιοισι;;1
θυσιεων;;1
απερξαι;;1
αποδεδεχθαι;;1
διαπεραιωθεντασ;;1
εκδεκεσθαι;;1
τριμηνον;;1
τριβομενωι;;1
λεωι;;1
ποιευμενηι;;1
κροσσασ;;1
βωμιδασ;;1
ηειρον;;1
μηχανηισι;;1
πεποιημενηισι;;1
αειροντεσ;;1
ανιοι;;1
εστεωσαν;;1
στοιχου;;1
ειλκετο;;1
στοιχοι;;1
μηχαναι;;1
ευβαστακτον;;1
μετεφορεον;;1
εξελοιεν;;1
ανωτατα;;1
εξεποιευν;;1
επιγαια;;1
κατωτατω;;1
σεσημανται;;1
συρμαιην;;1
ερμηνευσ;;1
τετελεσθαι;;1
δεδαπανησθαι;;1
δεομενον;;1
κατισαντα;;1
ταχθεντα;;1
διανοηθηναι;;1
εσιοντοσ;;1
δωρεοιτο;;1
οικοδομηθηναι;;1
εστηκυιαν;;1
ολου;;1
ημισεοσ;;1
πλεθρου;;1
εμετρησαμεν;;1
υπεστι;;1
οικοδομημενου;;1
υποδειμασ;;1
ποικιλου;;1
υποβασ;;1
κατακληισθεντα;;1
ανοιχθηναι;;1
μισεοσ;;1
ποιμενοσ;;1
φιλιτιοσ;;1
χεοποσ;;1
απαδειν;;1
τετρυμενον;;1
δικαιοτατασ;;1
αινεουσι;;1
επιμεμφομενωι;;1
αποπιμπλαναι;;1
μυκερινωι;;1
επιτηδευοντι;;1
υπεραλγησαντα;;1
περιεπεπτωκεε;;1
περισσοτερον;;1
ξυλινην;;1
εκρυφθη;;1
ησκημενωι;;1
παννυχοσ;;1
λυχνοσ;;1
παρακαιεται;;1
ξυλινοι;;1
γυμναι;;1
εργασμεναι;;1
μυκερινοσ;;1
αεκουσηι;;1
απηγξατο;;1
αχεοσ;;1
βοι;;1
αμφιπολων;;1
προδουσεων;;1
πεπονθυιασ;;1
ζωαι;;1
φλυηρεοντεσ;;1
αποβεβλη;;1
κασι;;1
κατακεκρυπται;;1
φοινικεωι;;1
ειματι;;1
φαινει;;1
κεχρυσωμενα;;1
παχει;;1
μεμιμημενοσ;;1
ζωη;;1
εκφερεται;;1
τυπτωνται;;1
ονομαζομενον;;1
αποθνηισκουσαν;;1
κατιδειν;;1
ονειδισμα;;1
αντιμεμφομενον;;1
φθειροντεσ;;1
εβιωσαν;;1
κακουσθαι;;1
κατακεκριμενων;;1
αναψαντα;;1
ευπαθεειν;;1
ανιεντα;;1
πλανωμενον;;1
ενηβητηρια;;1
επιτηδεοτατα;;1
ψευδομενον;;1
καταδεουσαν;;1
εταιρησ;;1
αναισιμωνται;;1
ακμαζουσα;;1
λιπομενων;;1
δουλη;;1
ηφαιστοπολιοσ;;1
συνδουλοσ;;1
κηρυσσοντων;;1
ιαδμων;;1
αισωποσ;;1
ξανθεω;;1
χαραξου;;1
σκαμανδρωνυμου;;1
σαπφουσ;;1
μουσοποιου;;1
ελευθερωθη;;1
κατεμεινε;;1
επαφροδιτοσ;;1
ροδωπι;;1
εξευρημενον;;1
βουπορουσ;;1
σιδηρεουσ;;1
ενεχωρεε;;1
ναυκρατι;;1
επαφροδιτοι;;1
εταιραι;;1
κλεινη;;1
αρχιδικη;;1
περιλεσχηνευτοσ;;1
χαραξοσ;;1
λυσαμενοσ;;1
ροδωπιν;;1
σαπφω;;1
κατεκερτομησε;;1
πεπαυμαι;;1
ασυχιν;;1
τυπουσ;;1
εγγεγλυμμενουσ;;1
οικοδομηματων;;1
αμιξιησ;;1
αποδεικνυντα;;1
προστεθηναι;;1
λαμβανοντοσ;;1
υποτιθεντι;;1
πατρωιωι;;1
ταφωι;;1
μιδα;;1
κατονοσθηισ;;1
λιθινασ;;1
προεχω;;1
υποτυπτοντεσ;;1
προσσχοιτο;;1
ειρυσαν;;1
ανυσιν;;1
αμαρτοι;;1
επιτασσοντα;;1
αδικεοντων;;1
υψηλοτεραι;;1
εχωσθησαν;;1
ορυξαντων;;1
υψηλαι;;1
υψηλεων;;1
εξεχωσθη;;1
πολυδαπανωτερα;;1
εσεχουσι;;1
συμμισγουσαι;;1
περιρρεουσα;;1
δενδρεσι;;1
κατασκιοσ;;1
εξαπηχεσι;;1
κατοραται;;1
περιιοντι;;1
εκκεχωσμενησ;;1
κεκινημενου;;1
εσοπτον;;1
εγγεγλυμμενη;;1
πεφυτευμενον;;1
ουρανομηκεα;;1
μεσουσ;;1
προδεικνυναι;;1
ασεβησασ;;1
κεχρησθαι;;1
εκχωρησειν;;1
επεταρασσε;;1
σαβακωσ;;1
χωσασ;;1
σποδωι;;1
προστεταχθαι;;1
εδυνασθη;;1
ελβω;;1
σεθων;;1
αλογιηισι;;1
παραχρησαμενον;;1
απελεσθαι;;1
σαναχαριβον;;1
απειλημενον;;1
αποδυρεσθαι;;1
κινδυνευει;;1
ολοφυρομενον;;1
θαρσυνειν;;1
αντιαζων;;1
πισυνον;;1
ενυπνιοισι;;1
παραλαβοντα;;1
στρατοπεδευσασθαι;;1
χειρωνακτασ;;1
αγοραιουσ;;1
επιχυθεντασ;;1
αρουραιουσ;;1
φαγειν;;1
φαρετρεωνασ;;1
γυμνων;;1
ανοπλων;;1
αρχιερεασ;;1
επιλοιπων;;1
τριηκοσιηισι;;1
χιλιοισι;;1
υπολοιποισι;;1
αναστηναι;;1
καταδυεται;;1
επανατειλαι;;1
ανατελλει;;1
καταδυναι;;1
ετεροιωθηναι;;1
λογοποιωι;;1
λογησαντι;;1
εξηριθμεον;;1
ξυλινουσ;;1
αριθμεοντεσ;;1
εικονοσ;;1
αριθμησι;;1
ανεδησαν;;1
πιρωμισ;;1
καλοσ;;1
καγαθοσ;;1
κρατεοντα;;1
ωρον;;1
τυφωνα;;1
οσιρισ;;1
νεωτατοι;;1
νομιζονται;;1
αρχαιοτατοσ;;1
πεντακισχιλια;;1
απογραφομενοι;;1
αλκμηνησ;;1
οκτακοσια;;1
κατεγηρασαν;;1
προγεγονοτων;;1
ενερραψατο;;1
νυσαν;;1
γενεηλογεουσι;;1
διαιτασθαι;;1
επιγαμιασ;;1
εβασιλευον;;1
στελλοντεσ;;1
ενισταμενοισι;;1
συλλογισαιτο;;1
πονου;;1
δαπανησ;;1
αξιολογοσ;;1
ανταξιη;;1
υπερβαλλει;;1
αυλαι;;1
καταστεγοι;;1
αντιπυλοι;;1
τετραμμεναι;;1
περιεργει;;1
επυνθανομεθα;;1
οικοδομησαμενων;;1
στεγεων;;1
ειλιγμοι;;1
αυλεων;;1
ποικιλωτατοι;;1
μυριον;;1
αυλησ;;1
πασταδασ;;1
πασταδων;;1
αυλασ;;1
οροφη;;1
αυλη;;1
περιστυλοσ;;1
τελευτωντοσ;;1
τεσσερακοντοργυιοσ;;1
πεντηκοντοργυιοσ;;1
χειροποιητοσ;;1
ορυκτη;;1
υδα;;1
κολοσσοσ;;1
δικαιαι;;1
εξαπλεθρον;;1
εξαπεδου;;1
οργυιησ;;1
μετρεομενησ;;1
τετραπηχεοσ;;1
τετραπαλαιστων;;1
εξαπαλαιστου;;1
αυθιγενεσ;;1
εσηκται;;1
εκρεηι;;1
χουσ;;1
εξορυχθεισ;;1
εξεφορηθη;;1
ηιδεα;;1
νινωι;;1
σαρδαναπαλλου;;1
φυλασσομενα;;1
καταγαιοισι;;1
επενοησαν;;1
εκφορησαι;;1
εκφορεομενον;;1
ορυσσοντασ;;1
υπολαμβανων;;1
διαχεειν;;1
ορυχθηναι;;1
δικαιοσυνηι;;1
υστατηι;;1
κατασπεισειν;;1
εξηνεικε;;1
σπενδειν;;1
εσχατοσ;;1
εσπενδε;;1
δολερωι;;1
κτειναι;;1
εδικαιωσαν;;1
ανευρισκον;;1
βασανιζοντεσ;;1
διωξαι;;1
ψιλωσαντασ;;1
επιμισγεσθαι;;1
νεκων;;1
περιυβρισμενοσ;;1
διωξαντασ;;1
αψευδεστατον;;1
επιφανεντων;;1
εκπλωσαντασ;;1
απενειχθηναι;;1
ψαμμητιχωι;;1
χαλκεοι;;1
λεηλατεουσι;;1
στηριον;;1
επιτελεομενον;;1
καταιρεει;;1
τρεφεται;;1
περιστυλον;;1
υπεστασι;;1
δυωδεκαπηχεεσ;;1
συγκατεργασαμενοισι;;1
εκδιδασκεσθαι;;1
εκμαθοντων;;1
οικισθεντων;;1
αλλογλωσσοι;;1
κατοικισθησαν;;1
αξιου;;1
βουτω;;1
καταστεγασμα;;1
οροφησ;;1
παρωροφιδα;;1
τετραπηχυν;;1
θωμαστοτατον;;1
πλατεηι;;1
πλεουσαν;;1
κινηθεισαν;;1
τεθηπα;;1
βωμοι;;1
τριφασιοι;;1
ενιδρυαται;;1
εμπεφυκασι;;1
καρποφορα;;1
αφορα;;1
λητω;;1
οικεουσα;;1
δεξαμενη;;1
διεσωσε;;1
κατακρυψασα;;1
λεγομενηι;;1
τυφων;;1
λητουν;;1
σωτειραν;;1
ωροσ;;1
αισχυλοσ;;1
ηρπασε;;1
προγενομενων;;1
αζωτον;;1
εξειλε;;1
αζωτοσ;;1
διωρυξε;;1
ωρυχθη;;1
πατουμον;;1
ουριζοντοσ;;1
μακροτερη;;1
σκολιωτερη;;1
εμποδιου;;1
προεργαζεσθαι;;1
βορηιηι;;1
επιδηλοι;;1
δεοντι;;1
μαγδωλωι;;1
καδυτιν;;1
κατεργασαμενοσ;;1
ψαμμι;;1
ψαμμιν;;1
αυχεοντεσ;;1
συγκαλεεται;;1
απηγησαμενοι;;1
επιμαθησομενοι;;1
εναγωνιζονται;;1
δικαιου;;1
αστωι;;1
αγωνιζομενωι;;1
προσθησονται;;1
αγωνιστηισι;;1
ηλειοισι;;1
υπεθηκαντο;;1
στρατευσαμενου;;1
προπατορα;;1
ευδαιμονεστατοσ;;1
εναυμαχησε;;1
τυριωι;;1
λιβυκοισι;;1
αποπεμψασ;;1
προσεπταισε;;1
ασφαλεστερον;;1
περιτιθεισ;;1
περιτιθεναι;;1
αεκουσιον;;1
διεδεικνυε;;1
στεωτεσ;;1
απεματαισε;;1
αξιουν;;1
μεταπεμπομενου;;1
υποκρινεσθαι;;1
παρεσεσθαι;;1
αγνοεειν;;1
περιταμειν;;1
διακειμενον;;1
απιστεατο;;1
ωπλιζε;;1
τρισμυριουσ;;1
μωμεμφι;;1
πειρησεσθαι;;1
κεκλεαται;;1
βουκολοι;;1
τεχνεων;;1
βουσιριτησ;;1
σαιτησ;;1
χεμμιτησ;;1
παπρημιτησ;;1
προσωπιτισ;;1
ναθω;;1
βαναυσιησ;;1
δεδαηκε;;1
ανεωνται;;1
μαχι;;1
μον;;1
βουβαστιτησ;;1
αφθιτησ;;1
τανιτησ;;1
μενδησιοσ;;1
σεβεννυτησ;;1
αθριβιτησ;;1
φαρβαιθιτησ;;1
θμουιτησ;;1
ονουφιτησ;;1
μυεκφοριτησ;;1
επασκησαι;;1
κριναι;;1
αποτιμοτερουσ;;1
ηγημενουσ;;1
μανθανοντασ;;1
εκγονουσ;;1
χειρωναξιεων;;1
γενναιουσ;;1
ανειμενουσ;;1
κοριν;;1
θιοι;;1
ονονται;;1
χειροτεχνασ;;1
αρουραι;;1
εξαιρετοι;;1
σαμιωι;;1
εκαρπουντο;;1
εδορυφορεον;;1
αρουρεων;;1
οπτου;;1
σταθμοσ;;1
αρυστηρεσ;;1
δορυφορεουσι;;1
μωμεμφιν;;1
διανοια;;1
ιδρυσθαι;;1
απηχθη;;1
μεμφομενων;;1
τρεφων;;1
πατρωιηισι;;1
σαιται;;1
προπατορων;;1
παστασ;;1
ησκημενη;;1
στυλοισι;;1
μεμιμημενοισι;;1
πασταδι;;1
θυρωματα;;1
θυρωμασι;;1
εξαγορευειν;;1
οβελοι;;1
εχομενη;;1
λιθινηι;;1
κρηπιδι;;1
κεκοσμημενη;;1
εργασμενηι;;1
τροχοειδησ;;1
δεικηλα;;1
παθεων;;1
μυστηρια;;1
ειδοτι;;1
τελετησ;;1
θεσμοφορια;;1
εξαγαγουσαι;;1
διδαξασαι;;1
πελασγιωτιδασ;;1
εξαναστασησ;;1
εξαπωλετο;;1
τελετη;;1
διεσωιζον;;1
καταραιρημενου;;1
σιουφ;;1
κατωνοντο;;1
δημοτην;;1
ποδανιπτηρ;;1
εναπενιζοντο;;1
κοψασ;;1
εσεβοντο;;1
ποδανιπτηροσ;;1
ενεμεειν;;1
ενουρεειν;;1
εναπονιζεσθαι;;1
ποδανιπτηρι;;1
πεπρηγεναι;;1
προμηθεεσθαι;;1
ορθριον;;1
πληθωρησ;;1
προσφερομενα;;1
επινε;;1
κατεσκωπτε;;1
συμποτασ;;1
παιγνιημων;;1
ενουθετεον;;1
προεστηκασ;;1
φαυλον;;1
προαγων;;1
σεμνωι;;1
σεμνον;;1
θωκεοντα;;1
ηκουεσ;;1
βασιλικα;;1
εντανυουσι;;1
εκλυουσι;;1
εντεταμενα;;1
εκραγειη;;1
κατεσπουδασθαι;;1
παιγνιην;;1
λαθοι;;1
μανεισ;;1
αποπληκτοσ;;1
νεμω;;1
ιδιωτησ;;1
φιλο;;1
ποτησ;;1
φιλοσκωμμων;;1
κατεσπουδασμενοσ;;1
επιλιποι;;1
πινοντα;;1
ευπαθεοντα;;1
κλεπτεσκε;;1
αρνεομενον;;1
απεφευγε;;1
απελυσαν;;1
φοιτεων;;1
εκτημενοισι;;1
αψευδεα;;1
παρεχομενων;;1
εξεποιησε;;1
υπερβαλομενοσ;;1
υψει;;1
οκοιων;;1
ανδροσφιγγασ;;1
υπερφυεασ;;1
υπερμεγαθεασ;;1
απεχουσησ;;1
σαιοσ;;1
μουνολιθον;;1
εκομιζε;;1
αγωγεεσ;;1
μουνολιθου;;1
πυγονοσ;;1
εσελκυσαι;;1
ελκομενησ;;1
αναστεναξαι;;1
εγγεγονοτοσ;;1
μοχλευοντων;;1
εσελκυσθηναι;;1
ελλογιμοισι;;1
κολοσσον;;1
βαθρωι;;1
εξοικοδομησασ;;1
αξιοθεητοτατον;;1
ευδαιμονησαι;;1
νομαρχηι;;1
βιουται;;1
αποφαινοντα;;1
δικαιην;;1
ιθυνεσθαι;;1
αμωμωι;;1
φιλελλην;;1
ενοικεειν;;1
ναυτιλλομενοισι;;1
χρησιμωτατον;;1
ιδρυμεναι;;1
ροδοσ;;1
αλικαρνησσοσ;;1
φασηλισ;;1
προστατασ;;1
παρεχουσαι;;1
ομοσαι;;1
εκοντα;;1
απομοσαντα;;1
περιαγειν;;1
βαρισι;;1
ετετιμητο;;1
μισθωσαντων;;1
τεταρτημοριον;;1
μισθωματοσ;;1
πλανωμενοι;;1
εδωτιναζον;;1
στυπτηριησ;;1
επιθυμησασ;;1
ελληνιδοσ;;1
φιλοτητοσ;;1
κριτοβουλου;;1
συγκλινοιτο;;1
εφαρμαξασ;;1
αρνεομενηι;;1
πρηυτεροσ;;1
ευχεται;;1
αφροδιτηι;;1
αποπεμψειν;;1
εστερξε;;1
σοον;;1
επιχρυσον;;1
εικασμενην;;1
ιδρυατο;;1
λινδον;;1
προσσχουσασ;;1
θαλεια;;1
ανιωιτο;;1
απεχθοιτο;;1
αχθομενοσ;;1
αρνησασθαι;;1
λελειμμενη;;1
νιτητισ;;1
ησπαζετο;;1
ασκησασ;;1
εγγενομενη;;1
γνησιου;;1
αχαιμενιδεω;;1
αιγυπτιησ;;1
παρατρεπουσι;;1
προσποιευμενοι;;1
οικιηι;;1
πιθανοσ;;1
περσιδων;;1
εσελθουσα;;1
κασσανδανηι;;1
παρεστεωτα;;1
επαινωι;;1
υπερθωμαζουσα;;1
κασσανδανη;;1
ατιμιηι;;1
επικτητον;;1
αχθομενην;;1
νιτητι;;1
διαμνημονευοντα;;1
ανδρωθη;;1
επιστρατευσιν;;1
επικουρων;;1
αλκιμοσ;;1
λυκιηι;;1
διεκπεραι;;1
εξηγεεται;;1
φανεραι;;1
παλαιστινων;;1
τυφω;;1
κεκρυφθαι;;1
ναυτιλλομενων;;1
εννενωκασι;;1
κεραμιον;;1
οινηρον;;1
δημαρχον;;1
ανυδρα;;1
πλησαντασ;;1
επιφοιτεων;;1
εξαιρεομενοσ;;1
παρασκευασαντεσ;;1
σαξαντεσ;;1
αλικαρνησσεοσ;;1
επιταμνει;;1
ιματιου;;1
εκατερου;;1
κροκυδα;;1
αλειφει;;1
επιτελεσαντοσ;;1
φιλοισι;;1
παρεγγυαι;;1
κουρην;;1
κειρεσθαι;;1
περιτροχαλα;;1
υποξυρουντεσ;;1
κροταφουσ;;1
οροταλτ;;1
αραβιοσ;;1
επεσαξε;;1
ζωασ;;1
υπεμενε;;1
πιθανωτεροσ;;1
πιθανον;;1
κορυσ;;1
ραψαμενον;;1
ωμοβοεων;;1
οχετον;;1
εξικνεομενον;;1
ανυδρωι;;1
δεξαμενασ;;1
ορυξασθαι;;1
δεκομεναι;;1
σωιζωσι;;1
οχετων;;1
ταριχευθεισ;;1
οικοδομησατο;;1
ψαμμηνιτου;;1
αιγυπτιαι;;1
υσθεισαι;;1
ψακαδι;;1
διεξελασαντεσ;;1
καταλελειμμενοι;;1
αγινεοντεσ;;1
εσφαζον;;1
εσεφορεον;;1
εμπιοντεσ;;1
εχωρισθη;;1
διατετρανεεισ;;1
παισασ;;1
διαρρηξειασ;;1
παχυνεται;;1
φαλακρουσθαι;;1
ελαχιστουσ;;1
φαλακρουσ;;1
σκιητροφεουσι;;1
φορεοντεσ;;1
διαφθαρεντων;;1
μυτιληναιην;;1
προκαλεομενοσ;;1
εκχυθεντεσ;;1
κρεοργηδον;;1
διασπασαντεσ;;1
δρασσομενοσ;;1
δουληιηι;;1
υδρηιον;;1
εσταλμενασ;;1
αντεβοων;;1
αντεκλαιον;;1
κεκακωμενα;;1
εκυψε;;1
παρελθουσεων;;1
υδροφορων;;1
δισχιλιων;;1
εγκεχαλινωμενουσ;;1
τεισοντεσ;;1
εδικασαν;;1
ανταπολλυσθαι;;1
παρεξιοντασ;;1
ηγεομενον;;1
κλαιοντων;;1
παρελθοντων;;1
απηλικεστερον;;1
εκπεπτωκοτα;;1
πτωχοσ;;1
προσαιτεοντα;;1
ανακλαυσασ;;1
επληξατο;;1
ψαμμηνιτε;;1
κεκακωμενην;;1
στειχοντα;;1
ανεβωσασ;;1
ανεκλαυσασ;;1
πτωχον;;1
προσηκοντα;;1
ετιμησασ;;1
ανακλαιειν;;1
ευδαιμονων;;1
πτωχηιην;;1
γηραοσ;;1
ουδωι;;1
ετετευχεε;;1
οικτον;;1
προαστειου;;1
αναστησαντασ;;1
ηπιστηθη;;1
πολυπρηγμονεειν;;1
θαννυραι;;1
παυσιρι;;1
απιστασ;;1
ταυρου;;1
πιων;;1
μαστιγουν;;1
αποτιλλειν;;1
κεντρουν;;1
εκαμον;;1
τεταριχευμενοσ;;1
διεχεετο;;1
κατακαυσαι;;1
κατεσθιειν;;1
λαβηι;;1
πλησθεν;;1
συναποθνηισκειν;;1
κατεσθιομενωι;;1
καταβρωθηι;;1
λυμαινομενοι;;1
ακεομενοσ;;1
μαστιγωθεντα;;1
μυχωι;;1
εντολαι;;1
ταφην;;1
αποκριναντα;;1
κατοπτασ;;1
κατοψομενουσ;;1
επιπλεοσ;;1
εφθων;;1
τετραποδων;;1
επιτηδευοντασ;;1
δαινυσθαι;;1
προσιοντα;;1
αναδιδοναι;;1
καρχηδονα;;1
ενδεδεσθαι;;1
μυρου;;1
αλαβαστρον;;1
καδον;;1
μεγιστοι;;1
καλλιστοι;;1
αξιουσι;;1
προτιμων;;1
ηδικηται;;1
συμβουλευει;;1
ελκωσι;;1
υπερβαλλομενον;;1
ανεισ;;1
ιχθυο;;1
φαγων;;1
πορφυρησ;;1
βαφησ;;1
δολερουσ;;1
δολερα;;1
εξηγεομενων;;1
ρωμαλεωτεραι;;1
μυρον;;1
ποιησιοσ;;1
αλειψιοσ;;1
ειματοσ;;1
υπερησθεισ;;1
σιτεεται;;1
ζωει;;1
εξηγησαμενοι;;1
προκεισθαι;;1
ανεφερον;;1
ιχθυοφαγοισι;;1
αντειρομενων;;1
διαιτησ;;1
υπερβαλλειν;;1
σιτησιν;;1
εφθα;;1
πομα;;1
λουομενοι;;1
λιπαρωτεροι;;1
οζειν;;1
ελαφροτερα;;1
μακροβιοι;;1
χρυσεηισι;;1
δεδεσθαι;;1
σπανιωτατον;;1
τελευταιασ;;1
σκευαζεσθαι;;1
ισχνηνωσι;;1
γυψωσαντεσ;;1
κοσμεουσι;;1
εξομοιουντεσ;;1
περιιστασι;;1
ευεργοσ;;1
ενεων;;1
διαφαινεται;;1
αχαριν;;1
φανερα;;1
νεκυι;;1
απαρχομενοι;;1
προσαγοντεσ;;1
εκκομισαντεσ;;1
εμμανησ;;1
απεκρινε;;1
εξανδραποδισαμενουσ;;1
εμπρησαι;;1
διεληλυθεναι;;1
επελελοιπεε;;1
εγνωσιμαχεε;;1
αμαρταδι;;1
ποιηφαγεοντεσ;;1
διεζωον;;1
δεκαδοσ;;1
αποκληρωσαντεσ;;1
κατεφαγον;;1
αλληλοφαγιην;;1
αποσταλεντεσ;;1
αγωγουσ;;1
οασιν;;1
αισχριωνιησ;;1
απεχουσι;;1
μακαρων;;1
αιρεομενοισι;;1
επιπνευσαι;;1
εξαισιον;;1
θινασ;;1
καταχωσαι;;1
επαφον;;1
χαρμοσυνα;;1
επιτροπουσ;;1
παρειη;;1
φανεισ;;1
ορταζοιεν;;1
ψευδομενουσ;;1
εζημιου;;1
χειροηθησ;;1
αξοντεσ;;1
βαλλεσθαι;;1
σελασ;;1
κατισχειν;;1
τικτειν;;1
μετωπωι;;1
τριγωνον;;1
αιετον;;1
εικασμενον;;1
ουρηι;;1
διπλασ;;1
κανθαρον;;1
τυψαι;;1
κακαι;;1
εναιμοι;;1
σαρκωδεεσ;;1
επαιοντεσ;;1
σιδηριων;;1
θησεσθε;;1
απομαστιγωσαι;;1
ορταζοντα;;1
ορτη;;1
εδικαιουντο;;1
πεπληγμενοσ;;1
εφθινε;;1
κατακειμενοσ;;1
αδικημα;;1
ειρυσε;;1
ηνεικαν;;1
αποιχομενου;;1
εξαγαγοντα;;1
προαγαγοντα;;1
αδελφεηισι;;1
δικαστασ;;1
κεκριμενοι;;1
παρευρεθηι;;1
δικαζουσι;;1
εξηγηται;;1
πατριων;;1
θεσμων;;1
περιστελλοντεσ;;1
παρεξευρον;;1
θελοντι;;1
ερωμενην;;1
νεωτερην;;1
διξοσ;;1
σκυμνον;;1
σκυλακι;;1
θεωρεειν;;1
νικωμενου;;1
απορρηξαντα;;1
δεσμον;;1
παραγενεσθαι;;1
σκυλακασ;;1
σκυμνου;;1
ηδεσθαι;;1
θεωμενον;;1
παρημενην;;1
δακρυει;;1
τιμωρησαντα;;1
δακρυσειε;;1
μνησθεισα;;1
τιμωρησων;;1
παρακατημενων;;1
λαβουσαν;;1
περιτιλαι;;1
επανειρεσθαι;;1
περιτετιλμενη;;1
θριδαξ;;1
καλλιων;;1
εμιμησαο;;1
αποψιλωσασ;;1
εμπηδησαι;;1
εχουσηι;;1
εκτρωσασαν;;1
οικηιοτατουσ;;1
νοσεοντοσ;;1
υγιαινειν;;1
εσεφορεε;;1
οινοχοοσ;;1
επαινεαι;;1
φιλοινιηι;;1
παραφρονεειν;;1
νοημονα;;1
συνεδρων;;1
τελεσαι;;1
προσεκτησθαι;;1
υιοσ;;1
επιμνησθεντα;;1
βαλων;;1
τυχοιμι;;1
φανεονται;;1
σωφρονεειν;;1
διατειναντα;;1
ανασχιζειν;;1
σκεψασθαι;;1
βλημα;;1
καρδιηι;;1
περιχαρεα;;1
μαινομαι;;1
επισκοπα;;1
τοξευοντα;;1
ομοιουσ;;1
κατωρυξε;;1
νουθετησαι;;1
επιτρεπε;;1
ισχε;;1
καταλαμβανε;;1
προνοον;;1
προμηθιη;;1
νουθετεειν;;1
επετροπευσασ;;1
διαβαντα;;1
επιλαβεσθαι;;1
κατατοξευσων;;1
αναδραμων;;1
τοξευσαι;;1
θεραπουσι;;1
κατακρυπτουσι;;1
επιζητησει;;1
λαμψονται;;1
ζωαγρια;;1
μεταμεληται;;1
ποθεηι;;1
εποθησε;;1
συνηδεσθαι;;1
περιεοντι;;1
περιποιησαντασ;;1
καταπροιξεσθαι;;1
αποκτενεειν;;1
εξεμαινετο;;1
παλαιασ;;1
ανοιγων;;1
σκεπτομενοσ;;1
φοινικηιοισι;;1
παταικοισι;;1
εμφερεστατον;;1
πρωιρηισι;;1
οπωπε;;1
πυγμαιου;;1
μιμησισ;;1
κατασκωψασ;;1
προθειη;;1
διασκεψαμενοι;;1
ελοιατο;;1
τιθεσθαι;;1
κοσωι;;1
κατασιτεεσθαι;;1
καλλατιασ;;1
κατεσθιουσι;;1
ερμηνεοσ;;1
μανθανοντων;;1
δεξαιατ;;1
τελευτωντασ;;1
αμβωσαντεσ;;1
ευφημεειν;;1
πινδαροσ;;1
φησασ;;1
τριχηι;;1
πανταγνωτωι;;1
διενειμε;;1
βεβωμενα;;1
ευτυχεωσ;;1
εκτητο;;1
αραιρηκεε;;1
ευτυχιησ;;1
αρεσκουσι;;1
κηδωμαι;;1
προσπταιειν;;1
διαφερειν;;1
ευτυχιασ;;1
αλγησεισ;;1
αποβαλε;;1
παθησι;;1
προσπιπτωσι;;1
υποκειμενωι;;1
ακεο;;1
ασηθειη;;1
σφρηγισ;;1
χρυσοδετοσ;;1
τηλεκλεοσ;;1
εσεβη;;1
ορωντων;;1
συμπλοων;;1
ηξιου;;1
χωρησαντοσ;;1
εδικαιωσα;;1
αποχειροβιοτοσ;;1
διπλη;;1
νηδυι;;1
ενεουσαν;;1
επε;;1
θηκε;;1
εκκομισαι;;1
αποβαλλοι;;1
ευρισκοι;;1
συντυχιησ;;1
δεινησ;;1
καταλαβουσησ;;1
αλγησειε;;1
ευτυχεοντα;;1
επικαλεσαμενων;;1
κτισαντων;;1
συλλεγοντα;;1
δεησομενοσ;;1
καρπαθωι;;1
αδειν;;1
φυλασσομενουσ;;1
αποδρηναι;;1
καταπλεουσι;;1
πεζομαχησαντεσ;;1
κατιοντων;;1
νεωσοικουσ;;1
συνειλησασ;;1
προδιδωσι;;1
νεωσοικοισι;;1
επιλεληθεναι;;1
θυλακωι;;1
περιεργασθαι;;1
εκτινοντεσ;;1
ρησαι;;1
εληισαντο;;1
ενυφασμενων;;1
ειριοισι;;1
αρπεδονη;;1
λεπτη;;1
αρπεδονασ;;1
φανερασ;;1
συνεπελαβοντο;;1
υβρισμα;;1
προσσχοντων;;1
αγοιατο;;1
εδιδαξαν;;1
περιορωντεσ;;1
απελκειν;;1
εργοντων;;1
επιγενομενησ;;1
ικετευον;;1
ιστασαν;;1
ηιθεων;;1
φιλια;;1
συνελαβοντο;;1
ομαιμοι;;1
απεμνησικακεον;;1
τιμωρεομενοσ;;1
γεγονυιηι;;1
εφιλοφρονεετο;;1
ηλγησε;;1
προσειπε;;1
διαλεγομενωι;;1
προσδιελεγετο;;1
εξελαυνει;;1
ιστορεε;;1
διελεχθη;;1
ελιπαρεε;;1
απηλαυνετ;;1
απειλεοντοσ;;1
εξεργειν;;1
κελευοντοσ;;1
υποδεξηται;;1
προσδιαλεχθηι;;1
απειρημενου;;1
διακαρτερεων;;1
στοιηισι;;1
εκαλινδεετο;;1
αλουσιηισι;;1
ασιτιηισι;;1
συμπεπτωκοτα;;1
οικτιρε;;1
ταγαθα;;1
αλητην;;1
αντιστατεων;;1
εγγεγονε;;1
μετοχοσ;;1
εξεργασαμην;;1
φθονεεσθαι;;1
οικτιρεσθαι;;1
κρεσσονασ;;1
τεθυμωσθαι;;1
ανικητον;;1
αιτιωτατον;;1
εζωγρησε;;1
παρηβηκεε;;1
διεπειν;;1
απεκαλεε;;1
λυκοφρονα;;1
νωθεστεροσ;;1
ανακρισιοσ;;1
περιεχομενοσ;;1
διαφορηθεντα;;1
ζημιων;;1
φιλοτιμιη;;1
κτημα;;1
σκαιον;;1
ιω;;1
δικαιων;;1
επιεικεστερα;;1
μητρωια;;1
σφαλερον;;1
ερασται;;1
παρηβηκωσ;;1
δωισ;;1
επαγωγοτατα;;1
υποκρινομενοσ;;1
πυνθανηται;;1
απαγγειλασησ;;1
διαδοχον;;1
νεηνισκον;;1
προσβαλοντεσ;;1
βοηθησαντοσ;;1
απηλασθησαν;;1
ραχιοσ;;1
επεοντα;;1
επεξηλθον;;1
λυκωπηι;;1
σαμοσ;;1
λυκωπησ;;1
συνεσπεσοντεσ;;1
αποκληισθεντεσ;;1
πιτανηι;;1
συνεγενομην;;1
ταφηναι;;1
παππον;;1
προεκοπτετο;;1
ματαιοτεροσ;;1
κοψαντα;;1
μολυβδου;;1
νησιω;;1
επλουτεον;;1
αργυρεων;;1
πλουσιωτατοισι;;1
σιφνωι;;1
πρυτανηια;;1
λευκοφρυσ;;1
φραδμονοσ;;1
φρασσασθαι;;1
παριωι;;1
ησκημενα;;1
πρεσβεασ;;1
απασαι;;1
μιλτηλιφεεσ;;1
φυλαξασθαι;;1
φασκοντων;;1
απεκληισθησαν;;1
εκα;;1
υδρεαν;;1
τροιζηνιοισι;;1
παρακατεθεντο;;1
ζακυνθιουσ;;1
εξελωντεσ;;1
ευδαιμονησαν;;1
κυδωνιηι;;1
δικτυνησ;;1
καπριουσ;;1
εχουσεων;;1
ηκρωτηριασαν;;1
αμφικρατεοσ;;1
εξεργασμενα;;1
αμφιστομον;;1
εικοσιπηχυ;;1
τριπουν;;1
οχετευομενον;;1
σωληνων;;1
πηγησ;;1
μεγαρευσ;;1
ευπαλινοσ;;1
ναυστροφου;;1
χωματοσ;;1
νηων;;1
ροικοσ;;1
φιλεω;;1
χρονιζοντι;;1
παραφρονησαντι;;1
επανιστεαται;;1
κατελελοιπεε;;1
επανεστη;;1
κρυπτοιτο;;1
ειδειησαν;;1
συνεπαναστηναι;;1
διαπρηξει;;1
εισε;;1
προερεοντα;;1
ακουστεα;;1
προηγορευον;;1
ταχθεισ;;1
προδεδοσθαι;;1
διεπρηξασ;;1
προσεθηκα;;1
επανεστηκε;;1
εκελευεσ;;1
τεθνεωτεσ;;1
ανεστασι;;1
βλαστηι;;1
μεταδιωξαντασ;;1
εξεταζειν;;1
ειρωτωντασ;;1
προαγορευει;;1
μεταδιωκτοσ;;1
φαινομενοσ;;1
υπηρετεων;;1
οπωπα;;1
επικαταψευσαμενοσ;;1
εκπεφευγασ;;1
επανεστεωσ;;1
επανεστεωτεσ;;1
ελιπεσ;;1
ετυψε;;1
ιζομε;;1
νοσ;;1
αποκλαυσασ;;1
αναθρωισκοντι;;1
κολεου;;1
ξιφεοσ;;1
μυκησ;;1
αποπιπτει;;1
γυμνωθεν;;1
τρωματισθεισ;;1
επληξε;;1
καιριην;;1
τετυφθαι;;1
επειρομενοσ;;1
εκπεπληγμενοσ;;1
εσωφρονησε;;1
πεπρωμενον;;1
εκρυπτον;;1
εκφηναι;;1
απαιρεθεω;;1
αποτρεπειν;;1
εξεργασθεντοσ;;1
διαιτωμην;;1
υπαραιρημενου;;1
επανασταιη;;1
αδελφεοκτονοσ;;1
γεγονα;;1
εστερημαι;;1
λογιζεσθε;;1
κρατεουσι;;1
επιτρο;;1
πον;;1
πεπονθοτοσ;;1
ανοσιωι;;1
οικηιοτατων;;1
αναγκαιοτατον;;1
εντελλεσθαι;;1
επισκηπτω;;1
επικαλεων;;1
πα;;1
περιελθουσαν;;1
απαιρεθηναι;;1
κατεργασαμενοι;;1
εκφεροι;;1
ανασωσαμενοισι;;1
επιχειρησασι;;1
ανατα;;1
αρωμαι;;1
επιγεγονε;;1
πρηξιν;;1
ανακλαυσαντα;;1
κατηρεικοντο;;1
εσφακελισε;;1
μηροσ;;1
εσαπη;;1
θηλεοσ;;1
εκπολεμωθηι;;1
εξαρνοσ;;1
τετελευτηκοτοσ;;1
απολωλεκεναι;;1
ομωνυμου;;1
πληρωσιοσ;;1
ποθον;;1
ενισταμενοσ;;1
ογδοωι;;1
υπωπτευσε;;1
εξεφοιτα;;1
λογιμων;;1
κοιμωιτο;;1
αντεπεμπε;;1
συνοικεων;;1
γινωσκεισ;;1
πυθεο;;1
γινωσκει;;1
συγκατημενων;;1
ωνθρωποσ;;1
ακουοντι;;1
εσπεμπει;;1
θυγατερ;;1
αναλαβεσθαι;;1
καταδοκεω;;1
συγκοιμωμενον;;1
απαλλασσειν;;1
συνευδηι;;1
κατυπνωμενον;;1
αφασον;;1
νομιζε;;1
σεωυτην;;1
κινδυνευσειν;;1
επιλαμπτοσ;;1
αφασσουσα;;1
αιστωσει;;1
σμικρηι;;1
επιτελεουσα;;1
ηυδε;;1
υπνωμενου;;1
καρτερωσ;;1
ηφασε;;1
υπωπτευον;;1
ανενεικαντοσ;;1
πιστευει;;1
ασπαθινησ;;1
γεγονοτων;;1
συστησων;;1
αγαθου;;1
εκφαινειν;;1
εοικασ;;1
ησσω;;1
συνταχυνε;;1
αβουλωσ;;1
σωφρονεστερον;;1
λαμβανε;;1
χρησεσθε;;1
απολεεσθε;;1
εξοισει;;1
ωφειλετε;;1
υπερεθεσθε;;1
σημερον;;1
υπερπεσηι;;1
φθασ;;1
κατηγοροσ;;1
κατερεω;;1
σπερχομενον;;1
διεστεωσασ;;1
περησομεν;;1
οτανη;;1
χαλεπασ;;1
παρησει;;1
καταιδεομενοσ;;1
ευπρεπεστατην;;1
λεγεσθω;;1
γλιχομεθα;;1
ψευδομενοι;;1
ψευδονται;;1
αληθιζονται;;1
επισπασωνται;;1
επιτραπηται;;1
ασκεοντεσ;;1
τωυτου;;1
αληθιζομενοσ;;1
ψευδησ;;1
πυλουρων;;1
παριηι;;1
διαδεικνυσθω;;1
ωσαμενοι;;1
εχωμεθα;;1
αρχομεθα;;1
νοσεοντι;;1
μεμνησθε;;1
επεσκηψε;;1
ενεδεκομεθα;;1
εδοκεομεν;;1
συλλογου;;1
ιοντασ;;1
απολωλεκεε;;1
καλεσαντεσ;;1
προσεκτωντο;;1
εξοισειν;;1
υπισχνεομενοι;;1
υποδεκομενου;;1
ανεπεισαν;;1
συγκαλεειν;;1
αναβαντα;;1
αγορευσαι;;1
ενετελλοντο;;1
πιστοτατου;;1
εξαρνησαμενου;;1
ανεβιβασαν;;1
επεληθετο;;1
εγενεηλογησε;;1
πεποιηκοι;;1
κρυπτειν;;1
φαινειν;;1
επαρησαμενοσ;;1
ανακτησαιατο;;1
τεισαιατο;;1
στειχοντεσ;;1
εκσταντεσ;;1
ωθιζομενων;;1
ιρηκων;;1
αιγυπιων;;1
διωκοντα;;1
τιλλοντα;;1
αμυσσοντα;;1
τεθαρσηκοτεσ;;1
καταιδεομενοι;;1
υποπτευοντεσ;;1
παριεσαν;;1
παρηλθον;;1
ενεκυρσαν;;1
εσφερουσι;;1
πυλουροισι;;1
απειλεον;;1
ισχοντασ;;1
συγκεντεουσι;;1
βοωντασ;;1
φθανει;;1
κατελομενοσ;;1
αναλαβοντι;;1
προσκειμενων;;1
ημυνετο;;1
εστερηθη;;1
οφθαλμου;;1
τρωματιζει;;1
θαλαμοσ;;1
συνεσπιπτουσι;;1
συμπλεκεντοσ;;1
ηπορεε;;1
πληξηι;;1
πληξω;;1
ωθεε;;1
πειθο;;1
τρωματιασ;;1
μαγοφονια;;1
θορυβοσ;;1
απιστοι;;1
ενιοισι;;1
επεξηλθε;;1
μετεσχηκατε;;1
κατηρτημενον;;1
ανευθυνωι;;1
εωθοτων;;1
νοηματων;;1
στησειε;;1
υβρισ;;1
φθονοσ;;1
εμφυεται;;1
κεκορημενοσ;;1
ερδει;;1
υπεναντιον;;1
αριστοισι;;1
χαιρει;;1
κακιστοισι;;1
διαβολασ;;1
αναρμοστοτατον;;1
θωμαζηισ;;1
θεραπευεται;;1
θεραπευηι;;1
θωπι;;1
βιαται;;1
ακριτουσ;;1
υπευθυνον;;1
αναφερει;;1
μετεντασ;;1
αεξειν;;1
παυων;;1
καμοι;;1
ανωγε;;1
αριστησ;;1
ημαρτηκε;;1
ασυνετωτερον;;1
υβριστοτερον;;1
ακολαστου;;1
γινωσκων;;1
εδιδαχθη;;1
εμπεσων;;1
χειμαρρωι;;1
ικελοσ;;1
νοευσι;;1
χρασθων;;1
επιλεξαντεσ;;1
περιθεωμεν;;1
ενεσομεθα;;1
λεξαι;;1
ολιγαρχιην;;1
προεχειν;;1
αμωμητωσ;;1
σιγωιτο;;1
δυσμενεασ;;1
κορυφαιοσ;;1
στασιεσ;;1
εγγινονται;;1
στασιων;;1
εγγινομενησ;;1
κακουντεσ;;1
παυσηι;;1
συλλαβοντα;;1
ελευθεριη;;1
ελευθερωθεντασ;;1
πατριουσ;;1
προεκεατο;;1
κληρωι;;1
εναγωνιευμαι;;1
υπεξισταμαι;;1
αρξομαι;;1
ενηγωνιζετο;;1
υπερβαινουσα;;1
τιμιωτατη;;1
εβουλευσε;;1
συνεστησε;;1
εσαγγελεοσ;;1
αλλοθεν;;1
συνεπανασταντων;;1
επανατελλοντοσ;;1
επιβεβηκοτων;;1
ιπποκομοσ;;1
διελυθησαν;;1
οιβαρεσ;;1
επαναβεβηκοτων;;1
μηχανω;;1
σοφισμα;;1
επιουσησ;;1
εστεργε;;1
επηγαγε;;1
περιηγε;;1
εγχριμπτων;;1
θηλεηι;;1
οχευσαι;;1
διεξελαυνοντων;;1
κατεδεδετο;;1
προσδραμων;;1
εχρεμετισε;;1
αστραπη;;1
συνθετου;;1
καταθο;;1
ροντεσ;;1
επιψαυσασ;;1
κρυψασ;;1
αναξυρισι;;1
απιεσθαι;;1
εξειραντα;;1
μυκτηρασ;;1
προσενεικαι;;1
αισθομενον;;1
φριμαξασθαι;;1
χρεμετισαι;;1
κατηκουσαν;;1
εγαμεε;;1
προσυνοικησασαν;;1
παρμυσ;;1
καταδηλον;;1
επιμπλεατο;;1
οιβαρεοσ;;1
ιπποκομου;;1
σατραπηιασ;;1
επιστησασ;;1
υπερβαινων;;1
διειλε;;1
απαγινεειν;;1
ευβοιδασ;;1
κατεστηκοσ;;1
επιταξιν;;1
καπηλοσ;;1
εκαπηλευε;;1
ολιγωροσ;;1
ηπιοσ;;1
μαγνητων;;1
μιλυεων;;1
παμφυλων;;1
λασονιων;;1
καβαλεων;;1
υτεννεων;;1
φρουρεουσαν;;1
αναισιμουτο;;1
ταρτοσ;;1
αμφιλοχοσ;;1
φοινικη;;1
επιμετρεομενου;;1
καταμετρεουσι;;1
σατταγυδαι;;1
απαρυται;;1
εκτομιαι;;1
ορθοκορυβαντιων;;1
παυσοι;;1
παντιμαθοι;;1
δαρειται;;1
συμφεροντεσ;;1
βακτριανων;;1
αιγλων;;1
δυωδεκατοσ;;1
σαγαρτιων;;1
πεντη;;1
κοντα;;1
αρειοι;;1
σασπειρσι;;1
αλαροδιοισι;;1
μοσχοισι;;1
τιβαρηνοισι;;1
μακρωσι;;1
μοσσυνοικοισι;;1
μαρσι;;1
εικοστοσ;;1
εινακισχιλια;;1
τρισκαιδεκαστασιον;;1
λογιζομενων;;1
ευβοικα;;1
τετρακισχιλια;;1
ολιγαχοθεν;;1
θησαυριζει;;1
κεραμινουσ;;1
τηξασ;;1
καταχεει;;1
περιαιρεει;;1
κατακοπτει;;1
δεηται;;1
αρχαι;;1
επιταξιεσ;;1
περσισ;;1
νυσην;;1
σπερματι;;1
καλλαντιαι;;1
καταγαια;;1
αγινεουσι;;1
απυρου;;1
φαλαγγασ;;1
εβενου;;1
ελεφαντοσ;;1
ομοφωνα;;1
καλαμινων;;1
φλοινην;;1
φλουν;;1
αμησωνται;;1
κοψωσι;;1
φορμου;;1
κα;;1
ταπλεξαντεσ;;1
ενδυνουσι;;1
εδεσται;;1
παδαιοι;;1
ομιλεοντεσ;;1
τηκομενον;;1
διαφθειρεσθαι;;1
απαρνοσ;;1
επιχρεωμεναι;;1
γηρασ;;1
πιπτοντα;;1
ποιηφαγεουσι;;1
κεγχροσ;;1
καμνοντοσ;;1
μιξισ;;1
εμφανησ;;1
γονη;;1
λευκη;;1
θορην;;1
κασπατυρωι;;1
πακτυικηι;;1
προσοικοι;;1
βακτριοισι;;1
παραπλησιην;;1
μαχιμωτατοι;;1
ερημιηι;;1
θηρευθεντεσ;;1
ομοιοτατοι;;1
αναφερομενη;;1
χρυσιτισ;;1
στελλονται;;1
ζευξαμενοσ;;1
σειρη;;1
εκατερωθεν;;1
παρελκειν;;1
αναβαινει;;1
νεωτατων;;1
ζευξει;;1
δυνατωτεραι;;1
συγγραφω;;1
οπισθιοισι;;1
οπισθιων;;1
σκελεων;;1
λελογισμενωσ;;1
καυματων;;1
αφανεεσ;;1
θερμοτατοσ;;1
εωθινον;;1
υπερτειλασ;;1
διαλυσιοσ;;1
μεσαμβριηι;;1
βρεχεσθαι;;1
μεσουσα;;1
εωθινοσ;;1
δυσμηισι;;1
θυλακια;;1
εμπλησαντεσ;;1
διωκουσι;;1
προλαμβανειν;;1
αποσωιζεσθαι;;1
ησσονασ;;1
παραλυεσθαι;;1
αναμιμνησκομενασ;;1
σπανιωτεροσ;;1
κεκρημενασ;;1
ινδικη;;1
εμψυχα;;1
τετραποδα;;1
εσσουνται;;1
καταφορεομενοσ;;1
εσημηνα;;1
αρπαζομενοσ;;1
ειρια;;1
καλλονηι;;1
λιβανωτοσ;;1
φυομενοσ;;1
κασιη;;1
δυσπετεωσ;;1
στυρακα;;1
σμικροι;;1
ποικιλοι;;1
επιστρατευονται;;1
απελαυνονται;;1
στυρακοσ;;1
καπνωι;;1
εχιδνασ;;1
προνοιη;;1
σοφη;;1
δειλα;;1
εδωδιμα;;1
πολυγονα;;1
επιλιπηι;;1
ανιηρα;;1
ολιγογονα;;1
θηρευεται;;1
πολυγονον;;1
επικυισκεται;;1
δασυ;;1
μητρηισι;;1
πλασσεται;;1
λεαινα;;1
θρασυτατον;;1
τικτουσα;;1
συνεκβαλλει;;1
τεκνωι;;1
σκυμνοσ;;1
διακινεομενοσ;;1
αμυσσει;;1
αυξομενοσ;;1
επικνεεται;;1
καταγραφων;;1
τοκοσ;;1
αραβιοισι;;1
βιωσιμα;;1
θορνυωνται;;1
εκποιησι;;1
απιεμενου;;1
γονην;;1
απτεται;;1
εμφυσα;;1
διαφαγηι;;1
ερσενι;;1
γονει;;1
τιμωρεοντα;;1
διεσθιει;;1
διαφαγοντα;;1
εκλεπουσι;;1
καταδησωνται;;1
βυρσηισι;;1
αυλιζεται;;1
νυκτερισι;;1
προσεικελα;;1
τετριγε;;1
αλκιμα;;1
απαμυνομενουσ;;1
δρεπειν;;1
θωμαστοτερον;;1
τρεφουσα;;1
φυεσθαι;;1
ετραφη;;1
καρφεα;;1
προσπεπλασμενασ;;1
αποκρημνοισι;;1
προσβασιν;;1
σοφιζεσθαι;;1
απογινομενων;;1
θεντασ;;1
νεοσσιεων;;1
καταπετομενασ;;1
αναφορεειν;;1
δυναμενασ;;1
καταρρηγνυσθαι;;1
συλλεγομενον;;1
λαδανον;;1
θωμασιωτερον;;1
δυσοδμοτατωι;;1
ευωδεστατον;;1
τραγων;;1
πωγωσι;;1
εγγινομενον;;1
γλοιοσ;;1
μυρων;;1
θυμιωσι;;1
αποζει;;1
θεσπεσιον;;1
επειη;;1
επελκειν;;1
ανατριβομενων;;1
ουρεων;;1
ποιμενων;;1
ξυλουργεειν;;1
αμαξιδασ;;1
υποδεουσι;;1
ουρηισι;;1
αμαξιδα;;1
καταδεοντεσ;;1
πλατεασ;;1
δυνοντα;;1
αιθιοπιη;;1
ελεφαντασ;;1
αμφιλαφεασ;;1
εβενον;;1
μακροβιωτατουσ;;1
εσχατιεων;;1
ηριδανον;;1
κασσιτεριδασ;;1
ηριδανοσ;;1
ποιητεω;;1
μελετων;;1
επεκεινα;;1
εσχατησ;;1
υπεκ;;1
μουνοφθαλμοι;;1
φυονται;;1
περικληιουσαι;;1
απεργουσαι;;1
σπανιωτατα;;1
περικεκληιμενον;;1
διασφαγεσ;;1
υρκανιων;;1
περικληιοντοσ;;1
ακησ;;1
πενταχου;;1
ενδειμασ;;1
διασφαγι;;1
αποκεκληιμενου;;1
ενδιδοντοσ;;1
μελινην;;1
σησαμον;;1
χρηισκονται;;1
παραδιδωται;;1
σταντεσ;;1
βοωσι;;1
ωρυομενοι;;1
διακοροσ;;1
πινουσα;;1
αποκληιονται;;1
πρησσομενοσ;;1
ανοιγει;;1
επανασταντων;;1
υβρισαντα;;1
χρηματισασθαι;;1
επαναστασι;;1
μισγομενοσ;;1
εσαγγειλαι;;1
αγγελιηφοροσ;;1
ρινασ;;1
ανειρασ;;1
χαλινον;;1
πεποιηκοτεσ;;1
εξεμαθε;;1
πεποιηκωσ;;1
ινταφρενεοσ;;1
φοιτωσα;;1
κλαιεσκε;;1
οδυρεσκετο;;1
οικτιραι;;1
δεδεμενων;;1
βουλευσαμενη;;1
εγκαταλιπουσα;;1
αλλοτριωτεροσ;;1
κεχαρισμενοσ;;1
αποβαλοιμι;;1
απολωλεε;;1
κατασταθεισ;;1
οσιου;;1
κρινομενων;;1
οροιτηι;;1
προσεκτησαο;;1
ευπετεα;;1
ονειδει;;1
πολυκρα;;1
τεα;;1
κατακειμενον;;1
ανδρεωνι;;1
ανακρεοντα;;1
τηιον;;1
κατηλογεοντα;;1
παρελθοντα;;1
επεστραμμενον;;1
μεταστραφηναι;;1
οκοτερηι;;1
μαγνησιηι;;1
μυρσον;;1
θαλασσοκρατεειν;;1
επενοηθη;;1
κνωσσιου;;1
λεγομενησ;;1
διανοευμενον;;1
ορθωσεισ;;1
σωσεισ;;1
επιβουλευει;;1
απιστεεισ;;1
πεμψον;;1
ιμειρετο;;1
κατοψομενον;;1
ανδρεωνοσ;;1
βραχεοσ;;1
ετοιμασ;;1
απαγορευοντων;;1
ιδουσησ;;1
ηερι;;1
λουσθαι;;1
χριεσθαι;;1
παντοιη;;1
αποδημησαι;;1
ιοντοσ;;1
επεφημιζετο;;1
ηπειλησε;;1
παρθενευσεσθαι;;1
ηρησατο;;1
παρθενευεσθαι;;1
αλογησασ;;1
καλλιφωντοσ;;1
κροτωνιητην;;1
ασκεοντα;;1
φρονηματων;;1
μεγαλοπρεπειην;;1
ανακρεμαμενοσ;;1
ελουτο;;1
υοι;;1
εχριετο;;1
ανιεισ;;1
ικμαδα;;1
προεμαντευσατο;;1
ωφελεε;;1
απαραιρημενουσ;;1
δασκυλειου;;1
κρανασπην;;1
εξυβρισε;;1
αγγελλομενα;;1
κομιζομενον;;1
υπεισασ;;1
ηφανισε;;1
επεθυμεε;;1
εδορυ;;1
φορεον;;1
φρυγιον;;1
λυδιον;;1
υποστασ;;1
επιτελεσειε;;1
ωφελησε;;1
εοργε;;1
ηιστωσε;;1
ανακαλεοντασ;;1
πεμπομενουσ;;1
καταλαμπτεοσ;;1
υπεστησαν;;1
εριζοντασ;;1
παλλεσθαι;;1
παλλομενων;;1
λαγχανει;;1
περιαιρεομενοσ;;1
γραμματιστασ;;1
ενδεξαιατο;;1
σεβομενουσ;;1
απαγορευει;;1
δορυφορεειν;;1
βυβλιωι;;1
εγεγραπτο;;1
αγρηι;;1
θηρων;;1
αποθρωισκοντα;;1
στραφηναι;;1
ισχυροτερωσ;;1
εστραφη;;1
αστραγαλοσ;;1
ιητρικην;;1
αγρυπνιηισι;;1
ογδοηι;;1
παρακουσασ;;1
κροτωνιητεω;;1
εσαγγελλει;;1
ρακεα;;1
εσθημενον;;1
απεστερημενοσ;;1
κατεφανη;;1
τεχναζειν;;1
αγαγοντασ;;1
κεντρα;;1
παραφερειν;;1
ομιλησασ;;1
ιητρωι;;1
ιημασι;;1
ηπια;;1
ελπιζοντα;;1
αρτιπουν;;1
νεμει;;1
παραγαγοντεσ;;1
υποτυπτουσα;;1
δωρεηι;;1
αποπιπτοντασ;;1
φιαλεων;;1
στατηρασ;;1
σκιτων;;1
ανελεγετο;;1
συνειχετο;;1
κροτωνι;;1
χαλεπωι;;1
ασκευησ;;1
εργαληια;;1
ταλαντου;;1
μνεων;;1
ευδοκιμησαν;;1
ελεγοντο;;1
δευτεροι;;1
μουσικην;;1
εξιησαμενοσ;;1
ιωντο;;1
μελλοντασ;;1
ιητρου;;1
μαστου;;1
φυμα;;1
εκραγεν;;1
ενεμετο;;1
κρυπτουσα;;1
αισχυνομενη;;1
επεδεξε;;1
αντυπουργησειν;;1
δεησεσθαι;;1
αισ;;1
χυνην;;1
ιωμενοσ;;1
κατησαι;;1
προσκτωμενοσ;;1
εκμαθωσι;;1
επιστωνται;;1
προεστεωτα;;1
τριβωνται;;1
σχολην;;1
επιβουλευωσι;;1
αποδεξαιο;;1
αυξομενωι;;1
συναυξονται;;1
φρενεσ;;1
γηρασκοντι;;1
συγγηρασκουσι;;1
απαμβλυνονται;;1
βεβουλευμαι;;1
εασον;;1
επιθυμεω;;1
πυνθανομενη;;1
λακαινασ;;1
θεραπαινασ;;1
αργειασ;;1
αττικασ;;1
κορινθιασ;;1
εξιησατο;;1
αποπειρασθαι;;1
εξαγγελεουσι;;1
τρεψομαι;;1
δημοκηδει;;1
διαδρησεται;;1
επιδεξασ;;1
αντιδωσειν;;1
συμβαλεεσθαι;;1
πλευσεσθαι;;1
δολερου;;1
εο;;1
εκπειρωιτο;;1
επιδραμων;;1
επαγγελλεται;;1
παρεσκευασμε;;1
προσισχοντεσ;;1
ονομαστα;;1
ρηστωνησ;;1
πηδαλια;;1
παρελυσε;;1
μηδικεων;;1
ειρξε;;1
ανταπτοντο;;1
σκυταλοισι;;1
επαιον;;1
δρηπετην;;1
εξαιρεεσθε;;1
εκχρησει;;1
εξει;;1
απελησθε;;1
στρατευσομεθα;;1
εξαιρεθεντεσ;;1
απαιρεθεντεσ;;1
εζητησαν;;1
εστερημενοι;;1
αρμοσται;;1
παλαιστεω;;1
σπευσαι;;1
τελεσασ;;1
εκπιπτουσι;;1
δουλευοντασ;;1
ταραντινοσ;;1
ρυσαμενοσ;;1
προαπηγησαμενοσ;;1
συνταραξηι;;1
κνιδιουσ;;1
καταγοντασ;;1
κνιδον;;1
γιλλον;;1
εμποριην;;1
θεηται;;1
πυρρην;;1
ηγοραζε;;1
ωνεετο;;1
πωλεω;;1
παραλαμβανει;;1
ευηθειην;;1
περιεληλυθοι;;1
δεηθεντι;;1
προαιδεομαι;;1
αναβεβηκε;;1
παραγαγε;;1
γενναιοτατε;;1
εδωκασ;;1
λαβοιμι;;1
μεταμελησηι;;1
διδου;;1
εξανδραποδι;;1
σιοσ;;1
ουρισε;;1
εκκλησιην;;1
επιτετραπται;;1
επιπλησσω;;1
δεσποζων;;1
ιρωσυνην;;1
ιδρυσαμην;;1
περιτιθημι;;1
εξαναστασ;;1
ολεθροσ;;1
μετεχειρισασ;;1
αστοισι;;1
τελεσαρχοσ;;1
μετησει;;1
καταστησεται;;1
δωσων;;1
αποθανεεσθαι;;1
ευπετεστερωσ;;1
κατακτεινει;;1
δεσμωτασ;;1
ανταειρεται;;1
σπεισαμενου;;1
θρονουσ;;1
κατεναν;;1
τιον;;1
εξαμαρτων;;1
γοργυρηι;;1
διακυψασ;;1
ειρηναιωσ;;1
εβοα;;1
λοιδορεων;;1
κακιζων;;1
δεσμου;;1
ηξιωσασ;;1
εκβαλλοντασ;;1
ανοικον;;1
ευπετεασ;;1
καταρρωδηκασ;;1
τιμωρησομαι;;1
αφροσυνησ;;1
απολαμψεσθαι;;1
ακεραιον;;1
ερεθισασ;;1
ασθενεστατα;;1
σαμια;;1
προσεμπικρανεεσθαι;;1
κρυπτη;;1
οπλισασ;;1
εξηκε;;1
προσδεκομενουσ;;1
συμβεβαναι;;1
διφροφορεομενουσ;;1
επελανθανετο;;1
αποδρασ;;1
ανενεικαμενοσ;;1
προθεοιτο;;1
εξεσμων;;1
προηγε;;1
εξεπλησσετο;;1
δικαιοτατοσ;;1
ευρησεται;;1
αναπεισηι;;1
εξεκηρυξαν;;1
σαγηνευσαντεσ;;1
συγκατοικισε;;1
νοσησαι;;1
παρεσκευασμενοι;;1
προσεξαιρεετο;;1
σιτοποιον;;1
εξαιρεετο;;1
αναισιμωσωσι;;1
επελασασ;;1
φροντιζοντασ;;1
κατωρχεοντο;;1
κατεσκωπτον;;1
κατησθε;;1
αιρησετε;;1
βα;;1
βυλωνιων;;1
διεληλυθοτοσ;;1
ησχαλλε;;1
δυνατη;;1
σοφισματα;;1
σοφισμασι;;1
πειρησαμενοσ;;1
εικοστωι;;1
σιτοφορων;;1
απειπασ;;1
αλωσεσθαι;;1
αλωσιμοσ;;1
μορσιμον;;1
αλισκεσθαι;;1
απεπυνθανετο;;1
τιμωιτο;;1
αγαθουργιαι;;1
τιμωνται;;1
εφραζετο;;1
αυτομολησειε;;1
λωβαται;;1
λωβην;;1
περικειρασ;;1
μαστιγωσασ;;1
λελωβημενον;;1
αναπηδησασ;;1
αλλοτριων;;1
σχετλιωτατε;;1
πολιορκεομενουσ;;1
ματαιε;;1
λελωβημενου;;1
παραστησονται;;1
εξεπλωσασ;;1
διαφθειρασ;;1
υπερετιθεα;;1
περιειδεσ;;1
βαλομενοσ;;1
δεησηι;;1
αιρεομεν;;1
αυτομολησω;;1
εσελθω;;1
απολλυμενησ;;1
σεμιραμιοσ;;1
εβδομην;;1
νινιων;;1
εβδομησ;;1
διαλειπειν;;1
αμυνοντων;;1
εικοστην;;1
προσβαλλειν;;1
επιτρεψονται;;1
βαλαναγρασ;;1
επιστρεφομενοσ;;1
κατετρεχον;;1
παρακλιναντεσ;;1
πυλην;;1
αυτομολεοι;;1
πυλουροι;;1
κατοικτιζετο;;1
απανισταναι;;1
καταπροιξεται;;1
δοκιμωτατων;;1
ρινοσ;;1
ωτων;;1
εστερημενον;;1
μαστιξι;;1
αναπεφυρμενον;;1
επιτρεπεσθαι;;1
περιχαρεεσ;;1
στραταρχησ;;1
τειχο;;1
φυλαξ;;1
προσβολην;;1
ποιευμενου;;1
εσηκε;;1
περιειλε;;1
απεσπασε;;1
τρισχιλιουσ;;1
υπογινηται;;1
προορωντεσ;;1
κεφαλαιωμα;;1
συνηλθε;;1
αγαθουργιην;;1
κριτηι;;1
αεικειησ;;1
βαβυλωνασ;;1
προσγενεσθαι;;1
ετιμησε;;1
ηυτομολησε;;1
μελπομενη;;1
ελασισ;;1
επιδιωκοντεσ;;1
καταπαυοντεσ;;1
αποδημησαντασ;;1
αντιουμενην;;1
τυφλουσι;;1
φυση;;1
τηρασ;;1
οστεινουσ;;1
αυλοισι;;1
προσεμφερεστατουσ;;1
αρθρα;;1
φυσωσι;;1
φυσωντων;;1
αμελγουσι;;1
φυσωμενασ;;1
ουθαρ;;1
κατιεσθαι;;1
αμελξωσι;;1
εσχεαντεσ;;1
περιστησαντεσ;;1
δονεουσι;;1
απαρυσαντεσ;;1
τιμιωτερον;;1
υπισταμενον;;1
εκτυφλουσι;;1
αροται;;1
επετραφη;;1
ηντιουντο;;1
απεταμοντο;;1
ορυξαμενοι;;1
ταυρικων;;1
ποιευμεν;;1
ημετεροισι;;1
κτεινομενοι;;1
αρξομεν;;1
μαστιγα;;1
ημετεροι;;1
εκπλαγεντεσ;;1
επελαθοντο;;1
κατηλθον;;1
ερημωι;;1
λιποξαιν;;1
αρποξαιν;;1
αροτρον;;1
απαλλαχθεντοσ;;1
απωσασθαι;;1
επελθοντι;;1
κατασβηναι;;1
συγγνοντασ;;1
λιποξαιοσ;;1
αυχαται;;1
αρποξαιοσ;;1
κατιαροι;;1
τρασπιεσ;;1
νεωτατου;;1
παραλαται;;1
συμπασι;;1
σκολοτουσ;;1
συμπαντα;;1
ιλασκομενοι;;1
μετερχονται;;1
κατακοιμηθηι;;1
διενιαυτιζειν;;1
περιελασηι;;1
καταστησασθαι;;1
υπεροικων;;1
αποκληιοντα;;1
γηρυονεω;;1
γηρυονην;;1
κατοικημενον;;1
ερυθειαν;;1
γηδειροισι;;1
ωκεανωι;;1
κρυμον;;1
επειρυσαμενον;;1
λεοντεην;;1
εγερθηναι;;1
επεξελθοντα;;1
μιξοπαρθενον;;1
εχιδναν;;1
διφυεα;;1
γλουτων;;1
θωμασαντα;;1
ειδεν;;1
πλανωμενασ;;1
αποδοσιν;;1
συνειναι;;1
κομισαμενον;;1
αποδιδουσαν;;1
εσωσα;;1
παρεσχεσ;;1
τροφιεσ;;1
κατοικιζω;;1
ιδηαι;;1
αμαρτανοισ;;1
διατεινομενον;;1
ζωστηρι;;1
ζωννυμενον;;1
οικητορα;;1
λειπηται;;1
εκπεμπε;;1
ευφρανεαι;;1
ειρυσαντα;;1
προδεξαντα;;1
ανδρωθηναι;;1
επομενωι;;1
μεμνημενην;;1
εκβληθεντασ;;1
ζωστηρων;;1
μειναι;;1
σκυθηι;;1
προσκειμαι;;1
πιεσθεντασ;;1
κιμμεριην;;1
κεχωρισμενασ;;1
εντονουσ;;1
διαμαχεσθαι;;1
παραδιδοντασ;;1
συμφευγειν;;1
λογισαμενουσ;;1
θαψαντασ;;1
κιμμεριη;;1
καυκασιν;;1
ξυνοσ;;1
καυστροβιου;;1
φοιβολαμπτοσ;;1
υπεροικεειν;;1
κατηκοντασ;;1
εξωθεεσθαι;;1
πιεζομενουσ;;1
κυζικωι;;1
υποδεεστερον;;1
κναφεα;;1
εργαστηριον;;1
προσηκουσι;;1
εσκεδασμενου;;1
αμφισβασιασ;;1
κυζικηνον;;1
αρτακησ;;1
φαντα;;1
συντυχειν;;1
αμφισβατεειν;;1
αναιρησομενουσ;;1
ανοιχθεντοσ;;1
αριμασπεα;;1
μεταποντινοισι;;1
αφανισιν;;1
μεταποντιωι;;1
προκοννησιου;;1
ιταλιωτεων;;1
κοραξ;;1
φασματι;;1
δαφναι;;1
μεσαιτατον;;1
ελληνοσκυθαι;;1
αλαζωνεσ;;1
φακουσ;;1
κεγχρουσ;;1
σιτησι;;1
υλαιη;;1
βορυσθενειτασ;;1
ολβιοπολιτασ;;1
παντικαπην;;1
αρουντεσ;;1
υλαιησ;;1
τεσ;;1
σερων;;1
γερρον;;1
ταυρικην;;1
τυφλων;;1
λαξιων;;1
ψιλην;;1
λαξιν;;1
παντοιηι;;1
τοποισι;;1
ιυρκαι;;1
λοχαι;;1
πυκνα;;1
δεδιδαγμενοσ;;1
ταπεινοτητοσ;;1
απιδηι;;1
δενδρεου;;1
διωκει;;1
βαθυγαιοσ;;1
λιθωδησ;;1
διεξελθοντι;;1
σιμοι;;1
γενεια;;1
ποντικον;;1
πυρηνα;;1
πεπον;;1
σακκεουσι;;1
απορρεει;;1
απορρεοντι;;1
ασχυ;;1
γαλακτι;;1
τρυγοσ;;1
παλαθασ;;1
σπουδαιαι;;1
νομαι;;1
κατοικηται;;1
περικαλυψηι;;1
πιλωι;;1
στεγνωι;;1
πιλου;;1
διαιρεοντεσ;;1
καταφυγηι;;1
αργιππαιοι;;1
περιφανειη;;1
ποντικων;;1
γλωσ;;1
σεων;;1
διαπρησσονται;;1
αιγιποδασ;;1
εξαμηνον;;1
καθευδουσι;;1
οικεομενον;;1
καταταμοντεσ;;1
καταταμνουσι;;1
δεκομενου;;1
γονεα;;1
αναμειξαντεσ;;1
ψιλωσαντεσ;;1
καταχρυσουσι;;1
γενεσια;;1
ισοκρατεεσ;;1
γινωσκονται;;1
νενομικαμεν;;1
ονομαζομεν;;1
αριμα;;1
σπου;;1
δυσχειμεροσ;;1
αφορητοσ;;1
κρυμοσ;;1
εκχεασ;;1
ανακαιων;;1
πηγνυται;;1
κρυσταλλου;;1
επελαυνουσι;;1
σινδουσ;;1
κεχωρισται;;1
χειμωσι;;1
ημοσ;;1
κρυμωι;;1
αποσφακελιζουσι;;1
κολον;;1
οδυσσηιηι;;1
οθι;;1
αρνεσ;;1
αφαρ;;1
κεραοι;;1
τελεθουσι;;1
ισχυροισι;;1
ψυχεσι;;1
φυοντα;;1
προσθηκασ;;1
ηλειηι;;1
αιτιου;;1
καταρησ;;1
επιεισι;;1
σχωσι;;1
αναπλεον;;1
νιφεται;;1
αγχοθεν;;1
αδρην;;1
πιπτουσαν;;1
ανοικητα;;1
πτερα;;1
εικαζοντασ;;1
μουνοφθαλμων;;1
ησιοδωι;;1
ομηρωι;;1
επιγονοισι;;1
δεκομενουσ;;1
δωδωναιουσ;;1
καταβαινειν;;1
μηλιεα;;1
διαπορευεσθαι;;1
καρυστου;;1
κομιζοντασ;;1
κορασ;;1
υπεροχην;;1
λαοδικην;;1
περφερεεσ;;1
υπερβορεοισι;;1
καταλαμψεται;;1
αποστελλοντασ;;1
επισκηπτειν;;1
προπεμπειν;;1
προσφερεσ;;1
θρηισσασ;;1
παιονιδασ;;1
ποιευσασ;;1
παρθενοισι;;1
τελευτησασηισι;;1
κοραι;;1
πλοκαμον;;1
αποταμομεναι;;1
ειλιξασαι;;1
επιπεφυκε;;1
χλοην;;1
ειλιξαντεσ;;1
πορευομενασ;;1
υπεροχησ;;1
λαοδικησ;;1
ειλειθυιηι;;1
αποφερουσασ;;1
ωκυτοκου;;1
αγειρειν;;1
επονομαζουσασ;;1
υμνωι;;1
μαθοντασ;;1
υμνεειν;;1
ονομαζοντασ;;1
αγειροντασ;;1
παλαιουσ;;1
υμνουσ;;1
αειδομενουσ;;1
μηριων;;1
καταγιζομενων;;1
ωπιοσ;;1
αργησ;;1
αναισιμουσθαι;;1
επιβαλλομενην;;1
κηιων;;1
ιστιητοριου;;1
αβαριοσ;;1
υπερβορεου;;1
περιεφερε;;1
υπερβορεοι;;1
υπερνοτιοι;;1
γελω;;1
περιοδουσ;;1
γραψαντασ;;1
εχοντωσ;;1
τορνου;;1
ισην;;1
γραφην;;1
ακται;;1
κατατει;;1
νουσι;;1
φασιοσ;;1
τρωικου;;1
μυριανδρικου;;1
κειμενου;;1
ακτεων;;1
εκδεκομενη;;1
ληγουσα;;1
εσηγαγε;;1
πλατυσ;;1
παλαιστινην;;1
διελοντων;;1
διαφεροντα;;1
καταδεξαντοσ;;1
διεκπλεειν;;1
σπειρεσκον;;1
μενεσκον;;1
θερισαντεσ;;1
διεξελθοντων;;1
εγνωσθη;;1
αχαιμενιδησ;;1
περιεπλωσε;;1
ερημιην;;1
εβιησατο;;1
παραιτησατο;;1
επιθησειν;;1
περιπλεων;;1
συγχωρησαντοσ;;1
ναυτασ;;1
καμψασ;;1
σολοεισ;;1
περησασ;;1
προσωτατω;;1
παραπλεειν;;1
φοινικηιηι;;1
καταγοιατο;;1
εσιοντεσ;;1
βρωτα;;1
περιπλωσαι;;1
προβαινειν;;1
ενισχεσθαι;;1
συγγινωσκων;;1
ευνουχοσ;;1
τετελευτηκοτα;;1
επιληθομαι;;1
ινδον;;1
ερεειν;;1
καρυανδεα;;1
κασπατυρου;;1
περιπλωσαντασ;;1
γινωσκομενη;;1
παρηκουσα;;1
τριφασια;;1
ουρισματα;;1
κολχοσ;;1
μαιητην;;1
αυτοχθονοσ;;1
μεταλαμβανονται;;1
ασιεω;;1
κοτυοσ;;1
φυλην;;1
ασιαδα;;1
τυριησ;;1
φησομεν;;1
λυκιην;;1
νομιζομενοισι;;1
ευξεινοσ;;1
αμαθεστατα;;1
προβαλεσθαι;;1
σκυθικωι;;1
σοφωτατα;;1
επελθοντα;;1
εκτισμενα;;1
φερεοικοι;;1
αροτου;;1
αμαχοι;;1
προσμισγειν;;1
επιτηδεησ;;1
ποιωδησ;;1
ευυδροσ;;1
προσπλωτοι;;1
ονομανεω;;1
πενταστομοσ;;1
εκδιδοντων;;1
πορατα;;1
πυρετον;;1
ανακοινουται;;1
αυθιγενεεσ;;1
σκυθικοι;;1
συμπληθυουσι;;1
μαρισ;;1
συμμισ;;1
αιμου;;1
κορυφεων;;1
τιβισισ;;1
κροβυζων;;1
αθρυσ;;1
νοησ;;1
ροδοπησ;;1
σκιοσ;;1
αιμον;;1
αγγροσ;;1
τριβαλλικον;;1
βρογγον;;1
βρογγοσ;;1
ομβρικων;;1
καρπισ;;1
αλπισ;;1
κυνητασ;;1
πλαγια;;1
συμβαλλομενων;;1
αποκρατεει;;1
συμβαλλεται;;1
νιφετωι;;1
πεσουσα;;1
αμφιλαφησ;;1
τηκομενη;;1
συμπληθυει;;1
ομβροι;;1
λαβροι;;1
επελκεται;;1
συμμισγομενα;;1
αντισηκωσισ;;1
τυριται;;1
γλυκυσ;;1
πικροσ;;1
κρηνηι;;1
οδοι;;1
συναγουσι;;1
αλαζωνασ;;1
ευρυνων;;1
καλλιστασ;;1
ευκομιδεστατασ;;1
διακριδον;;1
πινεσθαι;;1
ηδιστοσ;;1
θολεροισι;;1
σποροσ;;1
σπειρεται;;1
αυτοματοι;;1
απλετοι;;1
κητεα;;1
ανακανθα;;1
αντακαιουσ;;1
εμβολον;;1
ιππολεω;;1
ενιδρυται;;1
καρκινιτιν;;1
υπακυριν;;1
υργισ;;1
ονομαστοισι;;1
αναφυομενη;;1
επιχολωτατη;;1
ανοιγομενοισι;;1
ευπορα;;1
ταβιτι;;1
παπαιοσ;;1
γοιτοσυροσ;;1
ουρανιη;;1
αφροδιτη;;1
αργιμπασα;;1
θαγιμασαδασ;;1
ερδομενη;;1
εμπεποδισμενον;;1
θυων;;1
σπασασ;;1
στροφου;;1
πιπτοντοσ;;1
θυηι;;1
βροχωι;;1
σκυταλιδα;;1
περιαγει;;1
ανακαυσασ;;1
καταρξαμενοσ;;1
επισπεισασ;;1
αποπνιξασ;;1
αποδειρασ;;1
αξυλου;;1
γυμνουσι;;1
κρητηρσι;;1
προσεικελουσ;;1
υποκαιοντεσ;;1
παρηι;;1
λεβησ;;1
παραμειξαντεσ;;1
υποκαιουσι;;1
αιθεται;;1
γαστερεσ;;1
χωρεουσι;;1
εψιλωμενα;;1
εξεψει;;1
εωυτο;;1
εψηθηι;;1
απαρξαμενοσ;;1
φακελοι;;1
κωλων;;1
αποτομα;;1
επιβατον;;1
επινεουσι;;1
υπονοστεει;;1
ογκου;;1
ακινακησ;;1
σιδηρεοσ;;1
τοιαδ;;1
ζωγρησωσι;;1
επισπεισωσι;;1
αποσφαζουσι;;1
ανενεικαντεσ;;1
ογκον;;1
ακινακεω;;1
αποσφαγεντων;;1
δεξιουσ;;1
απερξαντεσ;;1
καταβαληι;;1
εμπινει;;1
φονευσηι;;1
αποφερει;;1
απενεικασ;;1
μεταλαμβανει;;1
ενεικασ;;1
αποδειρει;;1
περιταμων;;1
λαβομενοσ;;1
εκσειει;;1
σαρκισασ;;1
πλευρηι;;1
δεψει;;1
οργασασ;;1
εξαπτει;;1
αγαλλεται;;1
χειρωμακτρα;;1
αποδερματων;;1
επεινυσθαι;;1
συρραπτοντεσ;;1
βαιτασ;;1
ονυξι;;1
καλυπτρασ;;1
φαρετρεων;;1
λαμπροτατον;;1
λευκοτητι;;1
εκδειραντεσ;;1
διατειναντεσ;;1
περιφερουσι;;1
εχθιστων;;1
αποπρισασ;;1
οφρυων;;1
εκκαθαιρει;;1
πενησ;;1
περιτεινασ;;1
περιτεινει;;1
καταχρυσωσασ;;1
ποτηριωι;;1
επικρατησηι;;1
παραφερει;;1
επιλεγει;;1
επεκρα;;1
τησε;;1
νομαρχησ;;1
ητιμωμενοι;;1
αποκατεαται;;1
αραιρηκοτεσ;;1
συνδυο;;1
κυλικασ;;1
ραβδοισι;;1
ιτεινηισι;;1
φακελουσ;;1
ραβδων;;1
ενεικωνται;;1
χαμαι;;1
διεξειλισσουσι;;1
ραβδον;;1
θεσπιζουσι;;1
συνειλεουσι;;1
ραβδουσ;;1
πατρωιη;;1
εναρεεσ;;1
ανδρογυνοι;;1
φιλυρησ;;1
φλοιωι;;1
φιλυρην;;1
σχισηι;;1
διαπλεκων;;1
διαλυων;;1
ευδοκιμεοντασ;;1
επιωρκηκε;;1
λεγωσι;;1
ορκον;;1
φωσι;;1
ελεγχουσι;;1
επιορκησασ;;1
αλγεει;;1
αρνεεται;;1
δεινολογεεται;;1
αρνεομενου;;1
μεταπεμ;;1
πεται;;1
διπλησιουσ;;1
εσορωντεσ;;1
καταδησωσι;;1
διαλαγχανουσι;;1
παρεισι;;1
απολλυουσι;;1
καμαρησ;;1
πλησωσι;;1
υποζευξωσι;;1
εμποδισαντεσ;;1
στομωσαντεσ;;1
κατεργνυουσι;;1
φρυγανα;;1
υποπρησαντεσ;;1
φοβησαντεσ;;1
συγκατακαιονται;;1
μαντισι;;1
περικεκαυμενοι;;1
ρυμοσ;;1
κατακαυθηι;;1
κατακαιουσι;;1
ψευδομαντισ;;1
κεραμινην;;1
εγχεαντεσ;;1
ταμνομενων;;1
τυψαντεσ;;1
υπεατι;;1
επιταμοντεσ;;1
αποβαψαντεσ;;1
ακοντιον;;1
κατευχονται;;1
αποπινουσι;;1
προσπλωτοσ;;1
ορυσσουσι;;1
αναλαμβανουσι;;1
κατακεκηρωμενον;;1
ανασχισθεισαν;;1
καθαρθεισαν;;1
κυπερου;;1
κεκομμενου;;1
θυμιηματοσ;;1
σελινου;;1
σπερματοσ;;1
αννησου;;1
συνερραμμενην;;1
παραδεξωνται;;1
κομισθεντα;;1
αποταμνονται;;1
περικειρονται;;1
καταμυσσονται;;1
διαβυνεονται;;1
περιελθωσι;;1
θεωσι;;1
στιβαδοσ;;1
παραπηξαντεσ;;1
υπερτεινουσι;;1
ριψι;;1
καταστεγαζουσι;;1
λοιπηι;;1
αποπνιξαντεσ;;1
οινοχοον;;1
μαγειρον;;1
ιπποκομον;;1
διηκονον;;1
απαρχασ;;1
χουσι;;1
αμιλλωμενοι;;1
προθυ;;1
μεομενοι;;1
περιφερομενου;;1
κελευσηι;;1
αργυρωνητοι;;1
διηκονων;;1
αποπνιξωσι;;1
καλλιστευοντασ;;1
καθηραντεσ;;1
εμπιπλασι;;1
αχυρων;;1
καταπηξαντεσ;;1
μηκεα;;1
παχεα;;1
διελασαντεσ;;1
τραχηλων;;1
αψιδασ;;1
προτεραι;;1
αψιδεσ;;1
υπεχουσι;;1
υπολαμβανουσι;;1
κατακρεμαται;;1
κατατεινουσι;;1
πασσαλων;;1
νεηνισκων;;1
αποπεπνιγμενων;;1
αναβιβαζοντεσ;;1
ακανθαν;;1
διελασωσι;;1
τραχηλου;;1
υπερεχει;;1
τορμον;;1
πηγνυουσι;;1
υποδεκομενοσ;;1
ευωχεει;;1
παρατιθει;;1
ιδιωται;;1
περιαγονται;;1
θαψαντεσ;;1
καθαιρονται;;1
σμησαμενοι;;1
εκπλυναμενοι;;1
στησωσι;;1
κεκλιμενα;;1
συμφραξαντεσ;;1
σκαφην;;1
φυομενη;;1
λινωι;;1
εμφερεστατη;;1
υπερφερει;;1
αυτοματη;;1
σπειρομενη;;1
λινεοισι;;1
ομοιοτατα;;1
τριβων;;1
λινου;;1
κανναβιδα;;1
δοκησει;;1
υποδυνουσι;;1
επιβαλλουσι;;1
θυμιαται;;1
επιβαλλομενον;;1
ατμιδα;;1
πυριη;;1
αποκρατησειε;;1
αγαμενοι;;1
πυριηι;;1
ωρυονται;;1
λουτρου;;1
λουονται;;1
παραχεουσαι;;1
κατασωχουσι;;1
τρηχυν;;1
κυπαρισσου;;1
λιβανου;;1
κατασωχομενον;;1
καταπλασσονται;;1
ευωδιη;;1
απαιρεουσαι;;1
καταπλαστυν;;1
καθαραι;;1
λαμπραι;;1
αναχαρσι;;1
θεωρησασ;;1
προσισχει;;1
αναγοντασ;;1
ευξατο;;1
σωσ;;1
θυσειν;;1
παννυχιδα;;1
στησειν;;1
τυμπανον;;1
εκδησαμενοσ;;1
καταφρασθεισ;;1
σαυλιωι;;1
εξεδημησε;;1
εθεσι;;1
διεχρησατο;;1
επιτροπου;;1
ιδανθυρσου;;1
γνουρου;;1
σαυλιου;;1
σαυλιοσ;;1
μαθητησ;;1
αποπεμψαντα;;1
ασχολουσ;;1
σωφρονωσ;;1
πεπλασται;;1
ελληνικασ;;1
ομιλιασ;;1
ιστριηνησ;;1
εδιδαξε;;1
αριαπειθησ;;1
ορικοσ;;1
επεπαιδευτο;;1
καταλιπεσκε;;1
εγκληισειε;;1
αποθεμενοσ;;1
λαβεσκε;;1
αγοραζε;;1
διατριψειε;;1
ποιεεσκε;;1
εδειματο;;1
τελεσθηναι;;1
μελλοντι;;1
πολυτελεοσ;;1
περιβολη;;1
σφιγγεσ;;1
γρυπεσ;;1
βελοσ;;1
βακχευειν;;1
ονειδιζουσι;;1
μαινεσθαι;;1
ετελεσθη;;1
διεπρηστευσε;;1
καταγελατε;;1
βακχευομεν;;1
βακχευει;;1
απιστεετε;;1
επεσθε;;1
δειξω;;1
προεστεωτεσ;;1
αναγαγων;;1
βορυσθενειτησ;;1
θιασωι;;1
βακχευοντα;;1
προστησαμενοι;;1
επανιστεατο;;1
κινδυνευσηισ;;1
οκταμασαδηι;;1
πεφευγωσ;;1
εκδουσ;;1
μητρων;;1
σιταλκηι;;1
απηγετο;;1
σκυλεω;;1
περιστελλουσι;;1
παρακτωμενοισι;;1
επιτιμια;;1
αποτον;;1
εξαπλησιον;;1
παχοσ;;1
αριανταν;;1
αρδιν;;1
οιστου;;1
κομισηι;;1
εξαμπαιον;;1
αποθωμασαι;;1
ιχνοσ;;1
φαινουσι;;1
πετρηι;;1
βηματι;;1
αναβησομαι;;1
περιπεμποντοσ;;1
επιταξοντασ;;1
ζευγνυναι;;1
δεομενωι;;1
υιεασ;;1
απολελυσθαι;;1
επεστεωτασ;;1
αποσφαγεντεσ;;1
καλχηδονιησ;;1
πλαγκτασ;;1
ριωι;;1
πελαγεων;;1
θωμασιωτατοσ;;1
προποντισ;;1
καταδιδοι;;1
στεινοτητα;;1
κατανυει;;1
μακρημεριηι;;1
επτακισμυριασ;;1
εξακισμυριασ;;1
θεμισκυρην;;1
σινδικησ;;1
μεμετρεαται;;1
μαιητισ;;1
ενταμων;;1
εξηριθμηθησαν;;1
ορθωσιησ;;1
κατελειφθη;;1
σχεδιηι;;1
ζευξιν;;1
προεδριηι;;1
ιχθυοεντα;;1
περιθεισ;;1
εκτελεσασ;;1
νουν;;1
ζευξαντοσ;;1
ζευγνυντασ;;1
εζευγνυε;;1
ψωρην;;1
δεουσαι;;1
ρεουσαι;;1
ψυχραι;;1
θερμαι;;1
ηραιου;;1
περινθωι;;1
κονταδεσδον;;1
κονταδεσδοσ;;1
αγριανην;;1
αγριανησ;;1
εβρον;;1
αινωι;;1
εγγραψασ;;1
εγραφη;;1
αρτησκοσ;;1
οδρυσεων;;1
παρεξιοντα;;1
κολωνουσ;;1
αθανατιζοντασ;;1
σαλμυδησσον;;1
σκυρμιαδαι;;1
νιψαιοι;;1
αγνωμοσυνην;;1
ανδρηιοτατοι;;1
αθανατιζουσι;;1
απολλυμενον;;1
γεβελειζιν;;1
εντελλομενοι;;1
διαλαβοντεσ;;1
αποπεμπομενου;;1
ανακινησαντεσ;;1
αναπαρεισ;;1
ιλεοσ;;1
αιτιωνται;;1
αιτιησαμενοι;;1
εντελλονται;;1
αστραπην;;1
τοξευοντεσ;;1
απειλεουσι;;1
μνησαρχου;;1
κτησασθαι;;1
κτησαμενον;;1
απελθειν;;1
κακοβιων;;1
υπαφρονεστερων;;1
βαθυτερα;;1
ασθενεστατωι;;1
σοφιστηι;;1
κατασκευασασθαι;;1
πανδοκευοντα;;1
ευωχεοντα;;1
αναδιδασκειν;;1
συμποται;;1
αποθανεονται;;1
ηξουσι;;1
καταλεχθεντα;;1
ηφανισθη;;1
εποθεον;;1
επενθεον;;1
καταγαιου;;1
απιστεω;;1
πιστευω;;1
πυθαγορεω;;1
ειτ;;1
γετηισι;;1
αρηρομενον;;1
εζευξαν;;1
πρηξωμεν;;1
ασφαλησ;;1
εσσωθεωμεν;;1
αλωμενοι;;1
καταμενω;;1
αριστην;;1
εψομαι;;1
λειφθειην;;1
λεσβιε;;1
σωθεντοσ;;1
επιφανηθι;;1
αμειψωμαι;;1
απαψασ;;1
αμματα;;1
ιμαντι;;1
αποδεχθεισα;;1
μετεισθω;;1
ιμαντα;;1
ιδητε;;1
λυετε;;1
αμμα;;1
παρεω;;1
διεξελθωσι;;1
αμματων;;1
αποπλεετε;;1
μετεδοξε;;1
φυλασσετε;;1
χαριεισθε;;1
θρηικη;;1
αγομενου;;1
μετρησιν;;1
ακταιη;;1
καρκινιτιδοσ;;1
ορεινην;;1
ταυρικον;;1
γουνον;;1
σουνιακον;;1
ανεχοντα;;1
θορικου;;1
αναφλυστου;;1
παραπεπλωκε;;1
ιηπυγιησ;;1
ιηπυγεσ;;1
βρεντεσιου;;1
αποταμοιατο;;1
παρομοια;;1
ταυρικησ;;1
ηοιησ;;1
κιμμεριου;;1
μυχον;;1
αποκληιεται;;1
τελευταιων;;1
μερεων;;1
μελαγχλαινουσ;;1
ημερησιη;;1
συμβεβληται;;1
επικαρσια;;1
ιθυμαχιηι;;1
διωσασθαι;;1
παρθενωι;;1
ναυηγουσ;;1
καταρξαμενοι;;1
ροπαλωι;;1
ωθεουσι;;1
ανασταυρουσι;;1
ωθεεσθαι;;1
κρυπτεσθαι;;1
ιφιγενειαν;;1
χειρωσωνται;;1
αναπειρασ;;1
υπερεχουσαν;;1
καπνοδοκησ;;1
υπεραιωρεεσθαι;;1
αβροτατοι;;1
χρυσοφοροι;;1
κασιγνητοι;;1
εχθει;;1
ανεφαινε;;1
κινδυνευουσι;;1
γοητεσ;;1
αγριωτατα;;1
ανθρωποφαγεουσι;;1
πυρρον;;1
ξυλινη;;1
ξυλιναι;;1
ελληνικωσ;;1
κατεσκευασμενα;;1
αγαλμασι;;1
βωμοισι;;1
τριετηριδασ;;1
βακχευουσι;;1
βουδινοισι;;1
φθειροτραγεουσι;;1
εργαται;;1
σιτοφαγοι;;1
πλειστηι;;1
καλαμοσ;;1
αλισκονται;;1
καστορεσ;;1
τετραγωνοπροσωπα;;1
παραρραπτεται;;1
ορχιεσ;;1
χρησιμοι;;1
υστερεων;;1
αμαζοσι;;1
οιορπατα;;1
ανδροκτονοι;;1
οιορ;;1
πατα;;1
νικησαντασ;;1
ζωγρησαι;;1
επιθεμενασ;;1
εκκοψαι;;1
πηδαλιοισι;;1
εξεκοψαν;;1
κρημνουσ;;1
αποβασαι;;1
εντυχουσαι;;1
ιπποφορβιωι;;1
διηρπασαν;;1
ιππαζομεναι;;1
εληιζοντο;;1
νεωτατουσ;;1
εικασαντασ;;1
εκεινεων;;1
διωκωσι;;1
υποφευγειν;;1
παυσωνται;;1
εκγενησεσθαι;;1
προσεχωρεον;;1
πλησιαιτερω;;1
εζωον;;1
θηρευοντεσ;;1
ληιζομενοι;;1
σποραδεσ;;1
ευμαρειην;;1
αποσκιδναμεναι;;1
μουνωθεισεων;;1
ενεχριμπτετο;;1
αμαζων;;1
απωθεετο;;1
φωνησαι;;1
συνιεσαν;;1
σημαινουσα;;1
νεηνισκοσ;;1
αμαζονα;;1
υπομενουσαν;;1
εκτιλωσαντο;;1
συμμειξαντεσ;;1
συνελαβον;;1
κτησιεσ;;1
διαιτωμεθα;;1
ουδαμασ;;1
υμετερεων;;1
κακεινηισι;;1
τοξευομεν;;1
ακοντιζομεν;;1
ιππαζομεθα;;1
εμαθομεν;;1
υμετεραι;;1
κατελεξαμεν;;1
μενουσαι;;1
ιουσαι;;1
συμφερεσθαι;;1
απολαχετε;;1
επιβαλλον;;1
αποστερησασασ;;1
δηλησαμενασ;;1
αξιουτε;;1
εξαναστεωμεν;;1
περησαντεσ;;1
παλαιηι;;1
εκφοιτωσαι;;1
φοιτωσαι;;1
φορεουσαι;;1
σολοικιζοντεσ;;1
γαμεεται;;1
παρθενοσ;;1
γηραιαι;;1
γημασθαι;;1
λεασ;;1
αλισμενουσ;;1
εκδιδασκοντεσ;;1
κατεστραπται;;1
αυχενι;;1
διαβεβηκε;;1
γεφυροι;;1
νοησαντεσ;;1
αντιαζωμεν;;1
ποιησετε;;1
εκλειψομεν;;1
ελαφροτερον;;1
καταχρησει;;1
καταστρεψαμενωι;;1
ερεομεν;;1
απεχομενον;;1
ημερουται;;1
εσχισθησαν;;1
βουδινοσ;;1
σαυροματησ;;1
αγαθυρσοσ;;1
νευροσ;;1
ανδροφαγοσ;;1
αδικησαντεσ;;1
εφαινεσθε;;1
επρησσομεν;;1
επεκρατεετε;;1
εγειρει;;1
ηδικησαμεν;;1
αρξηι;;1
απωσομεθα;;1
ιδωμεν;;1
δοκεομεν;;1
ιθυμαχιην;;1
προσεγινοντο;;1
υπεξελαυνοντεσ;;1
φρεατα;;1
παρεξιοιεν;;1
κρηνασ;;1
συγχουν;;1
εκτριβειν;;1
διχου;;1
υποφευγοντασ;;1
ταξακισ;;1
συνελθουσασ;;1
υπεξαγειν;;1
υπιοντασ;;1
εκπολεμωσωσι;;1
εκπολεμωσεσθαι;;1
υποστρεφειν;;1
σφε;;1
τερην;;1
υπηντιαζον;;1
αποστειλαντεσ;;1
ικανα;;1
υπολιπομενοι;;1
εντειλαμενοι;;1
προεκομιζετο;;1
απεχοντασ;;1
προεχοντεσ;;1
φυομενα;;1
λεαινοντεσ;;1
υπαγοντων;;1
ιθυσαν;;1
σαυροματιδοσ;;1
χερσου;;1
κεκενωμενου;;1
μαιητεων;;1
οαροσ;;1
συργισ;;1
οαρωι;;1
απεχοντα;;1
ετρεπετο;;1
διωκομενοι;;1
αφανισθεντων;;1
εφανταζοντο;;1
ημιεργα;;1
ενεκυρσε;;1
μοιρηισι;;1
υπεκφεροντασ;;1
υπεφευγον;;1
εταραξαν;;1
υποφευγοντεσ;;1
ομουρουσ;;1
τεταραγμενουσ;;1
εμβαλειν;;1
απηγορευον;;1
επιβαινειν;;1
προλεγοντεσ;;1
διαμαχησονται;;1
προειπαντεσ;;1
εσβαλοντων;;1
επιλαθομενοι;;1
απειλησ;;1
τεταραγμενοι;;1
απειπαντασ;;1
απικνεοντο;;1
νευριδοσ;;1
ιδανθυρσον;;1
φευγεισ;;1
αξιοχρεοσ;;1
συγγινωσκεαι;;1
ελθε;;1
ειρηνηι;;1
εωθεα;;1
μαχομαι;;1
πεφυτευμενη;;1
καρηι;;1
συμμισγοιμεν;;1
πατρωιοι;;1
συγχεειν;;1
πειρασθε;;1
γνωσεσθε;;1
αιρεηι;;1
συμμειξομεν;;1
νομιζω;;1
προγονον;;1
βασιλειαν;;1
εφησασ;;1
κλαιειν;;1
ρησισ;;1
επλησθησαν;;1
ταχθεισαν;;1
εφρουρεον;;1
πλαναν;;1
αναιρεομενοισι;;1
νωμωντεσ;;1
αναιρεομενουσ;;1
τρεπεσκε;;1
επεκουρεε;;1
επιτιθεμενοισι;;1
φωνη;;1
υβριζοντεσ;;1
επελαυνοντων;;1
ακουσειαν;;1
εταρασσοντο;;1
υποστρεφομενοι;;1
παραμενοιεν;;1
ανιωιατο;;1
καταλιποιεν;;1
νομεων;;1
υπεξηλαυνον;;1
λαβεσκον;;1
επηειροντο;;1
ορνιθα;;1
βατραχον;;1
διδομενων;;1
επεσταλθαι;;1
βατραχοσ;;1
εικαζοντοσ;;1
ορνιθεσ;;1
αναπτησθε;;1
μυεσ;;1
καταδυητε;;1
βατραχοι;;1
εσπηδησητε;;1
απονοστησετε;;1
εικαζον;;1
ταχθεισα;;1
φρουρεειν;;1
εθελητε;;1
πυνθανομεθα;;1
παραγενομενου;;1
παραμειναντεσ;;1
υποδεξαμενων;;1
διηιξε;;1
αντιπολεμιων;;1
ωνδρεσ;;1
καταφρονεουσι;;1
εμπαιζοντασ;;1
εκκαυσαντασ;;1
εωθαμεν;;1
ασθενεστατουσ;;1
εξαπατησαντασ;;1
καταδησαντασ;;1
ιθυσαι;;1
καματηρουσ;;1
ελαχιστοσ;;1
βοην;;1
παρεχωνται;;1
κατελειποντο;;1
καθαρωι;;1
ρυοιατο;;1
εκκαυσασ;;1
προετεινοντο;;1
μοιραι;;1
τετμημενων;;1
ιπποτεω;;1
διοιχηνται;;1
εμενετε;;1
παραστησομεθα;;1
στρατηγεοντοσ;;1
καταιρεθεισησ;;1
βουλησεσθαι;;1
αιρεομενοι;;1
διαφεροντεσ;;1
δαφνισ;;1
αβυδηνοσ;;1
ιπποκλοσ;;1
λαμψακηνοσ;;1
ηροφαντοσ;;1
παριηνοσ;;1
μητροδωροσ;;1
κυζικηνοσ;;1
βυζαντιοσ;;1
στραττισ;;1
προκειμενη;;1
μιλτια;;1
δεω;;1
κυμαιοσ;;1
εξικνεεται;;1
δοκεωσι;;1
λυοντασ;;1
προσεθηκαν;;1
επειγεσθε;;1
οδουται;;1
υπηρετεεται;;1
ευροντασ;;1
ημαρτανον;;1
βεβου;;1
λευσθαι;;1
εσφαλησαν;;1
χιλοσ;;1
εδιζηντο;;1
αντιπολεμιουσ;;1
αποδρησιν;;1
λελυμενησ;;1
απολελοιποτεσ;;1
φωνεων;;1
κατασταντα;;1
διαπορθμευειν;;1
εκφευγουσι;;1
ημαρτον;;1
ανανδροτατουσ;;1
κρινουσι;;1
φιλοδεσποτα;;1
αδρηστα;;1
μεγαβαζον;;1
ανοιξε;;1
ροιεων;;1
βουλοιτ;;1
ροιηι;;1
κοκκοι;;1
μεγαβαζουσ;;1
υπηκοον;;1
υπελιπε;;1
βυζαντιων;;1
τυγχανειν;;1
καλλιονοσ;;1
αισχιονα;;1
τυφλοι;;1
λειφθεισ;;1
προδιηγησαμενοσ;;1
βραυρωνοσ;;1
ληισαμενων;;1
τηυγετωι;;1
ανεκαιον;;1
πευσομενοι;;1
αγγελωι;;1
ειρωτωντι;;1
πλεοντων;;1
φυτευσαι;;1
αιθοιεν;;1
εκβληθεντεσ;;1
μετεχοντεσ;;1
ναυτιλιη;;1
μετεδοσαν;;1
εγημαν;;1
εξυβρισαν;;1
μεταιτεοντεσ;;1
κτεινωσι;;1
καταχρησεσθαι;;1
παραιτησαντο;;1
ασται;;1
παραδουσαι;;1
εκφυγοντεσ;;1
καδμειοσ;;1
ευρυσθενει;;1
προκλει;;1
νηπιων;;1
αυξηθεντων;;1
αδελφιδεων;;1
παραλαβοντων;;1
εγευσατο;;1
ποικιλεω;;1
προσεσχε;;1
προσσχοντι;;1
μεμβλιαρον;;1
θηραν;;1
μονοσ;;1
συνοικησων;;1
οικηιουμενοσ;;1
εκδραντεσ;;1
ερκτησ;;1
παραιτεεται;;1
εξαξειν;;1
τριηκοντεροισι;;1
απογονουσ;;1
επλωσε;;1
παρωρεατασ;;1
διειλον;;1
λεπρεον;;1
μακιστον;;1
φριξασ;;1
επιον;;1
νουδιον;;1
επορθησαν;;1
συμπλευσεσθαι;;1
τοιγαρων;;1
οιν;;1
λυκοισι;;1
νεηνισκωι;;1
οιολυκοσ;;1
οιολυκου;;1
αιγευσ;;1
αιγειδαι;;1
φυλη;;1
φυληι;;1
ερινυων;;1
οιδιποδεω;;1
γεγονοσι;;1
γριννοσ;;1
αισανιου;;1
πολυμνηστου;;1
ευφημιδησ;;1
γριννωι;;1
βαρυσ;;1
αειρεσθαι;;1
εδεικνυε;;1
αλογιην;;1
τολμωντεσ;;1
εξαυανθη;;1
διζημενουσ;;1
μετοικων;;1
περιπλανωμενοι;;1
ιτανον;;1
πορφυρει;;1
κορωβιοσ;;1
κατηγησαμενου;;1
παρακαταλιποντεσ;;1
απαγγελεοντεσ;;1
αποδημεοντων;;1
σαμιη;;1
ναυκληροσ;;1
κωλαιοσ;;1
πλεουσα;;1
καταλειπουσι;;1
αποφερομενοι;;1
απηλιωτηι;;1
πνευμα;;1
διεκπερησαντεσ;;1
εκερδησαν;;1
σωστρατον;;1
αιγινητην;;1
ερισαι;;1
επικερδιων;;1
αργολικου;;1
προκροσσοι;;1
υποστησαντεσ;;1
επταπηχεασ;;1
ερηρεισμενουσ;;1
συνεκρηθησαν;;1
εκτισμενη;;1
στελλουσι;;1
οαξοσ;;1
αμητορι;;1
φρονιμη;;1
μητρυιη;;1
φρονιμηι;;1
μηχανωμενη;;1
μαχλοσυνην;;1
επενεικασα;;1
αναγνωσθεισ;;1
θηραιοσ;;1
εμποροσ;;1
οαξωι;;1
διηκονησειν;;1
εξωρκωσε;;1
απαγαγοντα;;1
απατηι;;1
διαλυσαμενοσ;;1
αποσιουμενοσ;;1
εξορκωσιν;;1
σχοινιοισι;;1
διαδησασ;;1
ανασπασασ;;1
φρονιμην;;1
πολυμνηστοσ;;1
επαλλακευετο;;1
ισχοφωνοσ;;1
τραυλοσ;;1
μετωνομασθη;;1
θεσπιζουσαν;;1
καλεσαι;;1
λιβυκηι;;1
ηνδρωθη;;1
επειρωτωντι;;1
βαττ;;1
αναξ;;1
φοιβοσ;;1
οικιστηρα;;1
χραισ;;1
αποικιζειν;;1
εθεσπιζε;;1
παλιγκοτωσ;;1
αγνοευντεσ;;1
συμφορασ;;1
συγκτιζουσι;;1
καταγομενουσ;;1
εβαλλον;;1
προσισχειν;;1
καταλιποντεσ;;1
τυ;;1
σευ;;1
αποικιησ;;1
ναπαι;;1
συγκληιουσι;;1
θατερα;;1
παραρρεει;;1
παραφησαμενοι;;1
αμεινονα;;1
αξουσι;;1
συμμετρησαμενοι;;1
τετρηται;;1
ωρμησε;;1
χρησασα;;1
συνοικησοντασ;;1
κυρη;;1
κεν;;1
πολυηρατον;;1
γασ;;1
αναδαιομενασ;;1
ποκα;;1
φαμι;;1
συλλεχθεντοσ;;1
αδικραν;;1
στερισκομενοι;;1
περιυβριζομενοι;;1
θεστην;;1
πεπειρημενοι;;1
εστασιασε;;1
βαρκη;;1
κτιζοντεσ;;1
απιστασι;;1
υποδεξαμενουσ;;1
αποσταντασ;;1
ηοιουσ;;1
λευκωνι;;1
επιδιωκων;;1
λιβυσι;;1
επτακισχιλιουσ;;1
φαρμακον;;1
πεπωκοτα;;1
λεαρχοσ;;1
λεαρχον;;1
ερυξω;;1
χωλοσ;;1
αρτιπουσ;;1
καταλαβουσαν;;1
οικεοιεν;;1
μαντινεησ;;1
καταρτιστηρα;;1
τριφυλουσ;;1
διαθεισ;;1
διετελεε;;1
χωλου;;1
ανεξεσθαι;;1
μαντινευσ;;1
στασιαζων;;1
θυμιητηριον;;1
καταξει;;1
λαμβανουσα;;1
δεομενηι;;1
διδομενωι;;1
εξεπεμψε;;1
ηλακατην;;1
ειριον;;1
επειπασησ;;1
δωρεεσθαι;;1
συλλεγομενου;;1
κατοδου;;1
βαττουσ;;1
παραινεει;;1
αμφορεων;;1
εξοπτησηισ;;1
αποπεμπε;;1
εξοπτησεισ;;1
εσελθηισ;;1
αποθανεαι;;1
ταυροσ;;1
καλλιστευων;;1
αρκεσιλεωι;;1
επικρατησασ;;1
αντιστασιωτασ;;1
χειρωσαμενοσ;;1
διαφθορηι;;1
απενειχθεντασ;;1
αγλωμαχου;;1
ιδιωτικον;;1
περινησασ;;1
καμινωι;;1
εξοπτησαι;;1
συγγενεα;;1
αλαζειρ;;1
φυγαδων;;1
αλαζειρα;;1
κυρηνηι;;1
νεμομενη;;1
παριζουσα;;1
πεποιημεναι;;1
προισχομενη;;1
τεθνηκε;;1
κατεστεωσ;;1
παρισουμενοσ;;1
αποψησασ;;1
εκοψατο;;1
αρυανδικον;;1
επενεικασ;;1
επανισταιτο;;1
φερετιμην;;1
μαραφιον;;1
βαδρην;;1
πασαργαδην;;1
φερετιμηι;;1
καταστροφηι;;1
υπηκοα;;1
ψελιον;;1
κομωσαι;;1
φθειρασ;;1
αντιδακνει;;1
μελλουσασ;;1
επιδεικνυουσι;;1
αρεστη;;1
διαπαρθενευεται;;1
πλυνοσ;;1
γιλιγαμαι;;1
αφροδισιαδοσ;;1
μενελαοσ;;1
πλατεησ;;1
γιλιγαμεων;;1
τεθριπποβαται;;1
μιμε;;1
εσθαι;;1
ασβυστεων;;1
αυσχισαι;;1
βακαλεσ;;1
ταυχειρα;;1
βαρκαιησ;;1
αναβαινουσι;;1
αττελεβουσ;;1
θηρευσωσι;;1
καταλεουσι;;1
επιπασσοντεσ;;1
παραπλησιωι;;1
σκιπωνα;;1
προστησωνται;;1
γαμεοντοσ;;1
νασαμωνοσ;;1
νυμφην;;1
δαιτυμονων;;1
μισγομενην;;1
τυμβων;;1
απτομενοι;;1
σηματα;;1
επικατακοιμωνται;;1
πιστισι;;1
τοιηισιδε;;1
υγρον;;1
νασαμωσι;;1
προσομουροι;;1
ψυλλοι;;1
εξαπολωλασι;;1
πνεων;;1
ελυτρα;;1
εξηυηνε;;1
πνευσασ;;1
κατεχωσε;;1
εξαπολομενων;;1
θηριωδει;;1
γαμφασαντεσ;;1
μακαι;;1
ανιεντεσ;;1
χροι;;1
στρουθων;;1
καταγαιων;;1
προβληματα;;1
κινυψ;;1
λοφοσ;;1
δασυσ;;1
προκαταλεχθεισησ;;1
ψιλησ;;1
γινδανεσ;;1
περισφυρια;;1
μιχθεντα;;1
περισφυριον;;1
περιδεεται;;1
πλειστων;;1
φιληθεισα;;1
προεχουσαν;;1
γινδανων;;1
τρωγοντεσ;;1
σχινου;;1
γλυκυτητα;;1
προσεικελοσ;;1
λωτοφαγων;;1
φλα;;1
εξεργασθη;;1
αργω;;1
εσθεμενον;;1
βραχεσι;;1
εξαγωγην;;1
δειξειν;;1
απημονασ;;1
αποστελεειν;;1
επιθεσπισαντα;;1
τριποδι;;1
ιησονι;;1
σημηναντα;;1
κομισηται;;1
εκγονων;;1
συμπλεοντων;;1
μαχλυων;;1
ενιαυσιηι;;1
διαστασαι;;1
αυθιγενει;;1
λεγουσαι;;1
αποτελεειν;;1
αποθνηισκουσασ;;1
ψευδοπαρθενουσ;;1
καλλιστευουσαν;;1
κοσμησαντεσ;;1
κυνεηι;;1
αναβιβασαντεσ;;1
εκοσμεον;;1
παροικισθηναι;;1
κοσμεεσθαι;;1
κρανοσ;;1
μεμφθεισαν;;1
συνοικεοντεσ;;1
κτηνηδον;;1
αδρον;;1
οικηι;;1
παραθαλασσιοι;;1
τρυφεα;;1
χονδρουσ;;1
κολωνοισι;;1
ανακοντιζει;;1
κρηναιον;;1
ορθρον;;1
πληθυουσησ;;1
ψυχροτερον;;1
αρδουσι;;1
υπιεται;;1
δυεται;;1
πελαζει;;1
ζεει;;1
αμβολαδην;;1
παρερχονται;;1
ψυχεται;;1
αμμωνιωι;;1
αυγιλων;;1
επιφορεοντεσ;;1
λωτοφαγουσ;;1
κεκυφοτα;;1
προεμβαλλοντων;;1
παχυτητα;;1
τριψιν;;1
τρωγλοδυτασ;;1
θηρευουσι;;1
τεθριπποισι;;1
ταχιστοι;;1
ακουομεν;;1
σαυρασ;;1
ερπετων;;1
παρομοιην;;1
τετριγασι;;1
νυκτεριδεσ;;1
γαραμαντων;;1
ανωνυμοι;;1
υπερβαλλοντι;;1
λοιδορεονται;;1
καιων;;1
επιτριβει;;1
κυκλοτερεσ;;1
κιονα;;1
ατλαντεσ;;1
ατλαντων;;1
αλινων;;1
χονδρων;;1
οικοδομεαται;;1
ανομβρα;;1
αλινοι;;1
αλσ;;1
λευκοσ;;1
πορφυρεοσ;;1
αθηροσ;;1
αξυλοσ;;1
ικμαδοσ;;1
κρεοφαγοι;;1
γευομενοι;;1
τρεφοντεσ;;1
πατεεσθαι;;1
ισιν;;1
νηστηιασ;;1
οισυπηι;;1
κροταφοισι;;1
καταρρεον;;1
φλεγμα;;1
δηλεηται;;1
υγιηροτατουσ;;1
σπασμοσ;;1
ακοσ;;1
τραγου;;1
ρυονται;;1
νομασι;;1
απαρξωνται;;1
αποστρεφουσι;;1
νεμοντεσ;;1
τριτωνι;;1
σκυτινη;;1
θυσανοι;;1
αιγιδων;;1
ιμαντινοι;;1
εσταλται;;1
στολη;;1
παλλαδιων;;1
αιγεασ;;1
περιβαλλονται;;1
ψιλασ;;1
θυσανωτασ;;1
κεχριμενασ;;1
ερευθεδανωι;;1
αιγεων;;1
μετωνομασαν;;1
ολολυγη;;1
συζευγνυναι;;1
απιηι;;1
κατισουσι;;1
υπτιοσ;;1
αποθανεεται;;1
συμπηκτα;;1
ανθερικων;;1
ενειρμενων;;1
σχοινουσ;;1
περιφορητα;;1
αυσεων;;1
μαξυεσ;;1
κειρουσι;;1
χριονται;;1
θηριωδεστερη;;1
δασυτερη;;1
ταπεινη;;1
ψαμμωδησ;;1
υπερμεγαθεεσ;;1
ελεφαντεσ;;1
αρκτοι;;1
ασπιδεσ;;1
κυνοκεφαλοι;;1
ακεφαλοι;;1
στηθεσι;;1
αγριαι;;1
καταψευστα;;1
πυγαργοι;;1
ζορκαδεσ;;1
βουβαλιεσ;;1
αποτοι;;1
ορυγεσ;;1
βασσαρια;;1
υαιναι;;1
υστριχεσ;;1
κριοι;;1
δικτυεσ;;1
θωεσ;;1
πανθηρεσ;;1
βορυεσ;;1
τριπηχεεσ;;1
χερσαιοι;;1
σαυρηισι;;1
εμφερεστατοι;;1
στρουθοι;;1
καταγαιοι;;1
ελαφου;;1
αγριου;;1
ελαφοσ;;1
αγριοσ;;1
μυων;;1
διποδεσ;;1
ζεγεριεσ;;1
λιβυστικον;;1
βουνοι;;1
εχινεεσ;;1
γαλαι;;1
σιλφιωι;;1
γινομεναι;;1
ταρτησσιηισι;;1
ομοιοταται;;1
μαξυων;;1
ζαυηκεσ;;1
ηνιοχεουσι;;1
γυζαντεσ;;1
κατεργαζονται;;1
δημιοργουσ;;1
μιλτουνται;;1
πιθηκοφαγεουσι;;1
κυραυιν;;1
μεστην;;1
αμπελων;;1
κεχριμενοισι;;1
πισσηι;;1
ιλυοσ;;1
αναφερομενην;;1
διοργυιοσ;;1
κοντον;;1
κατιεισι;;1
μυρσινην;;1
προσδησαντεσ;;1
πιερικησ;;1
πισσησ;;1
εσχεουσι;;1
λακκον;;1
ορωρυγμενον;;1
αθροισωσι;;1
συχνην;;1
λακκου;;1
εσπεσηι;;1
αναφαινεται;;1
εξελωνται;;1
κυματωγην;;1
τυφειν;;1
ιδομενουσ;;1
σκεπτεσθαι;;1
ανελομενοι;;1
προσελθοντεσ;;1
πειθωσι;;1
απισωθηι;;1
αξιηι;;1
σπουδαιη;;1
παραβληθηναι;;1
κινυποσ;;1
μουνησ;;1
ομοιη;;1
αριστηι;;1
γεων;;1
μελαγγαιοσ;;1
επυδροσ;;1
πιδαξι;;1
αυχμου;;1
φροντιζουσα;;1
ομβρον;;1
πιουσα;;1
εκφοριων;;1
ευεσπεριται;;1
εκατοστα;;1
κινυπι;;1
κυρηναιη;;1
αξιασ;;1
αμασθαι;;1
τρυγασθαι;;1
συγκεκομισμενων;;1
θαλασσιδιων;;1
συγκομιζεσθαι;;1
βουνουσ;;1
συγκεκομισται;;1
μεσοσ;;1
κατυπερτατηι;;1
πεπαινεται;;1
εκπεποται;;1
καταβεβρωται;;1
τελευταιοσ;;1
συμπαρα;;1
οπωρη;;1
επεχει;;1
σταλεντεσ;;1
επαγγελλομενοι;;1
καρτερασ;;1
επιχαλκωι;;1
ασπιδι;;1
επιφρασθεισ;;1
περιφερων;;1
δαπεδον;;1
κωφα;;1
ορυσσομενα;;1
ηχεεσκε;;1
αντορυσσοντεσ;;1
γεωρυχεοντασ;;1
απεκρουοντο;;1
τριβομενων;;1
πιπτοντων;;1
ορυξασ;;1
επετεινε;;1
επεφορησε;;1
ισοπεδον;;1
προεκαλεετο;;1
ασπαστωσ;;1
κρυπτησ;;1
υποτελεειν;;1
νεοχμουν;;1
καταρρηξαντεσ;;1
κρυπτην;;1
κατερρηξαν;;1
εμπεδορκεοιεν;;1
ταμοντεσ;;1
βαρκαιοισι;;1
μενηι;;1
καταρρηξασι;;1
παρεδοθησαν;;1
περιεστιξε;;1
βαττιαδαι;;1
επεστησαν;;1
αποσιουμενοι;;1
διεξηκαν;;1
διεξιουσησ;;1
διεξελθουσι;;1
ιζομενοισι;;1
λυκαιου;;1
σχουσι;;1
μαχομενου;;1
αποδραμοντεσ;;1
ιδρυθεντι;;1
αποκαλεων;;1
δεηθεντεσ;;1
σκευησ;;1
βακτριησ;;1
εγκατοικησαι;;1
βακτριηι;;1
κατεπλεξε;;1
τεισαμενη;;1
ζωουσα;;1
εξεζεσε;;1
επιφθονοι;;1
τερψιχορη;;1
καταλειφθεντεσ;;1
περιεφθεντασ;;1
επικαλεσωνται;;1
περινθιοι;;1
βωσαντεσ;;1
επιβωσωνται;;1
αντικατιζομενων;;1
μουνομαχιη;;1
τριφασιη;;1
κυνι;;1
επαιωνιζον;;1
συνεβαλοντο;;1
επιτελεομενοσ;;1
περινθιοισι;;1
παιωνισασι;;1
επιχειρεουσι;;1
εχειρωθη;;1
ημερουμενοσ;;1
ενετεταλτο;;1
αρχοιτο;;1
φρονεοι;;1
εγγενηται;;1
τραυσων;;1
αθανατιζοντεσ;;1
τραυσοι;;1
απογινομενον;;1
ολοφυρονται;;1
αναπλησαι;;1
ανηγεομενοι;;1
ηδομενοι;;1
εξαπαλλαχθεισ;;1
κρισισ;;1
σπουδαι;;1
εφιλεετο;;1
κριθηι;;1
τιμηθηι;;1
εγκωμιασθεισα;;1
σφαζεται;;1
οικηιοτατου;;1
σφαχθεισα;;1
συνθαπτεται;;1
ωνεονται;;1
γονεων;;1
εστιχθαι;;1
ευγενεσ;;1
αστικτον;;1
αγεννεσ;;1
εργατην;;1
ατιμοτατον;;1
ληιστυοσ;;1
επιφανεστατοι;;1
ερμεην;;1
ευωχεονται;;1
προκλαυσαντεσ;;1
χεαντεσ;;1
παντοιον;;1
μουνομαχιησ;;1
λασιουσ;;1
σμικρουσ;;1
σιμουσ;;1
αδυνατουσ;;1
ζευγνυμενουσ;;1
αρματηλατεειν;;1
κατηκειν;;1
ενετων;;1
αδριηι;;1
αποικουσ;;1
μασσαλιησ;;1
κατεχουσι;;1
διελθειν;;1
δυσριγα;;1
αοικητα;;1
κατηκοα;;1
εμνησθη;;1
ευεργεσιησ;;1
παραινεσιοσ;;1
κωεω;;1
τυραννευων;;1
προσεχρηιζε;;1
μυτιληνησ;;1
τυραννευσαι;;1
τελεωθεντων;;1
ιδομενον;;1
ελοντα;;1
μαντυησ;;1
τυραννευειν;;1
προκατιζομενον;;1
επελκουσαν;;1
κλωθουσαν;;1
λυδια;;1
ηρσε;;1
αρσασα;;1
εμπλησαμενη;;1
επελκουσα;;1
στρεφουσα;;1
θωμαζων;;1
σκοπιην;;1
ειρωτωντοσ;;1
οκοδαπη;;1
παιονιη;;1
πεπολισμενη;;1
στρυμων;;1
εργατιδεσ;;1
εξαναστησαι;;1
περαιωθεισ;;1
αλισθεντεσ;;1
εξεστρατευσαντο;;1
συναλισθαι;;1
λαθοντεσ;;1
επιπεσοντεσ;;1
εχομενασ;;1
σιριοπαιονεσ;;1
παιοπλαι;;1
αγριανασ;;1
οδομαντουσ;;1
πρασιαδα;;1
εξαιρεειν;;1
κατοι;;1
κημενουσ;;1
ικρια;;1
σταυρων;;1
εζευγμενα;;1
γεφυρηι;;1
υπεστεωτασ;;1
ικριοισι;;1
ορβηλοσ;;1
γαμεων;;1
υπιστησι;;1
κρατεων;;1
καλυβησ;;1
διαιταται;;1
καταρρακτησ;;1
νηπια;;1
σπαρτωι;;1
κατακυλισθηι;;1
παρεχουσι;;1
καταρρακτην;;1
ανακλινηι;;1
κατιει;;1
σχοινιωι;;1
σπυριδα;;1
ανασπαι;;1
παπρακασ;;1
τιλωνασ;;1
χειρωθεντεσ;;1
συντομοσ;;1
αλεξανδρωι;;1
δυσωρον;;1
μεγαλοπρεπεσ;;1
διαπινοντεσ;;1
προτιθωμεθα;;1
εσαγεσθαι;;1
παρεδρουσ;;1
εδεξαο;;1
ξεινιζεισ;;1
επεο;;1
δεσποται;;1
προσχρηιζετε;;1
αντιαι;;1
ευμορφουσ;;1
ελθουσασ;;1
παριζομενασ;;1
αντιασ;;1
αλγηδονασ;;1
μαστων;;1
οινω;;1
δυσφορεων;;1
υπερδειμαινων;;1
αναπαυεο;;1
λιπαρεε;;1
προσμενων;;1
παρεξω;;1
συνιεισ;;1
ανακαιομενου;;1
εκπεμψασ;;1
νεοχμωσαι;;1
εξεργασηι;;1
αποδωι;;1
ευπετειη;;1
οκοσηισι;;1
αποσημανεετε;;1
προσερχεται;;1
μεθησ;;1
αφετε;;1
λουσασθαι;;1
λουσαμενασ;;1
προσδεκεσθε;;1
εξελθουσασ;;1
λειογενειουσ;;1
οικατε;;1
πανδαισιηι;;1
τελεηι;;1
ιστιησθαι;;1
επιδαψιλευομεθα;;1
μαθητε;;1
τιμωμενοι;;1
απαγγειλητε;;1
παριζει;;1
ψαυειν;;1
οχηματα;;1
παρασκευη;;1
ζητησισ;;1
βουβαρηι;;1
απολομενουσ;;1
καταλαμφθεισ;;1
εσιγηθη;;1
ελληνοδικαι;;1
αεθλευειν;;1
ελομενου;;1
καταβαντοσ;;1
αντιθευσομενοι;;1
εξειργον;;1
αγωνιστεων;;1
αργειοσ;;1
εκριθη;;1
αγωνιζομενοσ;;1
συνεξεπιπτε;;1
κη;;1
διαπεραιωθεισ;;1
τειχεοντοσ;;1
μυρκινοσ;;1
δεινωι;;1
σοφωι;;1
εγκτισασθαι;;1
ιδη;;1
ναυπηγησιμοσ;;1
αφθονοσ;;1
κωπεεσ;;1
περιοικεει;;1
συνεχηι;;1
περιλαβηισ;;1
απιξεται;;1
ευνοεστερον;;1
πιστευσασ;;1
μετεπεμψαμην;;1
ενοστησα;;1
επεζητησα;;1
κεσθαι;;1
εγνωκωσ;;1
συνετοσ;;1
συνειδωσ;;1
μαρτυρεειν;;1
προτεινομαι;;1
νεοκτιστον;;1
συσσιτοσ;;1
ομοπατριον;;1
σισαμνην;;1
σπαδιξασ;;1
ιμαντασ;;1
εταμε;;1
ενετεινε;;1
ιζων;;1
εντανυσασ;;1
κατιζων;;1
δικαζει;;1
εγκατιζομενοσ;;1
βυζαντιουσ;;1
λαμπωνιον;;1
λεσβιων;;1
λυκαρητον;;1
ηνδραποδιζετο;;1
λιποστρατιησ;;1
ανακομιζομενον;;1
στρατηγησασ;;1
ανεσισ;;1
ακμασασα;;1
νοσησασα;;1
καταρτιστηρασ;;1
κατηλλαξαν;;1
οικοφθορημενουσ;;1
ανεστηκυιηι;;1
δεσποτεω;;1
διεξε;;1
λασαντεσ;;1
σπανιουσ;;1
εξεργασμενουσ;;1
δημοσιων;;1
επιμελησεσθαι;;1
στασιαζοντασ;;1
εταξαν;;1
παχεων;;1
μολπαγορεω;;1
γαμβροσ;;1
λυσαγορεω;;1
παρασχοι;;1
κατελθοιεν;;1
κατελθωσι;;1
επιθαλασσιων;;1
χρηιζωμεν;;1
υπισχεσθαι;;1
διαλυσοντεσ;;1
επιφανεωσι;;1
κελευωσι;;1
κυκλαδων;;1
καταγων;;1
φυγαδασ;;1
αναισιμωματων;;1
προσκτησεαι;;1
ηρτημενασ;;1
κυκλαδασ;;1
επιθησεαι;;1
ευδαιμονι;;1
ευπετει;;1
αιρεθηναι;;1
αποχρωσι;;1
χειρωσασθαι;;1
εσηγητησ;;1
παραινεεισ;;1
υπερθεντι;;1
συνεπαινοσ;;1
παρεσκευασατο;;1
ανεψιον;;1
ηρμοσατο;;1
στειλε;;1
καυκασα;;1
διαβαλοι;;1
μυνδιησ;;1
σκυλαξ;;1
δησαι;;1
θαλαμιησ;;1
διελκοντασ;;1
δεθεντοσ;;1
μυνδιον;;1
λυμαινοιτο;;1
τυγχανων;;1
εσπερχετο;;1
φρασοντασ;;1
ορμησεσθαι;;1
παρεσ;;1
κευασαντο;;1
ποτα;;1
διεβαλον;;1
πεφραγμενουσ;;1
προσεφεροντο;;1
κατεδεδαπανητο;;1
προσαναισιμωτο;;1
οικοδομησαντεσ;;1
πρησσοντεσ;;1
υποσχεσιν;;1
επιεζε;;1
δαπανη;;1
απαιτεομενη;;1
αρρωδεε;;1
μεγαβατηι;;1
απαιρεθησεσθαι;;1
εστιγμενον;;1
σημαινοντα;;1
αποξυρωσασ;;1
εστιξε;;1
ανεμεινε;;1
αναφυναι;;1
ανεφυσαν;;1
ξυρωσαντα;;1
κατοχην;;1
μετησεσθαι;;1
ποιευσησ;;1
διανοευμενοσ;;1
απιγμενα;;1
λογοποιοσ;;1
αναιρεεσθαι;;1
ναυκρατεεσ;;1
εσομενον;;1
καταιρεθειη;;1
επικρατησειν;;1
συλησειν;;1
πλωσαντα;;1
μυουντα;;1
αποπεμφθεντοσ;;1
ιητραγορεω;;1
συλλαβοντοσ;;1
ολιατον;;1
μυλασεα;;1
τερμερεα;;1
κυμαιον;;1
απεστηκεε;;1
συναπισταιατο;;1
εξελαυνων;;1
συμπλωσασεων;;1
παραδιδουσ;;1
καταπαυσισ;;1
κατεπαυσε;;1
κελευσασ;;1
καταθυμιησ;;1
προοραισ;;1
περιοπτεον;;1
εξιτηλον;;1
εξεο;;1
γημον;;1
αδησεισ;;1
παραινεοντασ;;1
απεντα;;1
εσαγαγεσθαι;;1
γεροντεσ;;1
περιεχομενον;;1
αντιβαινε;;1
αλλοιον;;1
εξεσιοσ;;1
παρεχεισ;;1
παρεχε;;1
εσαγαγε;;1
συνεχωρησε;;1
σπαρτιητικα;;1
εφεδρον;;1
ατοκοσ;;1
εκυησε;;1
ωχλεον;;1
κομπεειν;;1
υποβαλεσθαι;;1
συνταμνοντοσ;;1
τικτουσαν;;1
εφυλαξαν;;1
διδυμουσ;;1
τεκουσα;;1
πρινηταδεω;;1
ακρομανησ;;1
σχησων;;1
κτισων;;1
νομιζομενων;;1
κινυπα;;1
αντιχαρησ;;1
ελεωνιοσ;;1
ηρακλειην;;1
ερυκοσ;;1
στελλεται;;1
τηλυν;;1
περιδεασ;;1
δεηθεντασ;;1
συνελειν;;1
προσεπιλαβεσθαι;;1
συβαριτασ;;1
συβαριτεων;;1
αποδραντα;;1
κραθιν;;1
συνελοντα;;1
επωνυμωι;;1
κραθιηι;;1
μεμαντευμενα;;1
παρεπρηξε;;1
ερυκινην;;1
ηλειωι;;1
κροτωνιητιδι;;1
δοθεντα;;1
συνεπελαβετο;;1
συβαριτικου;;1
αποφαινονται;;1
πειθεται;;1
συνεπλεον;;1
συγκτισται;;1
θεσσαλοσ;;1
παραιβατησ;;1
κελεησ;;1
συγκτιστεων;;1
περιεγενετο;;1
μινωην;;1
σελινουσιων;;1
σελινουσιουσ;;1
πειθαγορεω;;1
σελινουντοσ;;1
εμουναρχησε;;1
σελινουσιοι;;1
καταφυγοντα;;1
αγοραιου;;1
συναπεθανε;;1
βουτακιδεω;;1
κροτωνιητησ;;1
αρμοσαμενοσ;;1
συβαριτεω;;1
ψευσθεισ;;1
ηνεικατο;;1
ταφου;;1
βασιλευομενοσ;;1
κατεμενε;;1
πινακα;;1
ενετετμητο;;1
κλεομενεσ;;1
θωμασηισ;;1
αλγοσ;;1
προεστατε;;1
ελληνιων;;1
ρυσασθε;;1
ομαιμονασ;;1
ανηκετε;;1
βραχεα;;1
νεμομενοισι;;1
αρξαμενοισι;;1
ποικιλη;;1
εχοιτε;;1
αγαθην;;1
πολυαργυρωτατοι;;1
εφερετο;;1
πινακι;;1
εντετμημενην;;1
πολυπροβατωτατοι;;1
πολυκαρποτατοι;;1
πολυπροβατοι;;1
κισσιη;;1
θαρσεοντεσ;;1
πλουτου;;1
εριζετε;;1
ισοπαλεασ;;1
εχομενον;;1
προθυμιη;;1
παρεχον;;1
αιρησεσθε;;1
βαλλομαι;;1
οκοσεων;;1
εσφαλη;;1
απαλλασσεο;;1
ευεπεα;;1
ικετηριην;;1
ικετευων;;1
επακουσαι;;1
αποπεμφαντα;;1
προσεστηκεε;;1
κλεο;;1
μενησ;;1
επιτελεσηι;;1
ανανευοντοσ;;1
υπερβαλλων;;1
υπεδεδεκτο;;1
ηυδαξατο;;1
διαφθερεει;;1
αποστασ;;1
ιηισ;;1
παραινεσι;;1
καταλυσιεσ;;1
τεινοντεσ;;1
διεξελασαι;;1
διεκπεραν;;1
κιλικιων;;1
δεοντεσ;;1
διεξελαισ;;1
φυλακτηρια;;1
παραμειψεαι;;1
διεξελασαντι;;1
αρμενιηι;;1
καταγωγεων;;1
εσβαλλοντι;;1
ματιηνην;;1
νηυσιπερητοι;;1
διαπορθμευσαι;;1
ονομαζομενοσ;;1
ζαβατοσ;;1
καταλεχθεισ;;1
υστεροσ;;1
κισσιην;;1
μεταβαινοντι;;1
καταγωγαι;;1
σταθμων;;1
αναβαινοντι;;1
μεμνονια;;1
παρασαγγεων;;1
απαρτι;;1
ειπαντι;;1
ατρεκεστερον;;1
προσλογισασθαι;;1
μεμνονιον;;1
μηκυνεται;;1
τριμηνοσ;;1
εναργεστατην;;1
ετυραννευοντο;;1
προτερηι;;1
παναθηναιων;;1
αινισσεσθαι;;1
τληθι;;1
ατλητα;;1
τετληοτι;;1
αποτισει;;1
υπερτιθεμενοσ;;1
αναπυνθανομενοσ;;1
ταναγρικην;;1
εξανασταντων;;1
αβηνεων;;1
ρητοισι;;1
αξιαπηγητων;;1
οικησαντεσ;;1
εσηγαγον;;1
διδασκαλια;;1
ρυθμον;;1
περιοικεον;;1
διδαχηι;;1
μεταρρυθμισαντεσ;;1
εφατισαν;;1
εσαγαγοντων;;1
φοινικηια;;1
βυβλουσ;;1
σπανι;;1
βυβλων;;1
διφθερηισι;;1
αιγεηισι;;1
οιεηισι;;1
καδμηια;;1
τριποσι;;1
ιωνικοισι;;1
τριποδων;;1
τηλεβοαων;;1
λαιον;;1
λαβδακου;;1
πυγμαχεων;;1
εκηβολωι;;1
αναθεισ;;1
οιδιπουν;;1
τριποδ;;1
ευσκοπωι;;1
μουναρχεων;;1
ετεοκλεοσ;;1
μουναρχεοντοσ;;1
εξανιστεαται;;1
εγχελεασ;;1
αναχωρεουσι;;1
ιδρυμενα;;1
απηγηται;;1
εμπικραινομενου;;1
κατοδοσ;;1
λειψυδριον;;1
πεισιστρατιδηισι;;1
εξοικοδομησαι;;1
παραδειγματοσ;;1
πωρινου;;1
παριου;;1
εξε;;1
ποιησαν;;1
ανεπειθον;;1
προφαντον;;1
αστεροσ;;1
εξελωντα;;1
πρεσβυτερα;;1
προσσχων;;1
κινεην;;1
γονναιον;;1
εμεμηχανεατο;;1
κειραντεσ;;1
φαληρεων;;1
ιππασιμον;;1
εμπεσουσα;;1
κατειρξαν;;1
αγχιμολιου;;1
αλωπεκησι;;1
εσβαλουσι;;1
περιγενομενοι;;1
πελαργικωι;;1
επεδρην;;1
επενοευν;;1
ποτοισι;;1
πολιορκησαντεσ;;1
κακη;;1
υπεκτιθεμενοι;;1
συνετεταρακτο;;1
εξεχωρησαν;;1
σκαμανδρωι;;1
πυλιοι;;1
νηλειδαι;;1
κοδρον;;1
μελανθον;;1
απεμνημονευσε;;1
νεστοροσ;;1
αξιοχρεα;;1
χρηισαι;;1
απαλλαχθεισαι;;1
εδυναστευον;;1
αλκμεωνιδησ;;1
αναπεισαι;;1
καριωι;;1
προσεταιριζεται;;1
τετραφυλουσ;;1
δεκαφυλουσ;;1
γελεοντοσ;;1
αιγικορεοσ;;1
αργαδεω;;1
οπλητοσ;;1
απαλλαξασ;;1
αστυγειτονα;;1
προσεθετο;;1
πολεμησασ;;1
ραψωιδουσ;;1
σικυωνι;;1
ομηρειων;;1
υμνεαται;;1
ταλαου;;1
λευστηρα;;1
απαλλαξεται;;1
βοιωτιασ;;1
επαγαγεσθαι;;1
αστακου;;1
επαγαγομενοσ;;1
ισχυροτατωι;;1
μηκιστεα;;1
απεκτονεε;;1
τυδεα;;1
απελομενοσ;;1
πολυβοσ;;1
τραγικοισι;;1
εγεραιρον;;1
τιμωντεσ;;1
σικυωνιοισι;;1
ονου;;1
μετατιθεισ;;1
αρχελαοι;;1
υαται;;1
ονεαται;;1
χοιρεαται;;1
τεθνεωτοσ;;1
υλλεασ;;1
παμφυλουσ;;1
δυμανατασ;;1
τεταρτουσ;;1
αιγιαλεοσ;;1
αιγιαλεασ;;1
υπεριδων;;1
ομωνυμον;;1
εμιμησατο;;1
απωσμενον;;1
προσεθηκατο;;1
μετωνομασε;;1
φυλαρχουσ;;1
δεκαχα;;1
κατενειμε;;1
προσθεμενοσ;;1
αντιστασιωτεων;;1
αντιτεχναται;;1
συστασιωται;;1
μετειχε;;1
εναγεεσ;;1
ωνομασθησαν;;1
κυλων;;1
εκομησε;;1
εταιρηιην;;1
ηλικιωτεων;;1
ανιστασι;;1
πρυτανιεσ;;1
ναυκραρων;;1
υπεγγυουσ;;1
αγηλατεει;;1
ενεχειριζε;;1
αντισταθεισησ;;1
βουλομενησ;;1
καταλαμβανουσι;;1
εξερχονται;;1
κατασχησειν;;1
αδυτον;;1
προσερεων;;1
εξαναστασα;;1
αμειψαι;;1
λακεδαιμονιε;;1
χωρεε;;1
εσιθι;;1
αχαιοσ;;1
κληδονι;;1
εξεπιπτε;;1
τιμησιθεον;;1
εχοιμ;;1
διωχθεντα;;1
εκπεπολεμωσθαι;;1
δεοιατο;;1
απεκορυφου;;1
συνετιθετο;;1
εκε;;1
λευε;;1
συλλεγει;;1
ισαγορην;;1
συνεξηλθε;;1
οινοην;;1
εσχατουσ;;1
αμφιβολιηι;;1
μετεβαλλοντο;;1
συνεξαγαγων;;1
διχοστασιησ;;1
εξιουσησ;;1
παραλυομενου;;1
καταλειπεσθαι;;1
ομολογεοντασ;;1
κατοικισαν;;1
καλεοιτο;;1
ακλεωσ;;1
τεινυσθαι;;1
φονευσαντεσ;;1
κληρουχουσ;;1
ιπποβοται;;1
εζωγρημενοισι;;1
πεδαισ;;1
διμνεωσ;;1
αποτιμησαμενοι;;1
περιπεφλευσμενων;;1
λυτρων;;1
τεθριππον;;1
δαμασαντεσ;;1
εργμασιν;;1
δεσμωι;;1
αχλυοεντι;;1
σιδηρεωι;;1
εσβεσαν;;1
παλλαδι;;1
τασδ;;1
εθεσαν;;1
ηυξηντο;;1
ισηγοριη;;1
σπουδαιον;;1
τυραννευομενοι;;1
ελευθερωθεντων;;1
πολυφημον;;1
εξενεικαντασ;;1
απελθοντων;;1
εξεφερον;;1
ταναγραιοι;;1
κορωναιοι;;1
συνδιαφερουσι;;1
θηβη;;1
αιγινα;;1
τιμωρητηρων;;1
αγχιστεων;;1
συμπεμπειν;;1
αιακιδεων;;1
περιεφθεντων;;1
διδοσαν;;1
εχουσησ;;1
ακηρυκτον;;1
εσυραν;;1
παραλιησ;;1
προοφειλομενη;;1
ανεδιδου;;1
ιδρυσαμενοισι;;1
χαλκου;;1
ουδετερου;;1
ταμεσθαι;;1
ιρωτατασ;;1
κεινασ;;1
ελαιαι;;1
αλλοθι;;1
πολιαδι;;1
ερεχθει;;1
καταινεσαντεσ;;1
συνε;;1
θεντο;;1
διαβαινοντεσ;;1
εδηλεοντο;;1
θαλασσοκρατορεσ;;1
υπαιρεονται;;1
γυναικηιοισι;;1
κερτομοισι;;1
ιλασκοντο;;1
χορηγων;;1
αποδεικνυμενων;;1
χοροι;;1
επιχωριασ;;1
αρρητοι;;1
κλεφθεντων;;1
εμηνιον;;1
αδικεοιεν;;1
απαιτησιν;;1
εξανασπαν;;1
ανακομισωνται;;1
περιβαλοντασ;;1
βροντηι;;1
τριηριτασ;;1
ελκοντασ;;1
αλλοφρονησαι;;1
παθοντασ;;1
λειφθεντα;;1
ανακομισθηναι;;1
απαμυνασθαι;;1
ειξαι;;1
διασημηναι;;1
κατιστατο;;1
ανασπασαι;;1
περιβαλομενουσ;;1
ελκομενα;;1
πυθομενουσ;;1
αποβεβαναι;;1
λαθειν;;1
προακηκοοσι;;1
επιπεσειν;;1
υποταμομενουσ;;1
ομολογεεται;;1
διαφθειραντων;;1
κομισθεισ;;1
πυθομενασ;;1
στρατευσαμενων;;1
ποιησαμενασ;;1
λαβουσασ;;1
κεντεουσασ;;1
ζημιωσωσι;;1
παραπλησιωτατην;;1
ιασ;;1
καειρα;;1
αρχαιη;;1
ημιολιασ;;1
κατεστεωτοσ;;1
μετρου;;1
κον;;1
χυτριδων;;1
επιχωριεων;;1
αναμιμνησκομενοι;;1
επισχοντασ;;1
αδικιου;;1
αποδεξαντασ;;1
χωρησειν;;1
επιστρατευωνται;;1
παρασκευαζομενοισι;;1
εγειρομενον;;1
εμποδιον;;1
διπλην;;1
εξεληλακεσαν;;1
ενηγον;;1
χρησμοι;;1
εξελαυνομενοι;;1
καταλειφθεντασ;;1
ανε;;1
αυξομενουσ;;1
ισορροπον;;1
πειθαρχεεσθαι;;1
μετε;;1
πεμποντο;;1
καταφευγουσι;;1
συγγινωσκομεν;;1
κιβδηλοισι;;1
αναδεκομενουσ;;1
υποχειριασ;;1
εξηλασαμεν;;1
αχαριστωι;;1
παρεδωκαμεν;;1
ελευθερωθεισ;;1
ανεκυψε;;1
περιυβρισασ;;1
αυξανεται;;1
εκμεμαθηκασι;;1
εκμαθησεται;;1
ακεομενοι;;1
μετεπεμψαμεθα;;1
αποδωμεν;;1
απειλομεθα;;1
ενεδεκετο;;1
μετεωροσ;;1
ισοκρατιασ;;1
καταλυοντεσ;;1
παρασκευαζεσθε;;1
αδικωτερον;;1
μιαιφονωτερον;;1
διζησθε;;1
δεινοτατα;;1
παραχρασθε;;1
ειχετε;;1
ολιγαρχιη;;1
βακχιαδαι;;1
αμφιονι;;1
χωλη;;1
βακχιαδεων;;1
εχεκρατεοσ;;1
λαπιθησ;;1
καινειδησ;;1
εσιοντα;;1
προσαγορευει;;1
ουτισ;;1
τιει;;1
πολυτιτον;;1
ολοοιτροχον;;1
πεσειται;;1
μουναρχοισι;;1
δικαιωσει;;1
ωμηστην;;1
λυσει;;1
φραζεσθε;;1
πειρηνην;;1
οικειτε;;1
οφρυοεντα;;1
ατεκμαρτον;;1
συνωιδον;;1
συνεντεσ;;1
κατοικητο;;1
αποκτενεοντασ;;1
πετρην;;1
ειδυια;;1
φιλοφροσυνησ;;1
εβεβουλευτο;;1
προσουδισαι;;1
προσεγελασε;;1
φρασθεντα;;1
παραδιδομενον;;1
διεργασασθαι;;1
αποδοντεσ;;1
τεκουσηι;;1
καταιτιωμενοι;;1
λαβοντοσ;;1
παρελθοντασ;;1
μετισχειν;;1
αναβλαστειν;;1
εστεωσα;;1
δεισασα;;1
μεταδοξηι;;1
αποκτεινωσι;;1
αφραστοτατον;;1
κυψελην;;1
επισταμενη;;1
υποστρεψαντεσ;;1
απικνεοιατο;;1
ερευνησειν;;1
εσελθουσι;;1
διζημενοισι;;1
αποπεμψαντασ;;1
ενετειλαντο;;1
ηυξανετο;;1
διαφυγοντι;;1
κυψελησ;;1
ανδρωθεντι;;1
κυψελωι;;1
αμφιδεξιον;;1
εσκαταβαινει;;1
ηετιδησ;;1
κλειτοιο;;1
εδιωξε;;1
διαπλεξαντοσ;;1
ηπιωτεροσ;;1
μιαιφονωτεροσ;;1
εσπαρμενην;;1
αναποδιζων;;1
εκολουε;;1
ασταχυων;;1
κολουων;;1
ερριπτε;;1
βαθυτατον;;1
υποθεμενοσ;;1
υποθηκην;;1
αποπεμψειε;;1
παραπληγα;;1
σιναμωρον;;1
θρασυβουλου;;1
συνεισ;;1
υπεροχουσ;;1
κτεινων;;1
απετελεε;;1
αχεροντα;;1
νεκυομαντηιον;;1
ξεινικησ;;1
σημανεειν;;1
μελισσα;;1
κατερεειν;;1
παρακαταθηκη;;1
ριγουν;;1
γυμνη;;1
συγκατεθαψε;;1
ιπνον;;1
συμβολαιον;;1
χρεωμεναι;;1
υποστησασ;;1
αμφιπολουσ;;1
συμφορησασ;;1
ιματια;;1
επευχομενοσ;;1
κατεθηκε;;1
μεταπεμπομενουσ;;1
θωμαζομεν;;1
επιμαρτυρομεθα;;1
ελληνιουσ;;1
παυσεσθε;;1
πειρησεσθε;;1
συναινεοντασ;;1
πρεσβευων;;1
επικαλεσασ;;1
επιποθησειν;;1
ηκωσι;;1
κυριαι;;1
ανιασθαι;;1
σωκλεοσ;;1
κορινθιου;;1
επεμαρτυροντο;;1
νεω;;1
απελαυνομενωι;;1
ανθεμουντα;;1
ιωλκον;;1
ανεχωρεε;;1
επολεμεον;;1
αχιλληιου;;1
απαιτεοντεσ;;1
ιλιαδοσ;;1
συνεπρηξαντο;;1
πολε;;1
μεοντων;;1
ποιητησ;;1
ναιον;;1
σιγειωι;;1
μυτιληναιουσ;;1
διαιτητηι;;1
επετραποντο;;1
εκινεε;;1
εωντεσ;;1
καταδεκεσθαι;;1
ενδεκομενοισι;;1
διαβεβλημενοισι;;1
λακεδαιμονιου;;1
δορυ;;1
υπισχετο;;1
οικε;;1
ευπετεστερον;;1
αναπεισθεντεσ;;1
εψηφισαντο;;1
μελανθιον;;1
ωφελιη;;1
λυπησειε;;1
φρυγιην;;1
υποθησομενον;;1
απεστηκε;;1
σωιζεσθαι;;1
ασπαστον;;1
αρρωδησαντεσ;;1
παιοσι;;1
απελθοιεν;;1
οφειλομενα;;1
ερετριευσι;;1
χαροπινον;;1
ερμοφαντον;;1
κορησσωι;;1
εφεσιουσ;;1
καυστριον;;1
αντιωθεντοσ;;1
ερρυετο;;1
λεηλατησαι;;1
ελοντασ;;1
καλαμιναι;;1
πλινθιναι;;1
οροφασ;;1
επενεμετο;;1
νεμομενου;;1
συνερρεον;;1
καταφορεων;;1
αθροιζομενοι;;1
ηναγκαζοντο;;1
προσφερομενουσ;;1
εξανεχωρησαν;;1
ενεπρησθησαν;;1
κυβηβησ;;1
σκηπτομενοι;;1
αντενεπιμπρασαν;;1
ονομαστουσ;;1
ευαλκιδην;;1
στεφανηφορουσ;;1
αναραιρηκοτα;;1
σιμωνιδεω;;1
κηιου;;1
αινεθεντα;;1
απεφυγον;;1
εσκεδασθησαν;;1
στερηθεντεσ;;1
συμμαχεειν;;1
προσεγενετο;;1
προσεγενοντο;;1
αμαθουσιων;;1
σιρωμου;;1
ευελθοντοσ;;1
παρηγορεετο;;1
επικειμενοσ;;1
εξελθοντα;;1
απεκληισε;;1
συναπιστασθαι;;1
αλουσασ;;1
εμπεπρησθαι;;1
συλλογησ;;1
συνυφανθηναι;;1
ειδοτα;;1
καταπροιξονται;;1
βαλλοντα;;1
εκγενεσθαι;;1
μεμνεο;;1
προσταξασ;;1
επαγαγων;;1
δωσοντασ;;1
σχηισ;;1
λυπηρον;;1
ανασχησειν;;1
επιδιζημενοσ;;1
ποιοιμι;;1
ενδεησ;;1
επακουειν;;1
αξιουμαι;;1
ειπερ;;1
βαλλομενον;;1
πεπρηχεναι;;1
ανασπαστον;;1
υπεκινησε;;1
καταρτισω;;1
μηχανησαμενον;;1
εγχειριθετον;;1
παραδω;;1
εκδυσεσθαι;;1
καταβησομαι;;1
ανηιε;;1
εκο;;1
μιζετο;;1
σαλαμινιωι;;1
επικαλεομενοσ;;1
κληιδεσ;;1
διδομεν;;1
υμετερασ;;1
ανταγωνιευμενουσ;;1
ελησθε;;1
πεμψε;;1
φυλαξοντασ;;1
προσφερωμεθα;;1
εταχθημεν;;1
αναμνησθεντασ;;1
επασχετε;;1
δουλευοντεσ;;1
στρατιωτασ;;1
αντιτασσοντεσ;;1
απολεξαντεσ;;1
αντετασσον;;1
αρτυβιωι;;1
αντετασσετο;;1
υπασπιστησ;;1
αρτυβιου;;1
ισταμενον;;1
προσενειχθηι;;1
πληξαι;;1
οπεων;;1
επιτασσηισ;;1
σοισι;;1
προσφερεστερον;;1
κατεληισ;;1
αξιοχρεου;;1
υπηρετασ;;1
υπηρετηισι;;1
φοβηθηισ;;1
στησεσθαι;;1
συνεμισγε;;1
συμπεσοντα;;1
ονησιλον;;1
υπασπιστηι;;1
προσφερομενον;;1
επιβαλλοντοσ;;1
δρεπανωι;;1
πληξασ;;1
απαρασσει;;1
στησηνωρ;;1
κουριου;;1
σμικρην;;1
κουριεεσ;;1
κουριεων;;1
πολεμιστηρια;;1
κουριευσι;;1
αριστοκυπροσ;;1
αινεσε;;1
επολιορκησε;;1
κρεμαμενησ;;1
εσμοσ;;1
μελισσεων;;1
κηριων;;1
ενεπλησε;;1
εμαντευθη;;1
κατελοντασ;;1
συνοι;;1
σεσθαι;;1
ναυμαχησαντεσ;;1
πολιορκεομενασ;;1
γοργωι;;1
σαλαμινιουσ;;1
παραδοντασ;;1
σολοι;;1
κατεδεδουλωντο;;1
επιδιελομενοι;;1
περκωτην;;1
λαμψακον;;1
παισον;;1
παισου;;1
φρονησαντασ;;1
μαρσυην;;1
ιδριαδοσ;;1
βουλαι;;1
πιξωδαρου;;1
μαυσωλου;;1
κινδυεοσ;;1
συεννεσιοσ;;1
φυγη;;1
εσσωθεωσι;;1
απονοστησουσι;;1
μαρσυηι;;1
διαφυγοντεσ;;1
λαβραυνδα;;1
στρατιου;;1
πλατανιστων;;1
στρατιωι;;1
πρηξουσι;;1
αρτεοντο;;1
επληγησαν;;1
ανεμαχεσαντο;;1
ορμεαται;;1
αμοργησ;;1
σισιμακησ;;1
μυρσοσ;;1
μυλασευσ;;1
επιδιωξαντων;;1
κιον;;1
εκλελοιπεναι;;1
αιρεων;;1
ταραξασ;;1
εγκερασαμενοσ;;1
συστασιωτασ;;1
εξωθεωνται;;1
τοπου;;1
αγοι;;1
εκαταιου;;1
ουδετερην;;1
στελλειν;;1
λερωι;;1
οικοδομησαμενον;;1
εκπεσηι;;1
κατελευσεσθαι;;1
πλειστη;;1
δοκιμωι;;1
απολλυται;;1
περικατημενοσ;;1
υποσπονδων;;1
ερατω;;1
αποστησασ;;1
τεχναζοντα;;1
υποδημα;;1
ερραψασ;;1
υπεδησατο;;1
συνιεντα;;1
επελθουσαν;;1
εξηπατηκωσ;;1
υπεδυνε;;1
εδεθη;;1
καταγνωσθεισ;;1
ειρωτωμενοσ;;1
επιστειλειε;;1
βουλευσαμενου;;1
εδειματου;;1
ερμιππου;;1
αταρνειτεω;;1
προλελεσχηνευμενων;;1
ερμιπποσ;;1
απεπεμφθη;;1
ερμιππον;;1
αμοιβαια;;1
αντιπεμπομενα;;1
σαρ;;1
αποσφαλεντα;;1
κατιων;;1
τιτρωσκεται;;1
απωστοσ;;1
προθυμοτατοι;;1
συνεστρατευοντο;;1
κατεστραμμενοι;;1
προβουλουσ;;1
απικο;;1
μενοισι;;1
πληρουν;;1
υπολιπομενουσ;;1
πληρωσαντασ;;1
προναυμαχησοντασ;;1
λαδη;;1
μικρη;;1
πεπληρωμενηισι;;1
πριηνεεσ;;1
μυησιοι;;1
μυησιων;;1
συμπασ;;1
ιαδων;;1
καταρρωδησαν;;1
ναυκρατορεσ;;1
κινδυνευσωσι;;1
συλλεξαντεσ;;1
καταλυθεντεσ;;1
πειρασθω;;1
αποσχιζων;;1
συμμαχικου;;1
επαγγειλασθε;;1
εμπεπρησεται;;1
βιαιοτερον;;1
ελευσονται;;1
επηρεαζοντεσ;;1
κατεξει;;1
εξανδραποδιευνται;;1
εκτομιασ;;1
διεπεμπον;;1
αγγελιαι;;1
προσιεντο;;1
αγοραι;;1
ηγοροωντο;;1
ξυρου;;1
ακμησ;;1
δρηπετηισι;;1
υπερβαλομενοι;;1
μαλακιηι;;1
αταξιηι;;1
διαχρησησθε;;1
επιτρεψατε;;1
συμμειξειν;;1
συμμισγοντασ;;1
ελασσωθησεσθαι;;1
διονυσιωι;;1
αναγων;;1
ερετηισι;;1
χρησαιτο;;1
οπλισειε;;1
εχεσκε;;1
πονων;;1
τετρυμενοι;;1
ταλαιπωριηισι;;1
παραβαντεσ;;1
αναπιμπλαμεν;;1
παραφρονησαντεσ;;1
φωκαιει;;1
αλαζονι;;1
λυμαινεται;;1
λυμηισι;;1
ανηκεστοισι;;1
πεπτωκασι;;1
επιδοξοι;;1
μελλουσαν;;1
δουληιην;;1
πειθωμεθα;;1
εσκιητροφεοντο;;1
εθελεσκον;;1
αναπειρασθαι;;1
αταξιην;;1
υπερβαλοιατο;;1
πενταπλησιον;;1
χρηστουσ;;1
απεστερητο;;1
αντανηγον;;1
συγγραψαι;;1
καταιτιωνται;;1
αραμενοι;;1
αποπλωσαι;;1
τριηραρχοι;;1
ανηκουστησαντεσ;;1
αναγραφηναι;;1
αγαθοισι;;1
τρηχυτατα;;1
λαμπρα;;1
επιβατευοντασ;;1
διεκπλεοντεσ;;1
εδιωκοντο;;1
καταφυγγανουσι;;1
μυκαλην;;1
εποκειλαντεσ;;1
εφεσιην;;1
θεσμοφοριων;;1
προακηκοοτεσ;;1
εσβεβληκοτα;;1
καταδοξαντεσ;;1
κλωπασ;;1
εξεβοηθεον;;1
ανδραποδιειται;;1
καταδυσασ;;1
ληιστησ;;1
πολιορκεοντεσ;;1
προσφεροντεσ;;1
μνησθησομαι;;1
μιλητε;;1
επιμηχανε;;1
πολλοισιν;;1
αγλαα;;1
γενησηι;;1
αλοχοι;;1
νιψουσι;;1
κομηταισ;;1
διδυμοισ;;1
εκτεινοντο;;1
κομητεων;;1
διδυμοισι;;1
συληθεντα;;1
ενεπιμπρατο;;1
εποιησαμην;;1
ζωγρηθεντεσ;;1
αμπηι;;1
υπερακρια;;1
πηδασευσι;;1
παθουσι;;1
λαον;;1
σκιδρον;;1
συβαριοσ;;1
απεκειραντο;;1
εξεινωθησαν;;1
υπεραχθεσθεντεσ;;1
φρυνιχωι;;1
δραμα;;1
διδαξαντι;;1
δακρυα;;1
θεητρον;;1
εζημιωσαν;;1
αναμνησαντα;;1
χιλιηισι;;1
δραχμηισι;;1
επεταξαν;;1
δραματι;;1
ηρημωτο;;1
αιακει;;1
πεμποντεσ;;1
εκπεφευγοτεσ;;1
λοκροισι;;1
επιζεφυριοισι;;1
ζαγκλαιοισι;;1
συμμειξασ;;1
σχοντων;;1
αποβαλοντα;;1
πεδησασ;;1
πυθογενεα;;1
ινυκα;;1
κοινολογησαμενοσ;;1
προεδωκε;;1
μισθοσ;;1
επιπλων;;1
μεταλαβειν;;1
κατασφαξαι;;1
ινυκοσ;;1
ιμερην;;1
γηραι;;1
περιεβεβλεατο;;1
κελευσαντων;;1
κατεργασαμενον;;1
αποσταντων;;1
ενεπρησθη;;1
υποκυψασασ;;1
προσηγαγοντο;;1
ολκαδασ;;1
βισαλτηι;;1
απολλοφανεοσ;;1
αβυδηνωι;;1
φρουρηι;;1
προσιεμενηι;;1
κοιλοισι;;1
χιησ;;1
πολιχνησ;;1
πεμψασι;;1
χορον;;1
διδασκομενοισι;;1
στεγη;;1
προεδεξε;;1
αναπλεουσι;;1
λιμαινουσησ;;1
αμησων;;1
αποβαντι;;1
μαληνηι;;1
αταρνειτιδοσ;;1
ορμηθεισα;;1
επιπιπτει;;1
τετραμμενων;;1
φιλοψυχιην;;1
κατελαμβανετο;;1
καταιρεομενοσ;;1
συγκεντηθησεσθαι;;1
μετιεισ;;1
ανηχθη;;1
επαιτιησαμενοσ;;1
λουσαντασ;;1
ευεργετεω;;1
ανεπλωσε;;1
κειμενασ;;1
τενεδον;;1
αιρεοντεσ;;1
σαγηνευουσι;;1
αψαμενοσ;;1
διηκουσι;;1
διερχονται;;1
εκθηρευοντεσ;;1
αιρεον;;1
ιαδασ;;1
εψευσαντο;;1
επηπειλησαν;;1
ευειδεστατουσ;;1
εκλεγομενοι;;1
εξεταμνον;;1
ενορχεασ;;1
ενεπιμπρασαν;;1
κατεδουλωθησαν;;1
απαλλασσομενοσ;;1
σηλυμβριη;;1
περηθε;;1
καλχηδονιοι;;1
καταλεχθεισασ;;1
αρτακην;;1
νειμαντεσ;;1
εξαιρησοντεσ;;1
κατεσυραν;;1
επλωσαν;;1
κυζικηνοι;;1
εσπλοου;;1
οιβαρει;;1
υπαρχωι;;1
πιεσθεντεσ;;1
αψινθιων;;1
οικιστην;;1
επαγεσθαι;;1
απιοντασ;;1
καλεσηι;;1
εκτρεπονται;;1
τεθριπποτροφου;;1
αιακου;;1
φιλαιου;;1
δολογκουσ;;1
παριοντασ;;1
εγχωριην;;1
προσεβωσατο;;1
προσελθουσι;;1
επηγγειλατο;;1
καταγωγην;;1
ξεινισθεντεσ;;1
εξεφαινον;;1
επειρησομενοσ;;1
κελευουσησ;;1
αναραιρηκωσ;;1
μετεχειν;;1
δολογκοισι;;1
επαγαγομενοι;;1
κατεστησαντο;;1
απετειχισε;;1
αποτειχισασ;;1
αψινθιουσ;;1
ωσαμενοσ;;1
πλανωμενων;;1
απειλησε;;1
πιτυσ;;1
εκκοπεισα;;1
πανωλεθροσ;;1
εξαπολλυται;;1
στησαγορηι;;1
ομομητριου;;1
οικιστηι;;1
λαμψακηνουσ;;1
αυτομολου;;1
πολεμιου;;1
υποθερμοτερου;;1
καταλαμψομενον;;1
συνειδοτεσ;;1
δυναστευοντεσ;;1
συλλυπηθησομενοι;;1
εδεθησαν;;1
πεντακοσιουσ;;1
ηγησιπυλην;;1
καταλαβοντων;;1
χαλεπωτερα;;1
επεφευγεε;;1
ερεθισθεντεσ;;1
συνεστραφησαν;;1
υπομεινασ;;1
κατεχοντων;;1
περιπιπτουσι;;1
τεσσερσι;;1
πεμπτην;;1
μητιοχοσ;;1
θρηικοσ;;1
καταθησεσθαι;;1
κεκοσμεαται;;1
χρησιμα;;1
συνθηκασ;;1
δωσιδικοι;;1
φεροιεν;;1
αγοιεν;;1
παρασαγγασ;;1
καταλελυμενων;;1
γεγαμηκωσ;;1
αρτοζωστρην;;1
κιλικιηι;;1
πεζην;;1
αποδεκομενοισι;;1
δημοκρατιασ;;1
κατιστα;;1
ανταειρομενουσ;;1
υπαρχουσι;;1
περιεβαλλον;;1
επιπεσων;;1
περιπλεουσι;;1
αποροσ;;1
εκβαλλων;;1
διαφθαρεισασ;;1
θηριωδεστατησ;;1
αρπαζομενοι;;1
αρασσομενοι;;1
ριγει;;1
στρατοπεδευομενωι;;1
τρωματιζουσι;;1
απανεστη;;1
βρυγουσ;;1
διαβληθεντασ;;1
αστυγειτονων;;1
μηχανωιατο;;1
περιαιρεειν;;1
πολιορκηθεντεσ;;1
προσοδων;;1
μεγαλεων;;1
ισχυροτερον;;1
περιβαλλομενοι;;1
σκαπτησ;;1
θασωι;;1
ατελεσι;;1
θωμασιωτατα;;1
ανευρον;;1
εσχηκε;;1
φοινικικα;;1
αινυρων;;1
κοινυρων;;1
σαμοθρηικησ;;1
ανεστραμμενον;;1
ζητησι;;1
κελευσαντι;;1
δασμοφορουσ;;1
παραθαλασσιουσ;;1
ηπειρωτεων;;1
προισχετο;;1
αιτεων;;1
επεχοντασ;;1
δεδωκεναι;;1
επελαβοντο;;1
πεποιηκοιεν;;1
προδοντεσ;;1
κατηγοριην;;1
συλλαμβανων;;1
αντιξοοι;;1
κριοσ;;1
αναγνωσθεντα;;1
καταχαλκου;;1
κριε;;1
συνοισομενοσ;;1
πρεσβυγενειην;;1
ποιητηι;;1
αργειην;;1
διδυμα;;1
επιδοντα;;1
ελωνται;;1
διαγινωσκειν;;1
απορεειν;;1
απορεοντασ;;1
γεραιτερον;;1
απορεουσι;;1
εξευρωσι;;1
μεσσηνιον;;1
γειναμενην;;1
λουει;;1
σιτιζει;;1
διζηνται;;1
πλαναται;;1
μεσσηνιου;;1
φυλαξαντασ;;1
τιμωσαν;;1
λουτροισι;;1
τιμωμενον;;1
ευρυσθενεα;;1
νεωτερωι;;1
απεοντοσ;;1
καταλεγομενουσ;;1
αποδεικνυμενουσ;;1
ετελεον;;1
θνητου;;1
καταλεγοντι;;1
φαινοιατο;;1
ιθαγενεεσ;;1
γεγενεηλογηται;;1
ασσυριοσ;;1
προγονοι;;1
ομολο;;1
γεοντασ;;1
οικηιοτητα;;1
εασομεν;;1
κατελαβοντο;;1
δεδωκασι;;1
ουρανιου;;1
διακωλυτην;;1
υστατουσ;;1
προβα;;1
εξοδηιηισι;;1
οκοσοισι;;1
εμπολεμια;;1
δημοτελησ;;1
ιζειν;;1
δαιτυμονεσι;;1
σπονδαρχιασ;;1
τυθεντων;;1
νεομηνιασ;;1
εβδομασ;;1
τελεον;;1
μεδιμνον;;1
τεταρτην;;1
προεδριασ;;1
προξεινουσ;;1
πυθιοι;;1
δημοσια;;1
κοτυλην;;1
τιμασθαι;;1
μαντηιασ;;1
συνειδεναι;;1
πατρουχου;;1
εγγυησηι;;1
δημοσιεων;;1
θετον;;1
βουλευουσι;;1
γερουσι;;1
γεροντων;;1
τιθεμενουσ;;1
αποθανουσι;;1
περιαγγελλουσι;;1
περιιουσαι;;1
καταμιαινεσθαι;;1
επικεαται;;1
αναγκαστουσ;;1
συμμιγα;;1
εστρωμενηι;;1
θαψωσι;;1
αρχαιρεσιη;;1
συνιζει;;1
πενθεουσι;;1
ενιστηται;;1
εσιων;;1
ωφειλε;;1
κατισταμενοσ;;1
προοφειλομενον;;1
αυληται;;1
μαγειροι;;1
εκδεκονται;;1
πατρωιασ;;1
αυλητησ;;1
μαγειροσ;;1
μαγειρου;;1
λαμπροφωνιην;;1
επιτιθεμενοι;;1
παρακληιουσι;;1
προεργαζομενον;;1
αγηι;;1
επιβασιν;;1
γημαντι;;1
αισχιστησ;;1
φλαυρην;;1
ολβιων;;1
δυσειδεα;;1
επιφραζεται;;1
θεραπνηι;;1
υπερθε;;1
φοιβηιου;;1
ενεικειε;;1
ελισσετο;;1
απαλλαξαι;;1
δυσμορφιησ;;1
απιουσηι;;1
τροφωι;;1
αγκαληι;;1
απειρησθαι;;1
γειναμενων;;1
επιδεικνυναι;;1
ορωσαν;;1
καταψωσαν;;1
καλλιστευσει;;1
μεταπεσειν;;1
αλκειδεω;;1
ερωσ;;1
φοβηθεισ;;1
ζητεων;;1
καταινεσαι;;1
παραγωγηι;;1
εσηγαγετο;;1
αποπεμψαμενοσ;;1
πληρωσασα;;1
κατημενωι;;1
απομοσασ;;1
ευδοκιμεοντι;;1
αρην;;1
διεβληθη;;1
διαβαντοσ;;1
κλεομε;;1
αποτινυσθαι;;1
αγιοσ;;1
καταστησηι;;1
εχθροσ;;1
αρμοσαμενου;;1
αποστερεει;;1
αρπασασ;;1
κατομνυται;;1
κατωμοσιην;;1
ανασωιζων;;1
εξηγγειλε;;1
απωμοσε;;1
ανοιστου;;1
προσποιεεται;;1
κοβωνα;;1
αριστοφαντου;;1
δυναστευοντα;;1
περιαλλαν;;1
επειρωτωντων;;1
εκρινε;;1
περιαλλα;;1
ονειδεοσ;;1
γυμνοπαιδιαι;;1
θεωμενου;;1
θεραποντα;;1
λασθηι;;1
επειρωτηματι;;1
πεπειρησθαι;;1
κατακαλυψαμενοσ;;1
θεητρου;;1
εκαλεσε;;1
απικομενηι;;1
κατικετευε;;1
ικετευω;;1
ερκειου;;1
νεικεσι;;1
κυεουσαν;;1
ματαιοτερον;;1
ονοφορβον;;1
μετερχομαι;;1
παιδοποιον;;1
μετερχεαι;;1
κατειρησεται;;1
ειδομενον;;1
συνευνηθεν;;1
περιετιθει;;1
εφαμην;;1
κατωμνυμην;;1
απαρνεομενον;;1
συνευνηθεντα;;1
κατομνυμενην;;1
στεφανοι;;1
εφανησαν;;1
ηρωιου;;1
αυλειηισι;;1
ιδρυμενου;;1
καλεοντι;;1
αστραβακου;;1
αναιρεον;;1
γεγονασ;;1
αστραβακοσ;;1
αναιρεομαι;;1
καταπτονται;;1
ηγγελθησ;;1
γεγενημενοσ;;1
ακουοντων;;1
φησειε;;1
ουδεκω;;1
αιδρειηι;;1
εννεαμηνα;;1
επταμηνα;;1
εκτελεσασαι;;1
επταμηνον;;1
ετεκον;;1
αγνοιηι;;1
γενεσιοσ;;1
δεκεο;;1
ονοφορβων;;1
ηλιν;;1
πορευεται;;1
υποτοπηθεντεσ;;1
δρησμωι;;1
χειρεειν;;1
ζακυνθον;;1
ηλιδοσ;;1
θεραποντασ;;1
ζακυνθιοι;;1
απολαμπρυνθεισ;;1
προσεβαλε;;1
καταπαυσθεντοσ;;1
κυνισκον;;1
αρχιδημον;;1
ευρυδαμην;;1
μενιου;;1
διεκτοριδεω;;1
ερσεν;;1
λαμπιτω;;1
αρχιδημοσ;;1
κατεγηρα;;1
εδωροδοκησε;;1
επικατημενοσ;;1
χειριδι;;1
υπαχθεισ;;1
κατεσκαφη;;1
ωρθωθη;;1
προπηλακισμον;;1
επιλεξαμενοι;;1
κασαμβον;;1
αριστοκρατεοσ;;1
κατατιθενται;;1
εχθιστουσ;;1
επαιστον;;1
κακοτεχνησαντα;;1
συνιστασ;;1
νωνακριν;;1
εξορκουν;;1
σταζει;;1
αιμασιησ;;1
νωνακρισ;;1
πηγη;;1
φενεωι;;1
κατελθοντα;;1
μανιη;;1
υπομαργοτερον;;1
εντυχοι;;1
ενεχραυε;;1
παραφρονησαντα;;1
δεθεισ;;1
μουνωθεντα;;1
λυθεισ;;1
λωβωμενοσ;;1
επιταμνων;;1
μηρων;;1
ισχια;;1
λαπαρασ;;1
καταχορδευων;;1
καταγινεων;;1
κατεκοπτε;;1
στυμφηλιδοσ;;1
αναφαινεσθαι;;1
αγασθαι;;1
ερασινου;;1
προδιδοντοσ;;1
χαιρησειν;;1
εξαναχωρησασ;;1
θυρεην;;1
σφαγιασαμενοσ;;1
ταυρον;;1
τιρυνθιην;;1
ναυπλιην;;1
σηπεια;;1
εφοβεοντο;;1
αιρεθεωσι;;1
θηλεια;;1
αρσενα;;1
νικησασα;;1
εξελασηι;;1
αργειοισιν;;1
αρηται;;1
αμφιδρυφεασ;;1
ερεει;;1
επεσσομενων;;1
τριελικτοσ;;1
απωλετο;;1
δουρι;;1
δαμασθεισ;;1
κηρυκι;;1
προσημαινοι;;1
σφετεροσ;;1
σημηνειε;;1
παραγγελλει;;1
κηρυγματοσ;;1
καταφυ;;1
γοντασ;;1
τεταγμεναι;;1
εκτινειν;;1
εκκαλεομενοσ;;1
πυκνου;;1
αλσεοσ;;1
δενδροσ;;1
κατειδε;;1
περινεειν;;1
πιθομενων;;1
αυτομολων;;1
απολλον;;1
χρηστηριε;;1
ηπατηκασ;;1
θυσων;;1
απαγαγοντασ;;1
μαστιγωσαι;;1
δωροδοκησαντα;;1
καλλιερεομενωι;;1
ηραιωι;;1
φλογα;;1
εκλαμψαι;;1
εξελαμψε;;1
εκλαμψαντοσ;;1
εχηρωθη;;1
επηβησαν;;1
ανακτωμενοι;;1
εξεβαλον;;1
εξωθεομενοι;;1
τιρυνθα;;1
αρθμια;;1
κλεανδροσ;;1
φιγαλευσ;;1
δεσποτηισι;;1
μανεντα;;1
ακρητοποτην;;1
μεμονεναι;;1
συντιθεσθαι;;1
αναβαινειν;;1
ομιλεειν;;1
ομιλεοντα;;1
ικνεομενου;;1
ακρητοποσιην;;1
ζωροτερον;;1
επισκυθισον;;1
καταβωσομενουσ;;1
θεασιδησ;;1
βουλευεσθε;;1
ποιησητε;;1
πανωλεθρον;;1
εσβαλωσι;;1
αγωγησ;;1
προφασισ;;1
φαντεσ;;1
παραθεσθαι;;1
επικυδεοσ;;1
περιηκειν;;1
ικνεομενωι;;1
προισχομενον;;1
γλαυκε;;1
απολαυσαι;;1
εδιδουν;;1
επικινδυνοσ;;1
πελοποννησοσ;;1
ιδρυμενη;;1
εξαργυρωσαντα;;1
εξεπισταμενωι;;1
απαιτεηι;;1
παραθεμενου;;1
γλαυκωι;;1
διωθεετο;;1
αντυποκρινομενοσ;;1
αναβαλλομαι;;1
κυρωσειν;;1
ληισηται;;1
γλαυκ;;1
επικυδειδη;;1
κερδιον;;1
ληισσασθαι;;1
ομνυ;;1
ευορκον;;1
εστιν;;1
κραιπνοσ;;1
συμμαρψασ;;1
ολεσηι;;1
ευορκου;;1
μετοπισθεν;;1
ρηθεντων;;1
νομιζομενη;;1
εκτετριπται;;1
υβρισαν;;1
χαριζομενοι;;1
αξιουντεσ;;1
αδικεεσθαι;;1
τιμωρησομενοι;;1
πεντετηρισ;;1
σουνιωι;;1
θεωριδα;;1
κνοιθου;;1
αναρτημενουσ;;1
επιχειρησει;;1
δεησει;;1
παλαιην;;1
καλεο;;1
μενην;;1
πενταδραχμουσ;;1
συγκειμενησ;;1
επανασταντοσ;;1
νικοδρομωι;;1
αγοσ;;1
εκθυσασθαι;;1
επιμηχανωμενοι;;1
εκπεσοντεσ;;1
ιλεον;;1
ζωγρησαντεσ;;1
δεσμα;;1
επιλαβομενοσ;;1
επισπαστηρων;;1
αποσπασαι;;1
απελκοντεσ;;1
αποκοψαντεσ;;1
εμπεφυκυιαι;;1
επισπαστηρσι;;1
αιγιναιαι;;1
λαμφθεισαι;;1
αργολιδα;;1
σικυωνιεων;;1
επεβληθη;;1
αδικησαι;;1
εκτεισαντεσ;;1
αζημιοι;;1
συνεγινωσκοντο;;1
αυθαδεστεροι;;1
εβοηθεε;;1
μουνομαχιην;;1
επασκεων;;1
σωφανεοσ;;1
δεκελεοσ;;1
ατακτοισι;;1
αναμιμνησκοντοσ;;1
προσκατημενων;;1
διαβαλλοντων;;1
πρηξαντα;;1
παραλυει;;1
δατιν;;1
αδελφιδεον;;1
εξανδραποδισαντασ;;1
αποδεχθεντεσ;;1
αληιον;;1
επιταχθεισ;;1
ιππαγωγοι;;1
δασμοφοροισι;;1
εσβαλομενοι;;1
εξακοσιηισι;;1
ικαρον;;1
περιπλοον;;1
αλουσα;;1
ικαριου;;1
προσφερομενοι;;1
ναξωι;;1
αναγοντο;;1
καταπλεουσησ;;1
προσορμιζεσθαι;;1
ρηναιηι;;1
οιχεσθε;;1
καταγνοντεσ;;1
φρονεω;;1
επεσταλται;;1
νεμεσθε;;1
επεκηρυκευσατο;;1
κατανησασ;;1
εθυμιησε;;1
εξαναχθεντα;;1
σεισθεισα;;1
αρτοξερξεω;;1
κορυφαιων;;1
πολεμεοντων;;1
κινηθηναι;;1
γεγραμμενον;;1
κινησω;;1
ερξιησ;;1
καλεοιεν;;1
απηραν;;1
επιπλεουσαν;;1
απειπαντο;;1
κληρουχεοντασ;;1
μετεπεμποντο;;1
αισχινησ;;1
νοθωνοσ;;1
προσαπολωνται;;1
αισχινηι;;1
συμβουλευσαντι;;1
πειθονται;;1
ωρωπον;;1
ερετρικησ;;1
ταμυνασ;;1
χοιρεασ;;1
αιγιλια;;1
εξεβαλλοντο;;1
προσοισομενοι;;1
διαφυλαξαιεν;;1
προσβολησ;;1
εβδομηι;;1
ευφορβοσ;;1
αλκιμαχου;;1
φιλαγροσ;;1
κυνεω;;1
προδιδουσι;;1
αποτινυμενοι;;1
κατοργωντεσ;;1
μαραθων;;1
ενιππευσαι;;1
κιμωνα;;1
φευγοντι;;1
ομομητριωι;;1
υστερηι;;1
ολυμπιαδι;;1
ανακηρυχθηναι;;1
υποσπονδοσ;;1
υπεισαντεσ;;1
τεθαπται;;1
τεταφαται;;1
ολυμπιαδασ;;1
ανελομεναι;;1
ευαγορεω;;1
λακωνοσ;;1
ουδαμαι;;1
στησαγορησ;;1
πατρωι;;1
διπλοον;;1
σωτηριηι;;1
φιλιππιδην;;1
ημεροδρομην;;1
μελετωντα;;1
περιπιπτει;;1
φιλιππιδεω;;1
επιμελειην;;1
ευνοου;;1
χρησιμου;;1
εσομενου;;1
αγγελιησ;;1
επετειοισι;;1
λαμπαδι;;1
δευτεραιοσ;;1
δεονται;;1
αρχαιοτατην;;1
περιπεσουσαν;;1
ερετρια;;1
ηνδραποδισται;;1
λογιμωι;;1
ασθενεστερη;;1
εινατη;;1
εινατηι;;1
πληρεοσ;;1
συνευ;;1
νηθηναι;;1
κατηγεομενοσ;;1
αιγιλιην;;1
καταγομενασ;;1
ορμιζε;;1
διεποντι;;1
πταρειν;;1
βηξαι;;1
εσειοντο;;1
εκβαλλει;;1
βηξασ;;1
εκπεσοντοσ;;1
παραστατασ;;1
δυνησομεθα;;1
μετην;;1
μετεχει;;1
αναραιρεατο;;1
παρατυχουσι;;1
οικεομεν;;1
επικουριη;;1
ψυχρη;;1
φθαιητε;;1
εξανδραποδισθεντεσ;;1
συμβουλευομεν;;1
ναιουσ;;1
συνεβουλευσαν;;1
ηπιστησαν;;1
εστρατευον;;1
συναπτειν;;1
παρατυχοντεσ;;1
ουρισαν;;1
τελεειν;;1
απιουσι;;1
επιθεμενοι;;1
εωντων;;1
ψηφιδοφοροσ;;1
πολεμαρχεειν;;1
καλλιμαχε;;1
υποκυψωσι;;1
παραδεδομενοι;;1
περιγενηται;;1
διασεισειν;;1
εμπεσουσαν;;1
σαθρον;;1
ηρτηται;;1
προσθηι;;1
αποσπευδοντων;;1
υπαρξει;;1
κατε;;1
λεξα;;1
προσκταται;;1
καλλιμαχον;;1
προσγενομενησ;;1
πολεμαρχου;;1
δεξιου;;1
ηγεετο;;1
ηγεομενου;;1
εξεδεκοντο;;1
αριθμεοντο;;1
αναγοντων;;1
πεντετηρισι;;1
τασσομενων;;1
εξισουμενον;;1
ερρωτο;;1
διετετακτο;;1
απειθησαν;;1
ιεντο;;1
δεξομενοι;;1
ολεθριην;;1
υπαρχουσησ;;1
κατεικαζον;;1
εσθημενουσ;;1
ρηξαντεσ;;1
ρηξασι;;1
κοπτοντεσ;;1
επελαμβανοντο;;1
γενο;;1
στησιλεωσ;;1
θρασυλεω;;1
κυνεγειροσ;;1
επιλαμβανομενοσ;;1
αφλαστων;;1
αποκοπεισ;;1
εξανακρουσαμενοι;;1
φθηναι;;1
επινοηθηναι;;1
συνθεμενουσ;;1
σηισι;;1
εστρατοπεδευσαντο;;1
ηρακλειωι;;1
υπεραιωρηθεντεσ;;1
επινειον;;1
ανακωχευσαντεσ;;1
βαρ;;1
βαρων;;1
κουφαγορεω;;1
συστασι;;1
ομματων;;1
στερηθηναι;;1
γενειον;;1
σκιαζειν;;1
παραστατην;;1
μυκονωι;;1
φοινισσηι;;1
κεχρυσωμενον;;1
σεσυλημενον;;1
κατατιθεται;;1
χαλκιδοσ;;1
εκομισαντο;;1
ανδραποδισμενουσ;;1
προσεσχον;;1
αναχθεντασ;;1
κισσιησ;;1
απεχοντι;;1
φρεατοσ;;1
ασφαλτον;;1
αλασ;;1
αρυσσονται;;1
αντλεεται;;1
κηλωνηιωι;;1
γαυλου;;1
ασκου;;1
προσδεδεται;;1
υποτυψασ;;1
αντλεει;;1
εγχεει;;1
δεξαμενην;;1
διαχεομενον;;1
ραδινακην;;1
τριταιοι;;1
ιμειροντο;;1
φαινιππου;;1
καλλιησ;;1
ετολμα;;1
εκπεσοι;;1
κηρυσσομενα;;1
εχθιστα;;1
πολλαχου;;1
προλελεγμενα;;1
πυθια;;1
εφανερωθη;;1
δαπανηισι;;1
μεγιστηισι;;1
μεγαλοπρεπεστατην;;1
διαβολην;;1
εξηγριωσαν;;1
υπολοιπουσ;;1
τυραννευοντασ;;1
ηλευθερωσαν;;1
αναπεισαντεσ;;1
ισωσ;;1
προεδιδοσαν;;1
δοκιμωτεροι;;1
ετετιμεατο;;1
αναδεχθηναι;;1
ανεδεχθη;;1
αναδεξασ;;1
συμπρηκτωρ;;1
συνελαμβανε;;1
δυνηται;;1
εσαπαξ;;1
βαθυν;;1
καταλιπομενοσ;;1
κιθωνοσ;;1
ευρυτατουσ;;1
υποδησαμενοσ;;1
εσπεσων;;1
παρεσαξε;;1
κοθορνοι;;1
πλησαμενοσ;;1
διαπασασ;;1
θησαυρου;;1
εβεβυστο;;1
εξωγκωτο;;1
γελωσ;;1
επλουτησε;;1
τεθριπποτροφησασ;;1
εξηρε;;1
ονομαστοτερην;;1
αριστωνυμου;;1
μυρωνοσ;;1
ανδρεω;;1
ολυμπιων;;1
εξηκοστην;;1
σικυωνα;;1
κυρωσοντοσ;;1
εξηκοστησ;;1
αρξαμενου;;1
πατρηι;;1
εξωγκωμενοι;;1
κλεισ;;1
θενησ;;1
παλαιστρην;;1
σμινδυριδησ;;1
συβαριτησ;;1
χλιδησ;;1
συβαρισ;;1
σιριτησ;;1
δαμασοσ;;1
αμυριοσ;;1
σοφου;;1
αμφιμνηστοσ;;1
επιστροφου;;1
επιδαμνιοσ;;1
αιτωλοσ;;1
υπερφυντοσ;;1
ισχυι;;1
φυγοντοσ;;1
εσχατιασ;;1
αιτωλιδοσ;;1
μαλησ;;1
λεωκηδησ;;1
υβρισαντοσ;;1
αγωνοθετασ;;1
αμιαντοσ;;1
αρκασ;;1
τραπεζουντοσ;;1
αζην;;1
παιου;;1
λαφανησ;;1
δεξαμενου;;1
διοσκουρουσ;;1
ξεινοδοκεοντοσ;;1
αγαιου;;1
ειδει;;1
λυσανιησ;;1
σκοπαδεων;;1
διακτοριδησ;;1
κραννωνιοσ;;1
μολοσσων;;1
αλκων;;1
πατρασ;;1
ανεπυθετο;;1
ανδραγαθιησ;;1
συνουσιην;;1
γυμνασια;;1
εξαγινεων;;1
συνεστοι;;1
εξεινιζε;;1
ηρεσκοντο;;1
εκρινετο;;1
κυψελιδηισι;;1
προσηκων;;1
κατακλισιοσ;;1
εκφασιοσ;;1
κρινοι;;1
μνηστηρασ;;1
μουσικηι;;1
ποσιοσ;;1
αυλησαι;;1
εμμελειην;;1
αρεστωσ;;1
ορχεετο;;1
ολον;;1
εσενεικαι;;1
εσελθουσησ;;1
τραπεζησ;;1
λακωνικα;;1
σχηματια;;1
αττικα;;1
ερεισασ;;1
εχειρονομησε;;1
ορχεομενου;;1
αποστυγεων;;1
ιπποκλειδην;;1
αναιδειην;;1
εκραγηναι;;1
χειρονομησαντα;;1
απορχησαο;;1
φροντισ;;1
ιπποκλειδηι;;1
επαινεω;;1
χαριζοιμην;;1
αποκρινων;;1
αποδοκιμαζων;;1
βουλευοντα;;1
απελαυνομενοισι;;1
αξιωσιοσ;;1
αποδημιησ;;1
εγγυω;;1
αγαριστην;;1
εγγυασθαι;;1
γαμοσ;;1
εβωσθησαν;;1
συνοικησαντων;;1
δημοκρατιην;;1
αγαριστησ;;1
συνοικησασα;;1
περικλεα;;1
αυξετο;;1
επιστρατευσεται;;1
καταπλουτιειν;;1
οισονται;;1
λυσαγορην;;1
τεισιεω;;1
διαβαλοντα;;1
παριουσ;;1
κατειλημενουσ;;1
απαναστησειν;;1
εξεληι;;1
διενοευντο;;1
διαφυλαξουσι;;1
επιφραζομενοι;;1
εξηιρετο;;1
παριην;;1
διερχομενον;;1
υπερθορειν;;1
υπερθοροντα;;1
ποιησοντα;;1
κινησοντα;;1
ακινητων;;1
πρηξοντα;;1
φρικησ;;1
υπελθουσησ;;1
ιεσθαι;;1
καταθρωισκοντα;;1
σπασθηναι;;1
προσπταισαι;;1
προσκτησαμενοσ;;1
πολιορκησασ;;1
δηιωσασ;;1
υποζακοροσ;;1
καταχρησωνται;;1
εξηγησαμενην;;1
αρρητα;;1
εκφηνασαν;;1
κατηγεμονα;;1
παρου;;1
απονοστησαντα;;1
υπαγαγων;;1
απελογεετο;;1
αδυνατοσ;;1
σηπομενου;;1
υπεραπελογεοντο;;1
επιμεμνημενοι;;1
προσγενομενου;;1
απολυσιν;;1
ζημιωσαντοσ;;1
σφακελισαντοσ;;1
σαπεντοσ;;1
εξεβληθησαν;;1
υμησσον;;1
εξεργασμενην;;1
κακην;;1
φθονον;;1
υμησσωι;;1
εννεακρουνον;;1
βιασθαι;;1
εκχωρησαντασ;;1
βραυρωνι;;1
αγουσασ;;1
αρπασαντεσ;;1
αποπλεοντεσ;;1
υπεπλησθησαν;;1
εδιδασκον;;1
συμμισγεσθαι;;1
πελασγιδων;;1
τυπτοιτο;;1
εσεδυνε;;1
διαγινωσκοιεν;;1
κουριδιεων;;1
ανδρωθεντεσ;;1
αττικεων;;1
προσαπολλυουσι;;1
θοαντι;;1
αποκτεινασαι;;1
λημνια;;1
αποκτεινασι;;1
ετικτον;;1
απαιδιηι;;1
λυσιν;;1
αιτησομενοι;;1
δικασωσι;;1
κλινην;;1
στρωσαντεσ;;1
επιπλεην;;1
παραθεντεσ;;1
εξανυσηι;;1
ελλησοντωι;;1
κατεστηκοτων;;1
κατανυσασ;;1
αναμιμνησκων;;1
επιτελεεσθαι;;1
ηφαιστιεεσ;;1
μυριναιοι;;1
πολυμνια;;1
κεχαραγμενον;;1
δεινοτερα;;1
περιαγγελλομενων;;1
εδονεετο;;1
καταλεγομενων;;1
στρατευσομενων;;1
παρασκευαζομενων;;1
δουλωθεντεσ;;1
στελλομενου;;1
αποδεξαντα;;1
βασιλευσαντι;;1
επρεσβευε;;1
επιγενομενων;;1
εστασιαζον;;1
νομιζομενον;;1
αναβεβηκωσ;;1
διαφορην;;1
υποτιθεμενοσ;;1
προγεγονοτεσ;;1
οψιγονοσ;;1
επιγενομενου;;1
εκδεξιν;;1
χρησαμενου;;1
υποθηκησ;;1
πρησσοισ;;1
ημερωσασ;;1
εξυβρισασαν;;1
τιμωροσ;;1
περικαλλησ;;1
επιθυμητησ;;1
κατεργασατο;;1
συμμαχα;;1
αλευαδεων;;1
προσωρεγοντο;;1
ονομακριτον;;1
χρησμολογον;;1
διαθετην;;1
ανεβεβηκεσαν;;1
προκαταλυσαμενοι;;1
εξηλασθη;;1
ονομακριτοσ;;1
λασου;;1
ερμιονεοσ;;1
εμποιεων;;1
επικειμεναι;;1
αφανιοιατο;;1
συναναβασ;;1
σεμνουσ;;1
κατελεγε;;1
ενεοι;;1
ευτυχεστατα;;1
εκλεγομενοσ;;1
ζευχθηναι;;1
εξηγεομενοσ;;1
χρησμωιδεων;;1
ανεγνωσθη;;1
δουλοτερην;;1
αχαιμενεα;;1
επιτροπευοντα;;1
ιναρωσ;;1
λιβυσ;;1
αξεσθαι;;1
επικλητον;;1
ειπηι;;1
κατηγησομαι;;1
ητρεμισαμεν;;1
παρελαβομεν;;1
κατελοντοσ;;1
επεπουσι;;1
λειψομαι;;1
προσκτησομαι;;1
προσγινομενον;;1
φλαυροτερην;;1
παμφορωτερην;;1
νοεω;;1
τιμωρησωμαι;;1
ωρατε;;1
ιθυοντα;;1
παυσομαι;;1
ελω;;1
πυρωσω;;1
αδικα;;1
αναρτημαι;;1
ανευρισκω;;1
καταστρεψομεθα;;1
πελοποσ;;1
φρυγοσ;;1
αποδεξομεν;;1
αιθερι;;1
κατοψεται;;1
υπεξαραιρημενων;;1
δουλιον;;1
χαριζοισθε;;1
σημηνω;;1
χρησει;;1
ηκηι;;1
παρεσκευασμενον;;1
ιδιοβουλεειν;;1
τιθημι;;1
εσομενων;;1
επικεο;;1
εασεισ;;1
καταγελασαι;;1
αναξιουσ;;1
υπαρξαντασ;;1
τιμωρησομεθα;;1
συστροφην;;1
επειρηθην;;1
κελευσθεισ;;1
ελασαντι;;1
ηντιωθη;;1
αβουλοτατα;;1
σκαιοτητοσ;;1
προειπωσι;;1
λειοτατον;;1
εσσουμενων;;1
εξωλεεσ;;1
δυσχειρωτοτατοι;;1
χρηστωι;;1
ελασαντοσ;;1
θαρσεοσ;;1
ψευσθειην;;1
μαθοιεν;;1
απειρητον;;1
πειρησ;;1
επιλεηνασ;;1
σιωπωντων;;1
τολμωντων;;1
αντιην;;1
αντιεων;;1
αιρεομενον;;1
ειρημενηι;;1
παρατριψωμεν;;1
εχωρησε;;1
εμβαλωσι;;1
πλεωσι;;1
λυσωσι;;1
εδεησε;;1
παντοιοι;;1
επετετραπτο;;1
επεσπετο;;1
ηναντιωθη;;1
διεργαστο;;1
γεγενησθαι;;1
βουλεο;;1
μηδεμιησ;;1
διαλυσον;;1
προσκεψαμενοσ;;1
προαγορευε;;1
εναντιωθηναι;;1
εσσωται;;1
ευρηκε;;1
φανταζεσθαι;;1
κνιζει;;1
αποσκηπτει;;1
κολουειν;;1
εμβαληι;;1
εφθαρησαν;;1
αναξιωσ;;1
επειχθηναι;;1
σφαλματα;;1
εξευροι;;1
ματαιουσ;;1
επαειρεισ;;1
εκτεινειν;;1
διαβολη;;1
δεινοτατον;;1
αδικεομενοσ;;1
κατηγορεων;;1
αναπειθομενοσ;;1
εκμαθηι;;1
απεων;;1
διαβληθεισ;;1
νομισθεισ;;1
ηθεσι;;1
μενετω;;1
παραβαλλομενων;;1
οκοσην;;1
αναβαινηι;;1
κτεινεσθων;;1
προλεγω;;1
πασχοντων;;1
απονοστησηισ;;1
αναξεισ;;1
υπολειπομενων;;1
εξεργασαμενον;;1
διαφορεομενον;;1
γνοντα;;1
αναγινωσκεισ;;1
ματαιων;;1
προστιθημι;;1
αθυμωι;;1
αριαραμνεω;;1
τιμωρησαμενοσ;;1
αξομεν;;1
στρατευσονται;;1
υπαργμενοισι;;1
δυνατωσ;;1
προπεπονθοτασ;;1
μαθω;;1
πελοψ;;1
δεδογμενων;;1
κατυπνωσε;;1
βουλευεαι;;1
αλιζειν;;1
μεταβουλευομενοσ;;1
συγγνωσομενοσ;;1
εβουλευσαο;;1
αποπτασθαι;;1
επιλαμψασησ;;1
συνελεξε;;1
εχετε;;1
αγχιστροφα;;1
βουλευομαι;;1
ανηκω;;1
παρηγορεομενοι;;1
ακουσαντι;;1
επεζεσε;;1
αεικεστερα;;1
απορριψαι;;1
συγγνουσ;;1
μεταδεδογμενον;;1
ησυχοι;;1
επισταν;;1
στρατηλατεηισ;;1
ανασχησει;;1
ταπεινοσ;;1
περιδεησ;;1
καλεοντα;;1
εσωφρονεον;;1
μετεγνων;;1
εγνων;;1
υπεθηκαο;;1
τετραμμενωι;;1
μετεγνωκοτι;;1
επιφοιτων;;1
φανταζεται;;1
διαπειλησαν;;1
επιπεμπων;;1
επιπτησεται;;1
εντελλομενον;;1
λαβοισ;;1
ιζοιο;;1
κατυπνωσειασ;;1
περιηκοντα;;1
ομιλιαι;;1
σφαλλουσι;;1
εμπιπτοντα;;1
εδακε;;1
λυπη;;1
αυξα;;1
νουσησ;;1
καταπαυουσησ;;1
διδασκειν;;1
τοιουτεων;;1
σφαλερωτερην;;1
αναιρεο;;1
τετραψαι;;1
μετιεντι;;1
επιφοιταν;;1
εωντα;;1
πεπλανημενα;;1
διδαξω;;1
πεπλανησθαι;;1
οψιεσ;;1
διαιρεω;;1
μετεχον;;1
διακελευομενον;;1
οφειλει;;1
αναπαυομενωι;;1
επιφαινομενον;;1
ποιησεται;;1
αξιωσει;;1
μαθητεον;;1
φαιην;;1
δεδοκηται;;1
παρατρεψαι;;1
επιτελεομενων;;1
αποδεξειν;;1
υπερσταν;;1
καταπροιξεαι;;1
αποτρεπων;;1
ανηκουστεοντα;;1
απειλεειν;;1
σιδηριοισι;;1
εκκαιειν;;1
ησσονων;;1
εικειν;;1
επιθυμεειν;;1
συστρατευομενοσ;;1
μακαριστον;;1
δαιμονιη;;1
θεηλατοσ;;1
τρεπομαι;;1
μετατιθεμαι;;1
πεμπομενα;;1
προειρημενοισι;;1
παραδιδοντοσ;;1
ενδεησει;;1
επισπευδων;;1
εστεφανωσθαι;;1
θαλλωι;;1
κλαδουσ;;1
κριναντων;;1
επαγερσιν;;1
ερευνων;;1
παραρτεετο;;1
ανομενωι;;1
στολων;;1
ατρειδεων;;1
ιονιον;;1
γενομεναι;;1
στρατηλασιαι;;1
αξιαι;;1
πινομενον;;1
στρατευομενοισι;;1
προσπταισαντων;;1
προετοιμαζετο;;1
παντοδαποι;;1
αρταχαιησ;;1
επεστατεον;;1
ονομαστον;;1
κατηκον;;1
χερσονησοειδεσ;;1
κολωνοι;;1
ακανθιων;;1
τορωνησ;;1
σανη;;1
οικημεναι;;1
νησιωτιδασ;;1
ηπειρωτιδων;;1
διον;;1
ολοφυξοσ;;1
ακροθωιον;;1
θυσσοσ;;1
κλεωναι;;1
σανην;;1
σχοινοτενεσ;;1
κατωτατα;;1
εξορυσσομενον;;1
εστεωσι;;1
εκδεκομενοι;;1
ανωτατω;;1
εξεβαλλον;;1
καταρρηγνυμενοι;;1
αποδεικνυνται;;1
συνηγον;;1
εξισουτο;;1
πρητηριον;;1
αληλεσμενοσ;;1
ευρισκειν;;1
διειρυσαι;;1
ζευξαντασ;;1
επιταξασ;;1
λιμηνειε;;1
ελαυνομενα;;1
αναπυθομενοσ;;1
αγινεοντασ;;1
ολκασι;;1
πορθμηιοισι;;1
τυροδιζαν;;1
συλλελεγμενοσ;;1
κριταλλων;;1
καππαδοκιηι;;1
υπαρχων;;1
εσταλμενον;;1
ωμιλησαν;;1
φρυγιηι;;1
κελαινασ;;1
αναδιδουσι;;1
καταρρηκτησ;;1
κελαινεων;;1
σιληνου;;1
μαρσυεω;;1
ασκοσ;;1
ανακρεμαται;;1
εκδαρεντα;;1
ανακρεμασθηναι;;1
υποκατημενοσ;;1
εξεινισε;;1
ξεινιοισι;;1
επαγγελλετο;;1
επαγγελλομενου;;1
εκτημενοσ;;1
επαγγελλοιτο;;1
πλατανιστωι;;1
αμπελωι;;1
πυθιον;;1
αποκρυψω;;1
σκηψομαι;;1
καταλεξω;;1
καταβαινοντα;;1
δαρεικων;;1
επιδεουσασ;;1
δωρεομαι;;1
γεωπεδων;;1
εξηλθον;;1
συνεμειξα;;1
αυτεπαγγελτοσ;;1
εξεινισασ;;1
επαγγελλεαι;;1
αποπλησω;;1
απαρτιλογιη;;1
πεπληρωμενη;;1
εκτησο;;1
εκτησαο;;1
αναυα;;1
κολοσσασ;;1
αφανιζεται;;1
αναφαινομενοσ;;1
κολοσσεων;;1
κυδραρα;;1
καταπεπηγυια;;1
σταθεισα;;1
σχιζομενησ;;1
καλλατηβον;;1
δημιοργοι;;1
πυρου;;1
πλατανιστον;;1
δειπνα;;1
δεισαντασ;;1
ξανθιππου;;1
σανιδα;;1
διεπασσαλευσαν;;1
αγινεομενοσ;;1
ερδεσκε;;1
εγεφυρουν;;1
βυβλινην;;1
απαντιον;;1
εζευγμενου;;1
επιγενομενοσ;;1
συνεκοψε;;1
επικεσθαι;;1
πληγασ;;1
στιγεασ;;1
στιξοντασ;;1
ραπιζοντασ;;1
πικρον;;1
ηδικησασ;;1
παθον;;1
θυει;;1
θολερωι;;1
αλμυρωι;;1
ζημιουν;;1
επεστεωτων;;1
αρχιτεκτονεσ;;1
ανακωχευηι;;1
τονον;;1
αγκυρασ;;1
κατηκαν;;1
εκπνεοντων;;1
αιγαιου;;1
ζεφυρου;;1
υποφαυσιν;;1
τριχου;;1
λεπτοισι;;1
κατετεινον;;1
ονοισι;;1
βυβλινων;;1
παχυτησ;;1
καλλονη;;1
εμβριθεστερα;;1
ειλκε;;1
εγεφυρωθη;;1
κορμουσ;;1
καταπρισαντεσ;;1
ευρει;;1
επετιθεσαν;;1
τονου;;1
επεζευγνυον;;1
καταναξαντεσ;;1
παρειρυσαν;;1
φοβεηται;;1
υπερορωντα;;1
κατεσκευαστο;;1
χυτοι;;1
πιμπληται;;1
αγγελλετο;;1
εκλιπων;;1
αφανησ;;1
επινεφελων;;1
μαθοντι;;1
προφαινειν;;1
προδεικνυει;;1
προδεκτορα;;1
σεληνην;;1
δωρημασι;;1
βουλοιμην;;1
ελαφρον;;1
υπουργησαι;;1
χρηισειν;;1
υπουργησειν;;1
οικτιρασ;;1
παραλυσον;;1
μελεδωνοσ;;1
αγεο;;1
νοεεισ;;1
νοστησειασ;;1
κακε;;1
ανθρωπε;;1
αγοντοσ;;1
μνησασθαι;;1
συνεπεσθαι;;1
εξεπιστασο;;1
τερψιοσ;;1
εμπιπλεει;;1
ανοιδεει;;1
επηγγελλεο;;1
καυχησεαι;;1
αναιδεστερον;;1
ετραπεο;;1
αξιησ;;1
ρυεται;;1
περιεχεαι;;1
ζημιωσεαι;;1
ημιτομα;;1
διακεκριμενοι;;1
υπερημισεεσ;;1
διελελειπτο;;1
προηγεοντο;;1
επιβαινει;;1
παρεβεβηκεε;;1
πατιραμφησ;;1
μετεκβαινεσκε;;1
αιρεοι;;1
αρμαμαξαν;;1
χιλιη;;1
απολελεγμενη;;1
σαυρωτηρων;;1
συνεκληιον;;1
εινακισχιλιοι;;1
μηλα;;1
μυριη;;1
διελειπε;;1
καικον;;1
κανησ;;1
καρηνην;;1
θηβησ;;1
ατραμυττειον;;1
πελασγιδα;;1
ιδην;;1
αναμειναντι;;1
πρηστηρεσ;;1
επεσπιπτουσι;;1
διεφθει;;1
ραν;;1
σκαμανδρον;;1
περγαμον;;1
χιλιασ;;1
χοασ;;1
εχεαντο;;1
ποιησαμενοισι;;1
ροιτειον;;1
οφρυνειον;;1
προεπεποιητο;;1
προεξεδρη;;1
αβυδηνοι;;1
εντειλαμενου;;1
κατορεων;;1
θηευμενοσ;;1
ιμερθη;;1
αμιλληι;;1
αποκεκρυμμενον;;1
ακτασ;;1
επιπλεα;;1
καρισε;;1
εδακρυσε;;1
δακρυσαντα;;1
μακαρισασ;;1
δακρυεισ;;1
λογισαμενον;;1
κατοικτιραι;;1
ανθρωπινοσ;;1
εκατοστον;;1
περιεσται;;1
πεπονθαμεν;;1
οικτροτερα;;1
ευδαιμων;;1
παραστησεται;;1
προσπιπτουσαι;;1
συνταρασσουσαι;;1
βραχυν;;1
μοχθηρησ;;1
καταφυγη;;1
αιρετωτατη;;1
γλυκυν;;1
γευσασ;;1
φθονεροσ;;1
βιοτησ;;1
παυσωμεθα;;1
μεμνεωμεθα;;1
εναργησ;;1
ειχεσ;;1
μετεστησ;;1
τελευτησειε;;1
υποπλεοσ;;1
κοια;;1
μεμπτοσ;;1
πολλαπλησιον;;1
συναμφοτερα;;1
ενδεεστερα;;1
ημετερα;;1
μεμφοιτ;;1
συλλεξηισ;;1
πολεμιωτερα;;1
διασωσαι;;1
κομιεαι;;1
λιμενων;;1
υποδεξιων;;1
συμφορεων;;1
ειρημενου;;1
πολεμιη;;1
πολεμιωτερη;;1
προβαινηισ;;1
κλεπτομενοσ;;1
ευπρηξιησ;;1
πληθωρη;;1
εναντιουμενου;;1
τεξεσθαι;;1
αρρωδεοι;;1
θρασυσ;;1
επιλεγεο;;1
βουλοιο;;1
επεσφερομενωι;;1
ποιησειασ;;1
προδειμαινοντα;;1
εριζων;;1
αποδεξεισ;;1
σφαλλεσθαι;;1
επιλεγομενοισι;;1
οκνεουσι;;1
προκεχωρηκε;;1
ομοιηισι;;1
προελθοντα;;1
κινδυνουσ;;1
αναρριπτεοντεσ;;1
προηγαγοντο;;1
κινδυνοισι;;1
καταιρεεσθαι;;1
ομοιουμενοι;;1
νοστησομεν;;1
επιβεωμεν;;1
αροτηρασ;;1
αρρωδεειν;;1
συμβουλιην;;1
ενδεξαι;;1
εκτειναι;;1
αδικωτατουσ;;1
καταδουλουμενουσ;;1
συνελευθερουντασ;;1
αδικωτατοι;;1
προσβαλλουσι;;1
δηλησασθαι;;1
καταφαινεσθαι;;1
απεφηναο;;1
σφαλλεαι;;1
μεταβαλωσι;;1
γνωμα;;1
μαρτυσ;;1
συστρατευσαμενοι;;1
πιστοτητα;;1
καταλιποντασ;;1
σκηπτρα;;1
επιτρεπω;;1
καταισχυνειν;;1
εργασμενα;;1
συμπαντεσ;;1
ξυνον;;1
σπευδεται;;1
κρατησωμεν;;1
αντιστηι;;1
διαβαινωμεν;;1
επευξαμενοι;;1
λελογχασι;;1
ανεμενον;;1
καταγιζοντεσ;;1
μυρσινηισι;;1
στορνυντεσ;;1
επανετελλε;;1
σπενδων;;1
χρυσεησ;;1
παυσει;;1
τερμασι;;1
ευξαμενοσ;;1
ανατιθεισ;;1
μαστιγωσαντι;;1
εστεφανωμενοι;;1
συμμικτοσ;;1
εστεφανωντο;;1
απεναντιον;;1
ευφρονηισι;;1
ελινυσασ;;1
διαβεβηκοτοσ;;1
ειδομενοσ;;1
αγαυροτατα;;1
μεγαλοπρεπεστατα;;1
σαρπηδονιησ;;1
καρδιην;;1
αντισχοντα;;1
επιλιποντα;;1
αινον;;1
στεντοριδα;;1
εβροσ;;1
φρουρη;;1
επιτηδεοσ;;1
ενδιαταξαι;;1
εξαριθμησαι;;1
σαλη;;1
ζωνη;;1
σερρειον;;1
ονομαστη;;1
ανεψυχον;;1
ανελκυσαντεσ;;1
μυριαδα;;1
συνναξαντεσ;;1
περιεγραψαν;;1
περιγραψαντεσ;;1
περιεβαλον;;1
ομφαλον;;1
εσεβιβαζον;;1
περιοικοδομημενον;;1
αριθμησαντεσ;;1
απαγεασ;;1
χειριδωτουσ;;1
ποικιλουσ;;1
λεπιδοσ;;1
ιχθυοειδεοσ;;1
φαρετρεωνεσ;;1
εκρεμαντο;;1
παραιωρεομενα;;1
ζωνησ;;1
οτανεα;;1
αμηστριοσ;;1
κηφηνεσ;;1
αρταιοι;;1
κηφεα;;1
ανδρομεδην;;1
κηφευσ;;1
σκευη;;1
τιγρανην;;1
αριουσ;;1
μιτρηφοροι;;1
αναφησ;;1
υρκανιοι;;1
μεγαπανον;;1
ευαπηγητον;;1
τετυλωμενα;;1
οτασπησ;;1
απηγμενασ;;1
ορθασ;;1
πεπηγυιασ;;1
ενεδεδυκεσαν;;1
αξινασ;;1
αμυργιουσ;;1
φαρναζαθρηι;;1
αρταβατεω;;1
τοξοισι;;1
αριων;;1
σισαμνησ;;1
σογδων;;1
αζανησ;;1
γανδαριων;;1
δαδικεων;;1
αρτυφιοσ;;1
ακινακεασ;;1
αριομαρδον;;1
αρτυφιου;;1
σαραγγαι;;1
βεβαμμενα;;1
μηδικασ;;1
φερενδατησ;;1
σισυρνοφοροι;;1
ιθαμιτρεω;;1
ουτιοι;;1
μυκοι;;1
αρσαμενησ;;1
σιρομιτρησ;;1
υπεζωμενοι;;1
παλιντονα;;1
παρδαλεασ;;1
λεοντεασ;;1
εναμμενοι;;1
σπαθησ;;1
τετραπηχεων;;1
σφρηγιδασ;;1
δορκαδοσ;;1
λογχησ;;1
τυλωτα;;1
εξηλειφοντο;;1
γυψωι;;1
στερξασ;;1
εικω;;1
σφυρηλατον;;1
διξοι;;1
ινδοισι;;1
διαλλασσοντεσ;;1
ιθυτριχεσ;;1
ουλοτατον;;1
προμετωπιδια;;1
εκδεδαρμενα;;1
λοφιηι;;1
λοφιη;;1
κατεχρα;;1
πεπηγοτα;;1
βληματα;;1
γερανων;;1
μασσαγην;;1
οαριζου;;1
κνημην;;1
παφλαγοσι;;1
δωτοσ;;1
μεγασιδρου;;1
παφλαγονικησ;;1
παραλλασσοντεσ;;1
βριγεσ;;1
ευρωπηιοι;;1
μακεδοσι;;1
συναμφοτερων;;1
αρτοχμησ;;1
ολυμπιηνοι;;1
αλωπεκεασ;;1
περιβεβλημενοι;;1
ποικιλασ;;1
νεβρων;;1
πελτασ;;1
στρυμονιοι;;1
εξαναστηναι;;1
βασσακησ;;1
πισιδαι;;1
προβολουσ;;1
λυκιοεργεασ;;1
κρανεσι;;1
λοφοι;;1
ρακεσι;;1
φοινικεοισι;;1
κατειλιχατο;;1
καβηλεεσ;;1
λασονιοι;;1
κιλιξι;;1
ενεπεπορπεατο;;1
λυκια;;1
υστανεοσ;;1
λογχαι;;1
τιβαρηνοι;;1
μοσσυνοικοι;;1
συνετασσον;;1
τιβαρηνουσ;;1
αριομαρδοσ;;1
παρμυοσ;;1
μακρωνασ;;1
μοσσυνοικουσ;;1
χερασμιοσ;;1
επετροπευε;;1
μαρεσ;;1
πλεκτα;;1
δερματινασ;;1
φαρανδατησ;;1
αλαροδιοι;;1
σιρομιτρεω;;1
νησιωτικα;;1
στρατηγεων;;1
στρατευομενα;;1
τεταγμενα;;1
διαταξαντεσ;;1
εξαριθμησαντεσ;;1
χιλιαρχασ;;1
μυριαρχασ;;1
εκατονταρχασ;;1
δεκαρχασ;;1
μυριαρχαι;;1
σημαντορεσ;;1
θεμενου;;1
σμερδομενησ;;1
ανεψιοι;;1
αριαζου;;1
απολελεγμενων;;1
αθανατοι;;1
εξελειπε;;1
βιηθεισ;;1
αρμαμαξασ;;1
εσκευασμενην;;1
ιππευει;;1
εξελη;;1
λαμενα;;1
σειρηισι;;1
πεπλεγμενηισι;;1
ιμαντων;;1
συμμισγωσι;;1
βαλ;;1
λουσι;;1
σειρασ;;1
βροχουσ;;1
ερκεσι;;1
εμπαλασσομενοι;;1
διαφθειρονται;;1
κελητασ;;1
αρμασι;;1
υπησαν;;1
ταχυτητι;;1
λειπο;;1
μενασ;;1
ιππευε;;1
αρματων;;1
ανεχομενων;;1
φοβεοιτο;;1
ιππαρχοι;;1
αρμαμιθρησ;;1
τιθαιοσ;;1
δατιοσ;;1
συνιππαρχοσ;;1
νοσεων;;1
ορμωντο;;1
υπεδραμε;;1
απεσεισατο;;1
φαρνουχεα;;1
ημεε;;1
φθισιν;;1
οικεται;;1
κατεβαλε;;1
απεταμον;;1
χηλευτα;;1
κοιλασ;;1
ναυμαχα;;1
τυχουσ;;1
θωρηκο;;1
φοροι;;1
εσταλατο;;1
ειλιχατο;;1
κιταρισ;;1
κυθνου;;1
λαισηια;;1
ωμοβοεησ;;1
υπαχαιοι;;1
κιλικοσ;;1
αποσκεδασθεντων;;1
αμφιλοχωι;;1
καλχαντι;;1
θωρηκοφοροι;;1
κνημιδοφοροι;;1
κρανεινα;;1
απτερουσ;;1
αιωρεομενα;;1
περιεστεφανωμενουσ;;1
ξουθον;;1
αιγιαλεεσ;;1
δυωδεκαπολιεσ;;1
αβυδηνοισι;;1
επαξιοι;;1
ασπαθινεω;;1
καρικησ;;1
τριηκοντεροι;;1
πεντηκοντεροι;;1
κερκουροι;;1
τετραμνηστοσ;;1
ανυσου;;1
ματτην;;1
ειρωμου;;1
αραδιοσ;;1
μερβαλοσ;;1
αγβαλου;;1
ωρομεδοντοσ;;1
κυβερνισ;;1
κοσσικα;;1
τιμωναξ;;1
τιμαγορεω;;1
υσσελδωμου;;1
δαμασιθυμοσ;;1
στρατευσαμενησ;;1
υπαρχοντοσ;;1
λυγδαμιοσ;;1
κρησσα;;1
ηγεμονευε;;1
αλικαρνησσεων;;1
νισυριων;;1
καλυμνιων;;1
σιδωνιων;;1
ευδοξοτατασ;;1
αριστασ;;1
αποφαινω;;1
αλικαρνησσεασ;;1
ηριθμηθη;;1
διεταχθη;;1
διεξελασασ;;1
διεξελαυνων;;1
απεγραφον;;1
εσχατων;;1
κατελκυσθεισεων;;1
μετεκβασ;;1
σκηνηι;;1
παρεπλεε;;1
απογραφομενοσ;;1
αναγαγοντεσ;;1
μετωπηδον;;1
εξοπλισαντεσ;;1
πρωιρεων;;1
εξεβη;;1
απικνεομενων;;1
ελαχιστησ;;1
ασθενεστατησ;;1
ανταειρομενοι;;1
συλλεχθειησαν;;1
αρθμιοι;;1
χρησωμαι;;1
αηδεσ;;1
διαχρησασθαι;;1
αλωσεται;;1
πενιη;;1
συντροφοσ;;1
αρετη;;1
επακτοσ;;1
κατεργασμενη;;1
ισχυρου;;1
διαχρεωμενη;;1
απαμυνεται;;1
δεσποσυνην;;1
δωρικουσ;;1
δεξονται;;1
αντιωσονται;;1
φρονεωσι;;1
πυθηι;;1
εξεστρατευμενοι;;1
τοσηιδε;;1
μαχησεσθαι;;1
αγε;;1
πολιτικον;;1
διαιρεεισ;;1
αντιτασσεσθαι;;1
υμετερουσ;;1
ανταξιοσ;;1
διζημαι;;1
ανταξιον;;1
ορθοιτ;;1
αυχεετε;;1
κομποσ;;1
ιδω;;1
γενοιατ;;1
ιοιεν;;1
ανειμενοι;;1
ανισωθεντασ;;1
σπανιον;;1
εθελησουσι;;1
φλυηρεεισ;;1
ηναγκασασ;;1
αληθεστατουσ;;1
εστοργωσ;;1
απολιν;;1
φυγαδα;;1
σωφρονα;;1
φαινομενην;;1
διωθεεσθαι;;1
στεργειν;;1
μουνομαχεοιμι;;1
εποτρυνων;;1
μαχοιμην;;1
ηδιστα;;1
κακιονεσ;;1
υποδειμαινουσι;;1
ανωγηι;;1
ανωγει;;1
επικρατεειν;;1
φλυηρεειν;;1
αναγκασθεισ;;1
ετρεψε;;1
απεπεμψατο;;1
μεγαδοστεω;;1
αριστευοντι;;1
υπαρχουσ;;1
μασκαμειοισι;;1
ελασιοσ;;1
εδυνασθησαν;;1
πεμπεται;;1
εξαιρεθεντων;;1
βογην;;1
επαινου;;1
υποσπονδον;;1
εξελθειν;;1
δειλιηι;;1
δοξειε;;1
διεκαρτερεε;;1
εσφαξε;;1
αινεεται;;1
σαμοθρηικια;;1
στρυμη;;1
λισοσ;;1
διαρρεει;;1
γαλλαικη;;1
βριαντικη;;1
λισου;;1
απεξηρασμενον;;1
μαρωνειαν;;1
ονομαστασ;;1
μαρωνειησ;;1
στρυμησ;;1
ισμαριδα;;1
βιστονιδα;;1
εσιεισι;;1
τραυοσ;;1
κομψατοσ;;1
παραμειψατο;;1
νεστον;;1
ηπειρωτιδασ;;1
ωσει;;1
ιχθυωδησ;;1
αλμυρη;;1
αρδομενα;;1
ανεξηρηνε;;1
πιστυροσ;;1
παιτοι;;1
κικονεσ;;1
βιστονεσ;;1
σαπαιοι;;1
δερσαιοι;;1
ηδωνοι;;1
καταλεχθεντεσ;;1
συνηρεφεα;;1
υψηλοτατων;;1
βησσοι;;1
προφητευοντεσ;;1
χρεωσα;;1
ποικιλωτερον;;1
ειρημενην;;1
πιερων;;1
φαγρησ;;1
περγαμοσ;;1
οδο;;1
μαντοι;;1
υπεροικεοντασ;;1
παιοπλασ;;1
φυλλισ;;1
κατατεινουσα;;1
αγγιτην;;1
σφαζοντεσ;;1
λευκουσ;;1
φαρμακευσαντεσ;;1
κατωρυσσον;;1
κατορυσσειν;;1
γηρασασαν;;1
αντιχαριζεσθαι;;1
κατορυσσουσαν;;1
αργιλον;;1
βισαλτιη;;1
συλεοσ;;1
σταγιρον;;1
στρατευομενουσ;;1
συγχεουσι;;1
επισπειρουσι;;1
ακανθιοισι;;1
ακανθωι;;1
αρταχαιην;;1
απελειπε;;1
φωνεοντα;;1
ετυμβοχοεε;;1
αρταχαιηι;;1
ακανθιοι;;1
επονομαζοντεσ;;1
υποδεκομενοι;;1
δειπνιζοντεσ;;1
οικων;;1
δειπνισασι;;1
αντιπατροσ;;1
οργεοσ;;1
τετε;;1
λεσμενα;;1
περιαγγελλοντων;;1
αστοι;;1
αλευρα;;1
αλφιτα;;1
εσιτευον;;1
εξευρισκοντεσ;;1
ετρεφον;;1
χερσαιουσ;;1
λιμναιουσ;;1
λακκοισι;;1
υποδοχασ;;1
τιθεαται;;1
ομοσιτοισι;;1
τασσομενα;;1
σκηνη;;1
πεπηγυια;;1
ετοιμη;;1
εχεσκον;;1
πλησθεντεσ;;1
αγαγοιεν;;1
απελαυνεσκον;;1
μεγακρεοντοσ;;1
παραιτεομενουσ;;1
παροιχομενων;;1
διατριβηναι;;1
επιτασσομενον;;1
σμερδομενεα;;1
απειθη;;1
αθωι;;1
πιλωροσ;;1
σιγγοσ;;1
σαρτη;;1
απειμενοσ;;1
τορωναιην;;1
τορωνην;;1
γαληψον;;1
σερμυλην;;1
μηκυβερναν;;1
σιθωνιη;;1
αμπελου;;1
καναστραιον;;1
ανεχει;;1
ποτειδαιησ;;1
αφυτιοσ;;1
αιγησ;;1
θεραμβω;;1
σκιωνησ;;1
φλεγρην;;1
νεμομεναι;;1
παραλαμβανων;;1
ομουρεουσεων;;1
λιπαξοσ;;1
κωμβρεια;;1
λισαι;;1
γιγωνοσ;;1
καμψα;;1
σμιλα;;1
αινεια;;1
κροσσαιη;;1
αινειησ;;1
ετελευτων;;1
σινδον;;1
χαλεστρην;;1
ιχναι;;1
πελλα;;1
περιμενων;;1
παιονικησ;;1
χειδωρον;;1
αξιωι;;1
σιτοφοροισι;;1
καταφοιτωντεσ;;1
αναγκαζον;;1
λεοντασ;;1
οπωπεσαν;;1
επεπειρεατο;;1
υπερμεγαθεα;;1
λεουσι;;1
αβδηρων;;1
νεστοσ;;1
αχελωιοσ;;1
νεστου;;1
επεσχε;;1
στρατοπεδευομενοσ;;1
τοσηνδε;;1
λυδιεω;;1
αλιακμονοσ;;1
ουριζουσι;;1
μακεδονιδα;;1
χειδωροσ;;1
θεσσαλικα;;1
υπερμηκεα;;1
πλωσασ;;1
εσεβαινε;;1
ανεδεξε;;1
αναγεσθαι;;1
ενεσχετο;;1
κατηγεμονασ;;1
συγκεκληιμενην;;1
υπερμηκεσι;;1
οσσα;;1
αποκληιει;;1
συμμισγοντα;;1
υπωρειασ;;1
ολυμποσ;;1
πινδοσ;;1
οθρυσ;;1
κοιλη;;1
εσβαλλοντων;;1
απιδανου;;1
ονοχωνου;;1
ενιπεοσ;;1
παμισου;;1
περικληιοντων;;1
εκροον;;1
προσυμμισγοντεσ;;1
συμμιχθεωσι;;1
κατακρατεων;;1
ανωνυμουσ;;1
διεκροου;;1
βοιβηιδα;;1
ονομαζεσθαι;;1
ρεοντασ;;1
σειειν;;1
διεστεωτα;;1
διαστασισ;;1
εξοδοσ;;1
πηνειωι;;1
εξηλυσισ;;1
περιεστεφανωται;;1
εφυλασσοντο;;1
γνωσιμαχεοντεσ;;1
ευαιρετον;;1
ταχυαλωτον;;1
εκβιβασαντα;;1
υποβρυχα;;1
πιεριην;;1
διετριβε;;1
μακεδονικον;;1
διεξιηι;;1
δοντων;;1
φθιωται;;1
αναγκασθεντεσ;;1
δεκατευσαι;;1
πεμψαντοσ;;1
αιτεοντασ;;1
βαραθρον;;1
εδηιωθη;;1
ταλθυ;;1
ταλθυταλθυβιαδαι;;1
κηρυκηιαι;;1
δεδονται;;1
καλλιερησαι;;1
αχθομενων;;1
αλιησ;;1
συλλεγομενησ;;1
σπερθιησ;;1
ανηριστου;;1
βουλισ;;1
νικολεω;;1
ανηκοντεσ;;1
τεισειν;;1
αποθανεομενουσ;;1
τολμα;;1
ξεινιζων;;1
αποβλεποντεσ;;1
δοιητε;;1
υδαρνεσ;;1
ισου;;1
συμβουλιη;;1
πεπειρημενοσ;;1
συμβουλευεισ;;1
επειρηθησ;;1
πειρησαιο;;1
συμβουλευοισ;;1
πελεκεσι;;1
προσπιπτοντασ;;1
ωθεομενοι;;1
απεμαχεσαντο;;1
τεισοντασ;;1
συγχεαι;;1
αποκτειναντασ;;1
επιπλησσει;;1
ανταποκτεινασ;;1
απολυσειν;;1
απονοστησαντων;;1
επηγερθη;;1
θειοτατον;;1
αναβαντων;;1
νικολαν;;1
ανηριστον;;1
αλιεασ;;1
ολκαδι;;1
πληρει;;1
μηνιοσ;;1
νυμφοδωρου;;1
βισανθην;;1
απαχθεντεσ;;1
επανειμι;;1
στρατηλασιη;;1
κατιετο;;1
θαρσοσ;;1
πεισομενοι;;1
αξιομαχων;;1
ανταπτεσθαι;;1
επιφθονον;;1
επισχησω;;1
μειναντεσ;;1
αντιουμενοι;;1
θαλασ;;1
μηδεισ;;1
κιθωνεσ;;1
εληλαμενοι;;1
εκοντων;;1
εμουνωθησαν;;1
γενναιωσ;;1
ωφελιην;;1
εληλαμενων;;1
επικρατεοντοσ;;1
σωτηρασ;;1
αμαρτανοι;;1
ταληθεοσ;;1
ρεψειν;;1
επεγειραντεσ;;1
φοβερα;;1
βαλοντα;;1
αριστονικη;;1
μελεοι;;1
καθησθε;;1
φυγ;;1
γαιησ;;1
τροχοειδεοσ;;1
καρηνα;;1
εμπεδον;;1
νεατοι;;1
χερεσ;;1
μεσσησ;;1
αζηλα;;1
πελει;;1
ερειπει;;1
συριηγενεσ;;1
καλλ;;1
απολει;;1
πυργωματα;;1
αθανατων;;1
μαλερωι;;1
ιδρωτι;;1
ρεουμενοι;;1
εστηκασι;;1
παλλομενοι;;1
ακροτατοισ;;1
οροφοισιν;;1
κεχυται;;1
προιδον;;1
ιτον;;1
αδυτοιο;;1
κακοισ;;1
επικιδνατε;;1
προβαλλουσι;;1
κεχρημενου;;1
τιμων;;1
ανδροβουλου;;1
λαβουσι;;1
χρησον;;1
αιδεσθεισ;;1
απιμεν;;1
τελευτησωμεν;;1
παλλασ;;1
ολυμπιον;;1
εξιλασασθαι;;1
λισσομενη;;1
λογοισ;;1
μητιδι;;1
πυκνηι;;1
αδαμαντι;;1
πελασσασ;;1
κευθμων;;1
ζαθεοιο;;1
τριτογενει;;1
τελεθειν;;1
ονησει;;1
ιπποσυνην;;1
υποχωρειν;;1
καντιοσ;;1
ηπιωτερα;;1
συνεστηκυιαι;;1
ρηχωι;;1
επεφρακτο;;1
συνεβαλλοντο;;1
απεντασ;;1
εσφαλλε;;1
συνεχεοντο;;1
χρησμολογοι;;1
παρασκευασαμενουσ;;1
χρησμολογουσ;;1
εοντωσ;;1
χρησθηναι;;1
σχετλιη;;1
αμφ;;1
ναυμαχησοντασ;;1
ξυλινου;;1
αποφαινομενου;;1
χρησμολογων;;1
αρτεεσθαι;;1
οικιζειν;;1
λαυρειου;;1
λαξεσθαι;;1
ορχηδον;;1
δραχμασ;;1
διαιρεσιοσ;;1
παυσαμενουσ;;1
συστασ;;1
αναγκασασ;;1
θαλασσιουσ;;1
εχρησθησαν;;1
προποιηθεισαι;;1
υπηρχον;;1
προσναυπηγεεσθαι;;1
διδοντων;;1
καταλλασσεσθαι;;1
εγκεχειρημενοι;;1
συνθησομενουσ;;1
δεινομενεοσ;;1
κελευσοντασ;;1
πρησσοιεν;;1
επαιστοι;;1
βασανισθεντεσ;;1
απηγοντο;;1
κατεκεκριτο;;1
καταλαβωσι;;1
περιαγοντασ;;1
επιδεικνυσθαι;;1
θηευμενοι;;1
νοστησαντων;;1
δεησειν;;1
στρατηλατεοντασ;;1
σιταγωγα;;1
διεκπλεοντα;;1
κομιζομενα;;1
εσβλεποντεσ;;1
παραγγελεει;;1
πλεοιεν;;1
πλεομεν;;1
σιτωι;;1
αδικεουσι;;1
παρακομιζοντεσ;;1
συνωμοται;;1
αποπεμψιν;;1
εγειρομενα;;1
παραλαμβανοντεσ;;1
εχθρε;;1
περικτιονεσσι;;1
φιλ;;1
αθανατοισι;;1
εισω;;1
προβολαιον;;1
πεφυλαγμενοσ;;1
ησο;;1
πεφυλαξο;;1
καρη;;1
σαωσει;;1
σπεισαμενοι;;1
απαγορευοντοσ;;1
τριηκοντοετιδασ;;1
ανδρωθεωσι;;1
καταλαβηι;;1
πταισμα;;1
ανοισειν;;1
εντεταλθαι;;1
κωλυειν;;1
ανασχεσθαι;;1
πλεονεξιην;;1
υπειξαι;;1
νομιζομεν;;1
γεγοναμεν;;1
ανδρομεδησ;;1
υμετεροι;;1
προγονουσ;;1
εκστρατευεσθαι;;1
τιμωρεοντασ;;1
κατησθαι;;1
αξω;;1
επαγγελλομενουσ;;1
μεταδωσουσι;;1
μεμνονιοισι;;1
εμμενει;;1
συνεκερασαντο;;1
εμμενειν;;1
φιλιωτερην;;1
φιλιησ;;1
συνενεικαιεν;;1
αλλαξασθαι;;1
πλησιοισι;;1
εγκυψαντεσ;;1
ασπασιωσ;;1
αποφεροιατο;;1
αισχιστα;;1
πανταπασιν;;1
εστηκεε;;1
λυπησ;;1
συμμειξοντεσ;;1
προγονοσ;;1
οικητωρ;;1
γεληι;;1
τηλου;;1
τριοπιωι;;1
κτιζομενησ;;1
λινδιων;;1
ροδου;;1
αντιφημου;;1
ελειφθη;;1
διετελεον;;1
μακτωριον;;1
τηλινησ;;1
γελην;;1
τηλινην;;1
απαντοσ;;1
θηλυδριησ;;1
μαλακωτεροσ;;1
πανταρεοσ;;1
σαβυλλου;;1
γελωιου;;1
αναλαμβανει;;1
ιροφαντεω;;1
παταικου;;1
πολιορκεοντοσ;;1
καλλιπολιτασ;;1
λεοντινουσ;;1
πολεμοισι;;1
λαμπροτατοσ;;1
συρηκουσεων;;1
ελωρωι;;1
καμαριναν;;1
καμαρινα;;1
τυραννευσαντα;;1
υβληι;;1
σικελουσ;;1
ευκλειδηι;;1
κατηκοων;;1
αποστερησασ;;1
γαμορουσ;;1
κυλλυριων;;1
καταγαγων;;1
κασμενησ;;1
επικρατεων;;1
ιερωνι;;1
συρηκουσαι;;1
εβλαστον;;1
καμαριναιουσ;;1
καμαρινησ;;1
κατεσκαψε;;1
καμαριναιοισι;;1
προσεχωρησαν;;1
παχεασ;;1
αραμενουσ;;1
προσδοκωντασ;;1
προσδεκομενον;;1
απεδοτο;;1
ευβοεασ;;1
διακρινασ;;1
συνοικημα;;1
αχαριτωτατον;;1
παραλαμψομενουσ;;1
πυνθανεαι;;1
επαγων;;1
ηωιον;;1
στρατηλατησειν;;1
ελευθερουσι;;1
καταπροδιδωσι;;1
υγιαινον;;1
ελπισηισ;;1
τιμωρεεισ;;1
βουλευθεντι;;1
επιγινεσθαι;;1
ενεκειτο;;1
πλεονεκτην;;1
ετολμησατε;;1
παρακαλεοντεσ;;1
βαρβαρικου;;1
συνεπαψασθαι;;1
επισκηπτοντοσ;;1
εκπρηξασθαι;;1
υποτεινοντοσ;;1
συνελευθερουν;;1
ωφελιαι;;1
επαυρεσιεσ;;1
ηλθετε;;1
βοηθησοντεσ;;1
εκπρηξομενοι;;1
περιεληλυθε;;1
μνηστισ;;1
ατιμιησ;;1
ομοιωσομαι;;1
δισχιλιην;;1
σφενδονητασ;;1
ιπποδρομουσ;;1
ψιλουσ;;1
διαπολεμησωμεν;;1
εσομαι;;1
ελθοιμι;;1
πεμψαιμι;;1
μεγ;;1
οιμωξειε;;1
πελοπιδησ;;1
αγαμεμνων;;1
απαραιρησθαι;;1
μνησθηισ;;1
αρξομενοσ;;1
δικαιοισ;;1
απεστραμμενουσ;;1
συαγρου;;1
σπαρτιητα;;1
ονειδεα;;1
κατιοντα;;1
επαναγειν;;1
υβρισματα;;1
επεισασ;;1
ασχημονα;;1
αμοιβηι;;1
πολλαπλησιησ;;1
προσαντησ;;1
υπειξομεν;;1
ηγεοισθε;;1
αρεσκεσθαι;;1
προετεινετο;;1
δεομενη;;1
πεμψεισ;;1
ηγεο;;1
προφαινεισ;;1
στρατηγησεισ;;1
γλιχεαι;;1
εδεο;;1
εξηρκεε;;1
απολογεομενοσ;;1
δεαι;;1
επησομεν;;1
αντιτεινομεν;;1
ναυαρχεειν;;1
παραλον;;1
συρηκοσιοισι;;1
συγχωρησομεν;;1
μετανασται;;1
εποποιοσ;;1
διακοσμησαι;;1
υπιεντεσ;;1
εθελετε;;1
φθανοιτε;;1
αγγελλοντεσ;;1
εξαραιρηται;;1
στερισκομενην;;1
εικαζε;;1
εξαραιρημενον;;1
χρηματισαμενοι;;1
ημελησε;;1
διαβεβηκοτα;;1
κωιον;;1
καραδοκησοντα;;1
νικαι;;1
βεβηκυιαν;;1
δεινου;;1
κωιοισι;;1
καταθεισ;;1
κατοικησε;;1
μεσσηνην;;1
μεταβαλουσαν;;1
δικαιοισι;;1
εργασμενοισι;;1
επετραπετο;;1
κατασχεσθαι;;1
εβοηθησε;;1
θηρωνοσ;;1
ακραγαντινων;;1
κρινιππου;;1
ιβηρων;;1
ελισυκων;;1
σαρδονιων;;1
κυρνιων;;1
αννωνοσ;;1
πενθερωι;;1
τηριλλου;;1
θυγα;;1
τερα;;1
κυδιππη;;1
θηρωνα;;1
συρηκοσιον;;1
διζημενον;;1
δειλησ;;1
οψιησ;;1
συστασιν;;1
αμιλκασ;;1
εκαλλιερεετο;;1
σωματα;;1
καταγιζων;;1
επισπενδων;;1
κατακαυθεντα;;1
αφανισθεντι;;1
συρη;;1
συρητουτο;;1
μνηματα;;1
ποσηισι;;1
αποικιδων;;1
καρχηδονι;;1
υπισχοντο;;1
αμυνεειν;;1
φραζοντεσ;;1
περιοπτεη;;1
απολλυμενη;;1
σφαληι;;1
δουλευσουσι;;1
τιμωρητεον;;1
ευπροσωπα;;1
πυλον;;1
καραδοκεοντεσ;;1
αελπτεοντεσ;;1
κατακρατησαντα;;1
παραλαμβανοντων;;1
παρασχοντεσ;;1
ηθελησαμεν;;1
αντιουσθαι;;1
αποθυμιον;;1
σκηψισ;;1
αιτιωμενων;;1
πληρωσαι;;1
υπερβαλειν;;1
κακοτητι;;1
διεκρουσαντο;;1
τιμωρεουσι;;1
νηπιοι;;1
επιμεμφεσθε;;1
τιμωρηματων;;1
μηνιων;;1
δακρυματα;;1
συνεξεπρηξαντο;;1
καμικωι;;1
αρπασθεισαν;;1
τιμωριησ;;1
δαιδαλου;;1
βιαιωι;;1
εποτρυναντοσ;;1
πολιχνιτεων;;1
πραισιων;;1
πολιορκεειν;;1
καμικον;;1
ακραγαντινοι;;1
ποντασ;;1
πλεοντασ;;1
συναραχθεντων;;1
υριην;;1
μεταβαλοντασ;;1
ιηπυγασ;;1
μεσσαπιουσ;;1
υριησ;;1
οικισαι;;1
ταραντινοι;;1
εξανισταντεσ;;1
ελληνικοσ;;1
ρηγινων;;1
μικυθου;;1
μικυθοσ;;1
οικησασ;;1
ρηγινουσ;;1
παρενθηκη;;1
πραισιοι;;1
εσοικιζεσθαι;;1
τρωικα;;1
φλαυροτατουσ;;1
απονοστησασι;;1
λοιμον;;1
ερημωθεισησ;;1
υπολοιπων;;1
τριτουσ;;1
υπομνησασα;;1
αλισμενοι;;1
προβουλοι;;1
φρονεουσεων;;1
ολυμπικην;;1
συμπασα;;1
συμφυλασσειν;;1
προκατημενουσ;;1
φυλαξοντα;;1
τεμπεα;;1
πηνειον;;1
οσσησ;;1
ευαινετοσ;;1
καρηνου;;1
πολεμαρχων;;1
καταπατηθηναι;;1
σημαινοντεσ;;1
συμβου;;1
λευειν;;1
πειθον;;1
περραιβων;;1
νεσ;;1
στρατηιη;;1
ενδοιαστωσ;;1
χρησιμωτατοι;;1
χωροισι;;1
νικωσα;;1
στεινοτερη;;1
αγχοτερη;;1
αρτε;;1
μισιον;;1
θρηικιου;;1
στεινοτατη;;1
ημιπλεθρον;;1
αλπηνουσ;;1
ανθηλησ;;1
αποκρημνον;;1
ανατεινον;;1
οιτην;;1
θερμα;;1
λουτρα;;1
χυτρουσ;;1
εσβολασ;;1
οικησοντεσ;;1
πειρωμενων;;1
προεφυλαξαντο;;1
χαραδρωθειη;;1
ορθωσασι;;1
αλπηνοι;;1
επισιτιεισθαι;;1
ελογιζοντο;;1
επιτηδεοι;;1
προσκεψαμενοι;;1
επιλογισθεντεσ;;1
πιεριηι;;1
εξηγγειλαν;;1
καταρρωδεουσι;;1
κατεθεντο;;1
θυιηι;;1
κηφισου;;1
θυιησ;;1
προφυλασσουσαι;;1
τροιζηνιη;;1
προιδοντεσ;;1
ωρμησαν;;1
τροιζηνιην;;1
πρηξινοσ;;1
καλλιστευοντα;;1
εσφαξαν;;1
διαδεξιον;;1
σφαγιασθεντι;;1
επαυροιτο;;1
ασωνιδησ;;1
επιβατευοντοσ;;1
κατεκρεοργηθη;;1
εμπνοοσ;;1
ιωμενοι;;1
κατειλισσοντεσ;;1
περιειπον;;1
φορμοσ;;1
εξοκελλει;;1
σκαφεοσ;;1
επωκειλαν;;1
εκομισθησαν;;1
στρατοπεδευομενοι;;1
πυρσων;;1
μετορμιζοντο;;1
ημεροσκοπουσ;;1
μυρμηκα;;1
παμμων;;1
σκυριοσ;;1
πανημερον;;1
εξανυουσι;;1
χιλιεων;;1
χιλιαδα;;1
λογιζομενοισι;;1
ενειναι;;1
ελαυνοντασ;;1
εξαναχθεν;;1
θεραπηιησ;;1
επομενησ;;1
ενεπλεον;;1
προσλογιστεα;;1
εξηριθμημενωι;;1
δοκησιν;;1
δισμυριοι;;1
εορδοι;;1
χαλκιδικον;;1
παραλιην;;1
προστεθεισαι;;1
μαχιμου;;1
επομενην;;1
σιταγωγοισι;;1
ακατοισι;;1
εξισουμενοι;;1
μαχιμωι;;1
εκπληρουσι;;1
εκατονταδασ;;1
δεκαδασ;;1
συναπαντοσ;;1
σιτοποιων;;1
ατρεκεα;;1
αχθοφορων;;1
μυριασι;;1
χοινικα;;1
μεδιμνων;;1
τελεομενασ;;1
μεδιμνουσ;;1
λογιζομαι;;1
τοσουτεων;;1
αξιονικοτεροσ;;1
προκροσσαι;;1
ευφρονην;;1
ορθρωι;;1
ζεσασησ;;1
απηλιωτησ;;1
ελλησποντιην;;1
ορμου;;1
μεταρσιασ;;1
ιπνουσ;;1
μελιβοιαν;;1
κασθαναιην;;1
εξεβρασσοντο;;1
αφορητον;;1
επικουρον;;1
καλεσασθαι;;1
συμβαλλομενοι;;1
ναυλοχεοντεσ;;1
χαλκιδι;;1
ορμεουσι;;1
βοηθησαντα;;1
ιλισσον;;1
διαφθα;;1
ρηναι;;1
τετρακοσιεων;;1
αμεινοκλει;;1
μαγνητι;;1
γηοχεοντι;;1
ναυηγιη;;1
εκβρασσομενα;;1
αφατα;;1
ευρημασι;;1
λυπεουσα;;1
παιδοφονοσ;;1
ολκαδων;;1
διαφθειρομενων;;1
κεκακωμενοισι;;1
επιθεωνται;;1
καταειδοντεσ;;1
βοηισι;;1
νηρηισι;;1
θυοντεσ;;1
εκοπασε;;1
αρπασθειη;;1
πηλεοσ;;1
σηπιασ;;1
προχεαντεσ;;1
εναυλοχεον;;1
σωτηροσ;;1
εστρωτο;;1
ιθεαν;;1
παγασεων;;1
συνεταιρων;;1
κωασ;;1
υδρευσαμενοι;;1
αφησειν;;1
αφεται;;1
υσταται;;1
εξαναχθεισαι;;1
κατειδον;;1
κυμησ;;1
αιολιδοσ;;1
θαμασιου;;1
αμαρτηματων;;1
αριδωλισ;;1
αλαβανδων;;1
παφιοσ;;1
πενθυλοσ;;1
δημονοου;;1
παφου;;1
περιγενομενηι;;1
καταπλεων;;1
εξιστορησαντεσ;;1
σανδωκεα;;1
πορευθεισ;;1
εσβεβληκωσ;;1
θεσσαλικησ;;1
θεσ;;1
σαλιηι;;1
ονοχωνοσ;;1
ρεοντων;;1
ηπιδανοσ;;1
κατηγεμονεσ;;1
λαφυστιου;;1
αθαμασ;;1
φριξωι;;1
ινοι;;1
αεθλουσ;;1
ληιτου;;1
ληιτον;;1
εσελθηι;;1
εξεισι;;1
κατελθοντεσ;;1
αλισκωνται;;1
εξηγεοντο;;1
πυκασθεισ;;1
εξαχθεισ;;1
κυτισσωρου;;1
φριξου;;1
καθαρμον;;1
αθαμαντα;;1
κυτισσωροσ;;1
αιησ;;1
επιγενομενοισι;;1
εσεβετο;;1
πεδινοσ;;1
τρηχινιαι;;1
πετραι;;1
αντικυρη;;1
σπερχειοσ;;1
ενιηνων;;1
δυρασ;;1
βοηθεοντα;;1
α;;1
δισμυρια;;1
τρηχινιην;;1
διασφαξ;;1
δεδμηται;;1
ανθηλη;;1
αμφικτυονιδοσ;;1
εδραι;;1
αμφικτυονοσ;;1
τρηχινιηι;;1
διοδωι;;1
θερμοπυλαι;;1
μεσαμ;;1
βριην;;1
υπομενοντεσ;;1
ημισεεσ;;1
ορχομενου;;1
φλειουντοσ;;1
επτακοσιοι;;1
προσδοκιμοι;;1
φρουρεομενη;;1
συνεμιχθη;;1
επελαυνοντα;;1
δοξησ;;1
τρηχινα;;1
ηγεομενοσ;;1
ευρυκρατιδεω;;1
αναξανδρου;;1
ευρυκρατεοσ;;1
πολυδωρου;;1
αλκαμενεοσ;;1
τηλεκλου;;1
αρχελεω;;1
δορυσσου;;1
εχεστρατου;;1
ηγιοσ;;1
απεληλατο;;1
φροντιδοσ;;1
απαιδοσ;;1
κατεστεωτων;;1
ευρυμαχου;;1
κατηγορητο;;1
παρεκαλεε;;1
συμπεμψουσι;;1
απερεουσι;;1
μηδισωσι;;1
πυνθανωνται;;1
υπερβαλλομενουσ;;1
ορτασαντεσ;;1
ενενωντο;;1
ολυμπιασ;;1
συμπεσουσα;;1
διακριθησεσθαι;;1
διενενωντο;;1
εσβολησ;;1
λοκρων;;1
περισπερχθεντων;;1
εψηφιζετο;;1
επιβοηθεειν;;1
αλεξασθαι;;1
ακηκοεε;;1
αλισμενη;;1
ολιγη;;1
προσηλασε;;1
ανορθωσαντεσ;;1
γυμναζομενουσ;;1
κομασ;;1
κτενιζομενουσ;;1
θεωμενοσ;;1
αλογιησ;;1
γελοια;;1
ηκουσασ;;1
ορμωμεν;;1
εκβησομενα;;1
ασκεειν;;1
ακουσον;;1
απικαται;;1
μαχησομενοι;;1
παρασκευαζονται;;1
υπομενον;;1
υπομενεει;;1
ανταειρομενον;;1
προσφερεαι;;1
απιστα;;1
ψευστηι;;1
αποδρησεσθαι;;1
αναιδειηι;;1
κισσιουσ;;1
ζωγρησαντασ;;1
επεσηισαν;;1
προσπταιοντεσ;;1
περιειποντο;;1
υπεξηισαν;;1
εκδεξαμενοι;;1
κατεργασομενοι;;1
στεινοπορωι;;1
βραχυτεροισι;;1
εντρεψειαν;;1
καταλαμβανομενοι;;1
μεταστρεφομενοι;;1
παντοιωσ;;1
απη;;1
λαυνον;;1
προσοδοισι;;1
αναδραμειν;;1
κατατετρωματισθαι;;1
αλλοιοτερον;;1
ευρυδημου;;1
φυγοντι;;1
πυλαγορων;;1
πυλαιην;;1
επεκηρυχθη;;1
αντικυρην;;1
αθηναδεω;;1
τρηχινιου;;1
αθηναδησ;;1
φαναγορεω;;1
καρυστιοσ;;1
κορυδαλλοσ;;1
ειπαντεσ;;1
περιηγησαμενοι;;1
πυλαγοροι;;1
επεκηρυξαν;;1
ονητηι;;1
κορυδαλλωι;;1
τρηχινιωι;;1
ατρεκεστατον;;1
ειδειη;;1
ωμιληκωσ;;1
περιηγησαμενοσ;;1
λυχνων;;1
αφασ;;1
κατηγησαντο;;1
τοσουδε;;1
κατεδεδεκτο;;1
μηλιευσι;;1
ατραποσ;;1
ατραπωι;;1
ραχιν;;1
αλπηνον;;1
λοκριδων;;1
μελαμπυγου;;1
κερκωπων;;1
εδρασ;;1
οιταιων;;1
ακρωτηριωι;;1
ρυομενοι;;1
φρουρεοντεσ;;1
δρυων;;1
επιπλεον;;1
νηνεμιη;;1
ψοφου;;1
φυλλων;;1
υποκεχυμενων;;1
ενεδυνον;;1
ενδυομενουσ;;1
ελπομενοι;;1
ενεκυρησαν;;1
εβαλλοντο;;1
τοξευμασι;;1
πυκνοισι;;1
κορυμβον;;1
ορμηθησαν;;1
μεγιστιησ;;1
εσιδων;;1
ηοι;;1
τριτοι;;1
διαφαινουσησ;;1
εσχιζοντο;;1
ευπρεπεωσ;;1
ηισθετο;;1
απροθυμουσ;;1
εθελοντασ;;1
συνδιακινδυνευειν;;1
μενοντι;;1
ελειπετο;;1
εξηλειφετο;;1
εξαμετροισι;;1
ευρυχοροιο;;1
ερικυδεσ;;1
περσειδηισι;;1
περθεται;;1
ουχι;;1
αφ;;1
ηρακλεουσ;;1
γενεθλησ;;1
πενθησει;;1
βασιλη;;1
φθιμενον;;1
σχησει;;1
λεοντων;;1
αντιβιην;;1
ζηνοσ;;1
ε;;1
σχησεσθαι;;1
δασηται;;1
επιλεγομενον;;1
ακοσμωσ;;1
μεγιστιην;;1
ακαρνηνα;;1
μελαμποδοσ;;1
αποπεμπων;;1
συναποληται;;1
αποπεμπομενοσ;;1
αποπεμπομενοι;;1
απαλλαξεσθαι;;1
συναπεθανον;;1
δημοφιλοσ;;1
διαδρομεω;;1
ανατειλαντοσ;;1
πληθωρην;;1
επεσταλτο;;1
επιαλτεω;;1
συντομωτερη;;1
βραχυτεροσ;;1
επεξηισαν;;1
ευρυτερον;;1
στεινοπορα;;1
στεινων;;1
ερραπιζον;;1
εποτρυνοντεσ;;1
κατεπατεοντο;;1
ζωοι;;1
απολλυμενου;;1
περιιοντων;;1
βαρβα;;1
ρουσ;;1
ατεοντεσ;;1
κατεηγοτα;;1
ξιφεσι;;1
αβροκομησ;;1
υπερανθησ;;1
αρτανεω;;1
φραταγουνησ;;1
τεκνου;;1
υπεξειρυσαν;;1
ετρεψαντο;;1
ανεχωρεον;;1
παραμειψαμενοι;;1
κατεχωσαν;;1
περισταδον;;1
διηνεκησ;;1
απιωσι;;1
τοξευματα;;1
οιστων;;1
αποκρυπτουσι;;1
τρηχινιοσ;;1
αγγελλοι;;1
αποκρυπτοντων;;1
σκιηι;;1
εσοιτο;;1
τοιουτοτροπα;;1
διηνεκεα;;1
αριστευσαι;;1
αλφεοσ;;1
ορσιφαντου;;1
ευδοκιμεε;;1
διθυραμβοσ;;1
αρματιδεω;;1
θαφθεισι;;1
τελευτησασι;;1
μυριασιν;;1
ταιδε;;1
τριακοσιαισ;;1
πελοποννασου;;1
τετορεσ;;1
ξειν;;1
λακεδαιμονιοισ;;1
κειμεθα;;1
τοισ;;1
ρημασι;;1
μνημα;;1
κλεινοιο;;1
μεγιστια;;1
σπερχειον;;1
κτειναν;;1
αμειψαμενοι;;1
κηρασ;;1
επερχομενασ;;1
σαφα;;1
ετλη;;1
προλιπειν;;1
επιγραμμασι;;1
αμφικτυονεσ;;1
επικοσμησαντεσ;;1
μεγιστιεω;;1
σιμωνιδησ;;1
μεμετιμενοι;;1
κατεκεατο;;1
αλπηνοισι;;1
οφθαλμιωντεσ;;1
ομοφρονεειν;;1
αιτησαντα;;1
ειλωτα;;1
αγαγοντα;;1
εσπεσοντα;;1
λιποψυχεοντα;;1
εχομενου;;1
εθελησαντοσ;;1
μηνισαι;;1
υπομειναντα;;1
συναγγε;;1
πασχων;;1
εναυε;;1
τρεσασ;;1
ανελαβε;;1
επενειχθεισαν;;1
αποπεμφθεντα;;1
παντιτην;;1
απαγξασθαι;;1
κατυπερτερα;;1
επειγομενων;;1
προετεινον;;1
αληθεστατον;;1
μηδιζουσι;;1
ευτυχησαν;;1
προσιοντασ;;1
εστιξαν;;1
λεοντιαδεω;;1
ευρυμαχον;;1
σχοντα;;1
ενθενδε;;1
τεκμαιρομαι;;1
ειδησεισ;;1
σπαρτη;;1
οκτακισχιλιων;;1
μαχεσαμενοισι;;1
επικρατησομεν;;1
συμβουλευεαι;;1
αποστειλειασ;;1
λακαιναν;;1
επικειμενη;;1
κυθηρα;;1
καταδεδυκεναι;;1
υπερεχειν;;1
προσδοκων;;1
εξηγεομαι;;1
φοβεοντων;;1
παροικου;;1
οικηιου;;1
αλισκομενησ;;1
βοηθεωσι;;1
καταδουλωθεισησ;;1
συνομοσαντων;;1
ισχυροτερασ;;1
προσχωρησουσι;;1
αναγνωσθηι;;1
ενδεκομενον;;1
χαιρουσι;;1
φθονεουσι;;1
στυγεουσι;;1
παρεουσηισι;;1
νεναυηγηκασι;;1
αποπεμψεισ;;1
αντιπαλοι;;1
δυσμεταχειριστοσ;;1
αρηξει;;1
διασπασεισ;;1
χρησιμοσ;;1
φροντιζειν;;1
ακεονται;;1
αχαιμενεσ;;1
ελπεται;;1
εσσουται;;1
κεινο;;1
ενδεξομαι;;1
ευνοεει;;1
σταθμωμενοσ;;1
πολιητηι;;1
δυσμενησ;;1
αστου;;1
υποθεοιτο;;1
ανηκοι;;1
σπανιοι;;1
ευμενεστατον;;1
συμβουλευσειε;;1
κακολογιησ;;1
αποταμοντασ;;1
ανασταυρωσαι;;1
παρενομησε;;1
εξελιπε;;1
στελλοιτο;;1
θωμασιωι;;1
συμμαχεται;;1
εικαζειν;;1
ευνοιηι;;1
καταχαιρων;;1
εξαγγειλαι;;1
επικινδυνον;;1
λαμφθειη;;1
διπτυχον;;1
εξεκνησε;;1
δελτιου;;1
εγραψε;;1
επετηξε;;1
παρεχοι;;1
οδοφυλακων;;1
επιφρασθεισα;;1
εκκναν;;1
επεστειλαν;;1
ουρανια;;1
συνεπληρουν;;1
συλλεχθεισεων;;1
ηγεμονευηι;;1
λυσειν;;1
αντιβαντων;;1
στασιασουσι;;1
εμφυλοσ;;1
ομοφρονεοντοσ;;1
απειλοντο;;1
καταχθεισασ;;1
απεβαινε;;1
βουλευομενουσ;;1
προσμειναι;;1
υπεκθεωνται;;1
ποιησονται;;1
μεταδιδοι;;1
ανεπεπειστο;;1
ησπαιρε;;1
παραμενεειν;;1
επομοσασ;;1
απολειψεισ;;1
πεμψειε;;1
αναπεπεισμενοι;;1
ευβοευσι;;1
εκεχαριστο;;1
εκερδηνε;;1
μεταλαβοντεσ;;1
πρωιην;;1
ναυλοχεειν;;1
ελοιεν;;1
αντιησ;;1
ορμησειαν;;1
πυρφορον;;1
περιγε;;1
νεσθαι;;1
εμηχανεοντο;;1
αποκριναντεσ;;1
περιπλεουσαι;;1
καφηρεα;;1
γεραιστον;;1
απεπεμπον;;1
ταχθεισασ;;1
συνθημα;;1
σκιωναιοσ;;1
δυτησ;;1
ναυηγιηι;;1
αυτομολησειν;;1
αφετεων;;1
δυσ;;1
ανεσχε;;1
ικελα;;1
μετεξετερα;;1
αποδεδεχθω;;1
περιπεμφθεισασ;;1
μειναντασ;;1
αυλισθεντασ;;1
παρεντασ;;1
περιπλεουσηισι;;1
επεπλεε;;1
οψιην;;1
αποπειραν;;1
διεκπλοου;;1
πολλαπλησιασ;;1
περιεχομενουσ;;1
απονοστησει;;1
λαμψεται;;1
αντιπρωιροι;;1
πρυμνασ;;1
σημηναντοσ;;1
φιλαονα;;1
λυκομηδησ;;1
αισχραιου;;1
αριστηιον;;1
ετεραλκεωσ;;1
αγωνιζομενουσ;;1
αγωνισαμενοι;;1
αντιδωροσ;;1
λημνιοσ;;1
αυτομολεει;;1
πηλιου;;1
εξεφορεοντο;;1
ειλεοντο;;1
κωπεων;;1
ακουοντεσ;;1
κατιστεατο;;1
αναπνευσαι;;1
ναυηγιησ;;1
λαβροσ;;1
ορμημενα;;1
ταχθεισι;;1
αγριωτερη;;1
φερομενοισι;;1
επεπιπτε;;1
εξεπιπτον;;1
εξισωθειη;;1
ελληνικωι;;1
ασμενοισι;;1
αττικαι;;1
επερρωσαν;;1
απικομεναι;;1
διεφθαρμενοι;;1
κιλισσηισι;;1
ανεμειναν;;1
ναυμαχιασ;;1
πεζομαχιασ;;1
παρεκελευοντο;;1
παρησουσι;;1
κρατησουσι;;1
μηνοειδεσ;;1
επιπτε;;1
περιπιπτουσεων;;1
τρεπεσθαι;;1
αγωνιζομενοι;;1
κλεινιησ;;1
αλκιβιαδεω;;1
οικηιην;;1
απηλλαχθησαν;;1
περιεφθεντεσ;;1
ημισεαι;;1
τετρωμεναι;;1
απορραγειη;;1
φυλον;;1
ελαυνοντων;;1
ευβοεων;;1
παλαμην;;1
ελπιζοι;;1
αποστησειν;;1
καταθυειν;;1
ανακαιειν;;1
κομιδησ;;1
ανακαυσαμενοι;;1
παραχρησαμενοι;;1
βακιδοσ;;1
περιπετεα;;1
φραζεο;;1
βαρβαροφωνοσ;;1
βαλληι;;1
βυβλινον;;1
πολυμηκαδασ;;1
προσδοκιμοισι;;1
πολυασ;;1
κατηρεσ;;1
παλησειε;;1
λυσικλεοσ;;1
τριηκοντερωι;;1
αναβολασ;;1
αποχωρησιν;;1
υστατοι;;1
ποτιμα;;1
ενταμνων;;1
καταδουλουμενοι;;1
εζεσθε;;1
μηδετερον;;1
κατεζευχθε;;1
εθελοκακεετε;;1
γεγονατε;;1
εγραφε;;1
μεταβαλειν;;1
διαβληθηι;;1
ναυμαχιεων;;1
αποσχηι;;1
ενεγραψε;;1
ιστιαιευσ;;1
αγγελλοντα;;1
ταχεασ;;1
προκατοψομενασ;;1
σκιδναμενωι;;1
ιστιαιεων;;1
ελλοπιησ;;1
ετοιμασαμενοσ;;1
προετοιμασατο;;1
υπολιπομενοσ;;1
ταφρουσ;;1
ορυξαμενοσ;;1
φυλλαδα;;1
επαμησαμενοσ;;1
παραδιδωσι;;1
εκλιποντα;;1
μαχεται;;1
ανοητουσ;;1
επαγγειλαμενου;;1
σπανιωτερον;;1
διαπεραιωθεντεσ;;1
θεσπιεασ;;1
διαβεβηκοτασ;;1
γελοιον;;1
συγκεκομισμενοι;;1
θεην;;1
ενεργοι;;1
θεωρεοιεν;;1
αγωνιζονται;;1
γενναιοτατην;;1
ωφλε;;1
σιγων;;1
παπαι;;1
κοιουσ;;1
ηγαγεσ;;1
μαχησομενουσ;;1
ενεχοντεσ;;1
υστατου;;1
τελλιην;;1
τελλιησ;;1
σοφιζεται;;1
γυψωσασ;;1
λευκανθιζοντα;;1
ιδουσαι;;1
εφοβηθησαν;;1
δοξασαι;;1
συνεστεωτεσ;;1
αβηισι;;1
πολιορκεοντα;;1
εσβαλλουσαν;;1
ελυμηναντο;;1
ορυξαντεσ;;1
κατεθηκαν;;1
επιφορησαντεσ;;1
ομοιωσαντεσ;;1
γνωσιμαχεετε;;1
εφερομεθα;;1
ηνδραποδισθαι;;1
μνησικακεομεν;;1
γενεσθω;;1
υποδεκο;;1
μεθα;;1
κεχολωμενοι;;1
φωκευσι;;1
τρηχινιησ;;1
ποδεων;;1
κατατεινει;;1
δρυοπισ;;1
επιτηδεη;;1
κορυφη;;1
τιθορεα;;1
οζολασ;;1
κρισαιου;;1
επεφλεγον;;1
ενιεντεσ;;1
κηφισον;;1
εκαυσαν;;1
δρυμον;;1
ερωχον;;1
τεθρωνιον;;1
αμφικαιαν;;1
πεδιεασ;;1
τριτεασ;;1
ελατειαν;;1
πλουσιον;;1
παραμειβομενοι;;1
πανοπεασ;;1
διακρινομενη;;1
εσχιζετο;;1
ορχομενιων;;1
εμηδιζε;;1
απεργοντεσ;;1
εσιναμωρεον;;1
πανοπεων;;1
δαυλιων;;1
λιλαιεων;;1
αποδεξαιεν;;1
λιστα;;1
κατεστεωτεσ;;1
εμαντευοντο;;1
κατορυξωσι;;1
εκκομισωσι;;1
διεπεμψαν;;1
κωρυκιον;;1
λοκριδα;;1
υπεξηλθον;;1
απωρων;;1
προφητησ;;1
ακηρατοσ;;1
εξενηνειγμενα;;1
επιγινεται;;1
τερεα;;1
τερεοσ;;1
φασματων;;1
ενεπιπτον;;1
απορραγεισαι;;1
κορυ;;1
φαι;;1
βοη;;1
αλαλαγμοσ;;1
συμμιγεντων;;1
ενεπεπτωκεε;;1
επικαταβαντεσ;;1
κτεινοντασ;;1
ηρωασ;;1
αυτονοον;;1
αυτονοου;;1
κασταλιησ;;1
υαμπειηι;;1
κορυφηι;;1
πεσοντεσ;;1
ενεσκηψαν;;1
υπεξαγαγωνται;;1
εψευσμενοι;;1
υποκατημενουσ;;1
τειχεοντασ;;1
τροιζηνα;;1
υπεκθεσθαι;;1
φυλακα;;1
ενδιαιτασθαι;;1
προτιθεντεσ;;1
αναισιμουμενη;;1
αψαυστοσ;;1
σημηνασησ;;1
ιρηιησ;;1
απολελοιπυιησ;;1
συνερρεε;;1
τροιζηνοσ;;1
ερινεου;;1
πινδου;;1
συνεναυμαχησαν;;1
αποβαντεσ;;1
περαιην;;1
εκκομιδην;;1
σωιζοντεσ;;1
ελειφθησαν;;1
κραναοι;;1
επεκληθησαν;;1
κεκροπιδαι;;1
εκδεξαμενου;;1
μετωνομασθησαν;;1
στραταρχεω;;1
αμπρακιωται;;1
επεβοηθησαν;;1
λευκαδιοι;;1
πεπληρω;;1
μεναι;;1
οινωνη;;1
δημοκριτου;;1
σπευσαντοσ;;1
τριηραρχεοντοσ;;1
κυθνιοι;;1
αχεροντοσ;;1
θεσπρωτοι;;1
ομουρεοντεσ;;1
αμπρακιωτηισι;;1
λευκαδιοισι;;1
εσχατεων;;1
πυθιονικησ;;1
φαυλλοσ;;1
προθεντοσ;;1
απειτο;;1
πλωσαντασ;;1
νικηθεωσι;;1
επιφανησεται;;1
εξοισονται;;1
πυρπολεεσθαι;;1
εδηιου;;1
θεσπειαν;;1
πλαταιαν;;1
διατριψαντεσ;;1
καλλιαδεω;;1
ταμιασ;;1
πενητασ;;1
φραξαμενοι;;1
εκχωρησαντεσ;;1
αναλωτον;;1
παγον;;1
στυππειον;;1
περιθεντεσ;;1
αψειαν;;1
φραγμα;;1
φραγματοσ;;1
προδεδωκοτοσ;;1
ομολογιησ;;1
αντεμηχανωντο;;1
προσιοντων;;1
ολοιτροχουσ;;1
ενεχε;;1
σθαι;;1
απορων;;1
ηλπισε;;1
αναβαιη;;1
αγλαυρου;;1
αποκρημνου;;1
ερριπτεον;;1
κατεφευγον;;1
αρταβανωι;;1
ευπρηξιην;;1
πεμψιοσ;;1
φυγα;;1
θυσαι;;1
εμπρησαντι;;1
γηγενεοσ;;1
ερισαντασ;;1
εμπρησθηναι;;1
εμπρησιοσ;;1
στελεχεοσ;;1
αναδεδραμηκοτα;;1
κυρωθηναι;;1
αειροντο;;1
αποπλευσομενοι;;1
εκυρωθη;;1
μνησιφιλοσ;;1
βεβουλευμενον;;1
δεδογμενον;;1
δυνησεται;;1
διασκεδασθηναι;;1
αβουλιηισι;;1
διαχεαι;;1
δυνηι;;1
αναγνωσαι;;1
υποθηκη;;1
εσβαντα;;1
καταλεγει;;1
μνησιφιλου;;1
προστιθεισ;;1
ευρυβιαδεα;;1
συλλεξαι;;1
συνηγαγε;;1
θεμιστοκλεεσ;;1
προεξανισταμενοι;;1
ραπιζονται;;1
απολυομενοσ;;1
εγκαταλειπομενοι;;1
στεφανουνται;;1
κατηγορεειν;;1
σωσαι;;1
πειθηι;;1
αναζευξηισ;;1
αντιθεσ;;1
συμβαλλων;;1
αναπεπταμενωι;;1
συμφορον;;1
βαρυτερασ;;1
απολεεισ;;1
ευτυχησωμεν;;1
κινδυνευσεισ;;1
συμβαλλοντεσ;;1
κρατησομεν;;1
περιγινεται;;1
υπεκκειται;;1
προναυμαχησεισ;;1
φρονεεισ;;1
ελπιζω;;1
νικησωμεν;;1
παρεσονται;;1
προβησονται;;1
απιασι;;1
μεγαροισι;;1
κερδανεομεν;;1
προσχωρεει;;1
πηιασ;;1
επεφερετο;;1
επιψηφιζειν;;1
πεπληρωμεναι;;1
αποκρουσεσθαι;;1
επεστραμμενα;;1
μενεεισ;;1
ανατρεψεισ;;1
κομιευμεθα;;1
σιριν;;1
λογια;;1
κτισθηναι;;1
μεμνησεσθε;;1
αγαγηι;;1
απολιποντων;;1
διαναυμαχεειν;;1
ακροβολισαμενοι;;1
αιαντα;;1
τελαμωνα;;1
αιακον;;1
εκειρετο;;1
θριασιωι;;1
τρισμυριων;;1
μυστικον;;1
ιακχον;;1
αδαημονα;;1
σινοσ;;1
αριδηλα;;1
κατασκηψηι;;1
κορηι;;1
μυειται;;1
ακουεισ;;1
ιακχαζουσι;;1
σιγα;;1
ειπηισ;;1
δυνησομαι;;1
εχ;;1
παραινεειν;;1
κονιορτου;;1
μεταρσιωθεν;;1
μαρτυρων;;1
ετερηισι;;1
εσωτερω;;1
λειφθεντεσ;;1
κυθνωι;;1
εκαραδοκεον;;1
προιζετο;;1
μεταπεμπτοι;;1
ταξιαρχοι;;1
εδεδωκεε;;1
σιδωνιου;;1
κακιστη;;1
αποδεξαμενη;;1
φρονεουσα;;1
φειδεο;;1
ορμηθησ;;1
αντεστησαν;;1
απηλλαξαν;;1
επρεπε;;1
προβαινων;;1
χωρησει;;1
διασκεδαισ;;1
ελαυνηισ;;1
ατρεμιειν;;1
εκειθεν;;1
ηκοντασ;;1
κακωθεισ;;1
προσδηλησηται;;1
αριστωι;;1
πεισομενησ;;1
αγαιομενοι;;1
φθονεοντεσ;;1
τετιμημενησ;;1
ετερποντο;;1
ανακρισι;;1
απολεομενησ;;1
σπουδαιην;;1
αινεε;;1
εθελοκακεειν;;1
παρηγγελθη;;1
αναπλεειν;;1
παρεκριθησαν;;1
εξεχρησε;;1
αφυλακτον;;1
δυνατα;;1
εμεμηχανητο;;1
τετελευτηκεναι;;1
συνδραμοντεσ;;1
σκειρωνιδα;;1
πλινθοι;;1
φορμοι;;1
εσεφορεοντο;;1
ελινυον;;1
υπεραρρωδεοντεσ;;1
παροιχωκεε;;1
αχαιικον;;1
αλλοτριην;;1
αιτωλοι;;1
αιτωλων;;1
ηλισ;;1
δρυοπων;;1
ερμιων;;1
ασινη;;1
καρδαμυληι;;1
λακωνικηι;;1
λημνιων;;1
παρωρεηται;;1
εκδεδωριωνται;;1
παριοντοσ;;1
θυρεηται;;1
θεοντεσ;;1
παραστασ;;1
αβουλιην;;1
εξερραγη;;1
συλλογοσ;;1
εξερχεται;;1
εξελθων;;1
παιδαγωγοσ;;1
θεσπιεα;;1
επεδεκοντο;;1
ομοφρονεουσι;;1
αντιστησονται;;1
οψεσθε;;1
αγγελθεντα;;1
απεβιβασαν;;1
κυκλουμενοι;;1
κεον;;1
κατειχον;;1
μουνιχιησ;;1
πορθμον;;1
εξηι;;1
δοιεν;;1
αγωνισματων;;1
απεβιβαζον;;1
εξοισομενων;;1
περιποιεωσι;;1
διαφθειρωσι;;1
πυνθανοιατο;;1
εναντιοι;;1
αποκοιμη;;1
χρησμοισι;;1
αντιλεγειν;;1
εσβλεψασ;;1
χρυσαορου;;1
γεφυρωσωσι;;1
ειναλιην;;1
ελπιδι;;1
μαινομενηι;;1
λιπαρασ;;1
περσαντεσ;;1
σβεσσει;;1
κρατερον;;1
κορον;;1
μαιμωοντα;;1
δοκευντ;;1
πιεσθαι;;1
συμμιξεται;;1
φοινιξει;;1
τοτ;;1
κρονιδησ;;1
επαγει;;1
ποτνια;;1
αντιλογιασ;;1
τολμεω;;1
περιεκυκλουντο;;1
συνεστηκοτων;;1
εξωστρακισμενοσ;;1
εχθρον;;1
προακηκοεε;;1
σπευδοιεν;;1
οκοτεροσ;;1
εργασεται;;1
αποπλοου;;1
ηγγειλασ;;1
κατιστασθαι;;1
απαγγελλων;;1
αγγειλον;;1
πλασασ;;1
πεισω;;1
σημηνηισ;;1
πειθωνται;;1
επορμεοντασ;;1
αλεξησομενουσ;;1
μετεστηκεε;;1
αμφισβασιη;;1
εσαγγελθεντα;;1
απιστεοντων;;1
αυτομολεουσα;;1
παναιτιοσ;;1
σωσιμενεοσ;;1
ενεγραφησαν;;1
τηνιοι;;1
κατελουσι;;1
αυτομολησασηι;;1
λημνιηι;;1
εξεπληρουτο;;1
κατεδεε;;1
ησσοσι;;1
καταπλεξασ;;1
ανεκρουοντο;;1
ωκελλον;;1
εξαναχθεισ;;1
εμβαλλει;;1
συμπλεκεισησ;;1
απαλλαγηναι;;1
αμεινιηι;;1
αποδημησασαν;;1
αρξασαν;;1
φανεισαν;;1
διακελευσασθαι;;1
ονειδισασαν;;1
δαιμονιοι;;1
κοσου;;1
ανακρουσεσθε;;1
πειραιεα;;1
τριηραρχων;;1
ελοντων;;1
θεομηστωρ;;1
καταστησαντων;;1
ανεγραφη;;1
ευεργεται;;1
οροσαγγαι;;1
εκεραιζετο;;1
διαφθειρομεναι;;1
ναυμαχεοντων;;1
προθυμεομενοσ;;1
ηγωνιζοντο;;1
ευδοκιμησε;;1
εδιωκετο;;1
ποιησασηι;;1
διωκομενη;;1
επιπλεοντοσ;;1
δαμασιθυμου;;1
τυχην;;1
παραπεσουσα;;1
ευτυχιηι;;1
τριηραρχοσ;;1
αυτομολεειν;;1
αμυνειν;;1
εργασαμενην;;1
αγωνιζεται;;1
διαφθαρεισαν;;1
πολεμιην;;1
ευτυχιην;;1
καλυνδικησ;;1
κατηγορον;;1
φραζομενα;;1
απολλυμενοι;;1
διενεον;;1
αποδεξομενοι;;1
σφετερηισι;;1
φευγουσηισι;;1
διεφθαρατο;;1
διεβαλλον;;1
απολοιατο;;1
διαβαλλοντασ;;1
κατεδυετο;;1
επιφερομενη;;1
σαμοθρηικων;;1
ακοντισται;;1
καταδυσασησ;;1
απηραξαν;;1
υπερλυπεομενοσ;;1
διαβαλλωσι;;1
αιγαλεωσ;;1
ανεπυνθανετο;;1
ανεγραφον;;1
τριηραρχον;;1
προσελαβετο;;1
αριαραμνησ;;1
τρεπομενων;;1
εκπλεοντων;;1
πορθμωι;;1
αντισταμενασ;;1
φευγουσασ;;1
διαφυγοιεν;;1
συνεκυρεον;;1
αιγινητεω;;1
εμβαλουσα;;1
σιδωνιηι;;1
προφυλασσουσαν;;1
σκιαθωι;;1
πυθεησ;;1
περιαγουσα;;1
σιδωνιη;;1
πυθεην;;1
εσειδε;;1
στρατηγιδοσ;;1
βωσασ;;1
επεκερτομησε;;1
ονειδιζων;;1
αιγινητησ;;1
ευμενησ;;1
αναγυρασιοσ;;1
επεδιωξε;;1
τριηραρχοισι;;1
παρεκεκελευστο;;1
δραχμαι;;1
περιεγεγονεσαν;;1
υπερδεισαντα;;1
αραμενον;;1
ιδοντασ;;1
στρατηγιδα;;1
φευγουσαν;;1
σκιραδοσ;;1
περιπιπτειν;;1
κελητα;;1
ειδοσι;;1
συμβαλλονται;;1
κελητοσ;;1
αδειμαντε;;1
καταπροδουσ;;1
ηρωντο;;1
απιστεειν;;1
φαινωνται;;1
αποστρεψαντα;;1
οπλιτεων;;1
παρετεταχατο;;1
νησιδι;;1
κατειρυσαντεσ;;1
περιεουσηισι;;1
ζεφυροσ;;1
κωλιαδα;;1
αποπεπλησθαι;;1
μουσαιωι;;1
λυσιστρατωι;;1
αθηναιωι;;1
χρησμολογωι;;1
κωλιαδεσ;;1
ερετμοισι;;1
φρυξουσι;;1
νοησωσι;;1
κινδυνευσηι;;1
επιδηλοσ;;1
διαχουν;;1
φοινικηιουσ;;1
συνεδεε;;1
αρτεετο;;1
ποιησομενοσ;;1
παρεσκευασται;;1
πολεμησειν;;1
εμπειρον;;1
διανοιησ;;1
οσεων;;1
διεστασι;;1
ημερησιην;;1
νιφετοσ;;1
καυμα;;1
εργει;;1
κατανυσαι;;1
δραμων;;1
διεξερχεται;;1
παραδιδομενα;;1
λαμπαδηφοριη;;1
δραμημα;;1
αγγαρηιον;;1
ετερψε;;1
εστορεσαν;;1
εθυμιων;;1
συνεχεε;;1
κατηρειξαντο;;1
υποπτευων;;1
ανακινδυνευσαι;;1
αιωρηθεντα;;1
λυπεο;;1
κατεργασθαι;;1
πειρησεται;;1
ηντιωθησαν;;1
πειρωμεθα;;1
δυσθυμεε;;1
εκδυσισ;;1
απελαυνοντα;;1
καταγελαστουσ;;1
ερεεισ;;1
προσηκει;;1
απελαυνε;;1
απολεξαμενον;;1
επικλητοισι;;1
συμβουλην;;1
νοεουσα;;1
γενοιτ;;1
απολεξαμενοσ;;1
λοιπωι;;1
εωσα;;1
συμβουλευσον;;1
επιτυχω;;1
συνεβουλευετο;;1
συμβουλευομενωι;;1
ειπασαν;;1
καταλιπειν;;1
προχωρησηι;;1
περιηισ;;1
δραμεονται;;1
παθηι;;1
εποιησαο;;1
πυρωσασ;;1
απελαισ;;1
επετυγχανε;;1
καταρρωδηκεε;;1
επαινεσασ;;1
νοθοι;;1
συνειποντο;;1
ερμοτιμον;;1
πηδασεα;;1
πηδασεων;;1
αδικηθεντι;;1
αλοντα;;1
πωλεομενον;;1
ωνεεται;;1
κτησαιτο;;1
επαμμενουσ;;1
επωλεε;;1
τιμιωτεροι;;1
πιστιοσ;;1
ενορχεων;;1
εξεταμε;;1
εδυστυχεε;;1
ορμα;;1
αταρνευσ;;1
ευρισκει;;1
επιγνουσ;;1
οικεηι;;1
υποδεξαμενον;;1
ασμενον;;1
περιελαβε;;1
κτησαμενε;;1
εδοκεεσ;;1
εμηχανω;;1
υπηγαγον;;1
εμασ;;1
αχθεντων;;1
αποταμνειν;;1
απεταμνον;;1
διαλεγειν;;1
πειρωμενον;;1
διαφυλαξουσασ;;1
ανατεινουσι;;1
λεπται;;1
συλλεχθεντεσ;;1
ναυμαχησειν;;1
αλεξησομενοι;;1
οιχωκυιασ;;1
επειδον;;1
επιδιωξαντασ;;1
λυσουσι;;1
εργασαιατο;;1
αναγκασθειη;;1
πειρωιτο;;1
προχωρεειν;;1
διαφθερεεται;;1
επιχειρεοντι;;1
εχομενωι;;1
ομολογεοντων;;1
νικηθεντα;;1
εατεον;;1
πεισει;;1
μεταβαλων;;1
περιημεκτεον;;1
παρεγενομην;;1
ακηκοα;;1
απειληθεντασ;;1
νενικημενουσ;;1
αναμαχεσθαι;;1
αναλαμβανειν;;1
ευρηκαμεν;;1
διωκωμεν;;1
κατεργασαμεθα;;1
ηρωεσ;;1
εφθονησαν;;1
εμπιπρασ;;1
καταβαλλων;;1
απεμαστιγωσε;;1
επιμεληθηναι;;1
αναπλασασθω;;1
σπορου;;1
καταπλεωμεν;;1
αποθηκην;;1
αποστροφην;;1
δεδογμενοσ;;1
ευβουλοσ;;1
ανεγνωσμενοι;;1
βασανον;;1
κατεμενον;;1
κομιζεο;;1
ανδριοι;;1
αιτηθεντεσ;;1
προισχομενου;;1
πειθω;;1
δοτεα;;1
χρηστων;;1
γεωπεινασ;;1
ανηκοντασ;;1
αχρηστουσ;;1
φιλοχωρεειν;;1
αμηχανιην;;1
επηβολουσ;;1
αδυναμιησ;;1
πλεονεκτεων;;1
απειλητηριουσ;;1
αιτεομενον;;1
επαξει;;1
εξαιρησει;;1
καρυστιων;;1
πολιορκεοιτο;;1
υπερβολη;;1
εκτατο;;1
εξηλαυνον;;1
προπεμψαι;;1
ανωριην;;1
χειμερισαι;;1
θωρηκοφορουσ;;1
διαλεγων;;1
στρεπτοφορουσ;;1
ψελιοφορουσ;;1
συμπαντασ;;1
διεκρινε;;1
απεκτεινασ;;1
ρυομενον;;1
κατασχων;;1
οιασ;;1
ευροιεν;;1
αναφυομενην;;1
φλοιον;;1
περιλεποντεσ;;1
καταδρεποντεσ;;1
ελειπον;;1
λιμου;;1
επιλαβων;;1
δυσεντεριη;;1
εφθειρε;;1
νοσεοντασ;;1
κατελειπε;;1
μελεδαινειν;;1
σιρι;;1
απαιτεοντοσ;;1
βισαλτεων;;1
θρηιξ;;1
ροδοπην;;1
ανεχωρησαν;;1
ασινεεσ;;1
εξωρυξε;;1
ελαγχανον;;1
μεταβαλλοντεσ;;1
οδοιποριηισι;;1
διεχρατο;;1
υδαρνει;;1
φοινισσησ;;1
στρυμονιην;;1
κυματιην;;1
χειμαινεσθαι;;1
γεμουσησ;;1
επεοντων;;1
κομιζομενων;;1
διαδεξατω;;1
προσκυνεοντασ;;1
επικουφισθεισαν;;1
δωρησασθαι;;1
στεφανηι;;1
απω;;1
λεσε;;1
νοστου;;1
κυβερνητεω;;1
μυριηισι;;1
καταβι;;1
βασαι;;1
ερετεων;;1
κομιδηι;;1
συνθεμενοσ;;1
τιηρηι;;1
χρυσοπαστωι;;1
αβδηριται;;1
ελυσατο;;1
ζωνην;;1
επιβηναι;;1
δηιωσαντεσ;;1
φοινισσασ;;1
αιαντι;;1
αστερασ;;1
ιστου;;1
κροισειου;;1
διαιρεσιν;;1
αξιωτατωι;;1
κρινεοντεσ;;1
κρινοντεσ;;1
εμουνουντο;;1
δευτερειοισι;;1
υπερεβαλλετο;;1
αποπλεοντων;;1
ακριτων;;1
εβωσθη;;1
εδοξωθη;;1
ναυμαχησαντων;;1
δεξιοτητοσ;;1
εδωρησαντο;;1
οχωι;;1
καλλιστευοντι;;1
αινεσαντεσ;;1
τεγεητικων;;1
καταμαργεων;;1
ενεικεε;;1
βελβινιτησ;;1
ετιμηθην;;1
εξελεξατο;;1
χειμεριζοντοσ;;1
κατεπειγων;;1
απεστεωσι;;1
ποτειδαιητηισι;;1
παρεξεληλακεε;;1
απεστασαν;;1
ολυνθιουσ;;1
θερμαιου;;1
κατεσφαξε;;1
κριτοβουλωι;;1
τορωναιωι;;1
χαλκιδικωι;;1
ποτειδαιηι;;1
προσεχοντι;;1
γραψειε;;1
αρταβαζον;;1
τοξευματοσ;;1
γλυφιδασ;;1
περιειλι;;1
πτερωσαντεσ;;1
προδιδουσ;;1
τοξευων;;1
βαλλει;;1
ποτειδαιητεω;;1
περιεδραμε;;1
παλληναιων;;1
επιλεξαμενοισι;;1
προδοσιησ;;1
καταπλεξαι;;1
προδοσιηι;;1
σκιω;;1
αρταβαζωι;;1
τεναγοσ;;1
διοδοιπορηκεσαν;;1
διελθοντασ;;1
πλημμυρισ;;1
επιστα;;1
μενουσ;;1
απωλεσαν;;1
πλημμυριδοσ;;1
ησεβησαν;;1
εχειμεριζε;;1
κυμηι;;1
εαροσ;;1
επιλαμψαντοσ;;1
πρωιοσ;;1
εχειμερισαν;;1
συνηρχε;;1
αδελφιδεοσ;;1
προσελομενου;;1
προηισαν;;1
επηναγκαζε;;1
αποστηι;;1
ιασι;;1
ελευσεσθαι;;1
αποχρησειν;;1
επεδιωξαν;;1
εσσωμενοι;;1
ωτακουστεον;;1
ιπποκρατιδεω;;1
αρχιδημου;;1
θεοπομπου;;1
νικανδρου;;1
χαριλεω;;1
ευνομου;;1
πολυδεκτεω;;1
πρυτανιοσ;;1
ευρυφωντοσ;;1
προκλεοσ;;1
ηροδοτοσ;;1
βασιληιδεω;;1
επεβουλευον;;1
στραττι;;1
επιβουλευοντεσ;;1
εξενεικαντοσ;;1
μετεχοντων;;1
υπεξεσχον;;1
καταπλωσαι;;1
προηγαγον;;1
εμπειροισι;;1
επιστεατο;;1
δοξηι;;1
τολμαν;;1
καταρρωδηκοτασ;;1
χρηιζοντων;;1
κατωτερω;;1
χρησομενον;;1
αποπειρησασθαι;;1
λεβαδειαν;;1
εμπυροισι;;1
κατεκοιμησε;;1
μαντευεσθαι;;1
αμφιαρεωσ;;1
συμμαχωι;;1
εγκατακοιμηθηναι;;1
περιστρωφωμενον;;1
πτωιου;;1
πτωιον;;1
κωπαιδοσ;;1
ακραιφιησ;;1
αιρετουσ;;1
απογραψομενουσ;;1
θεσπιειν;;1
ακουοντασ;;1
εξαρπασαντα;;1
δελτον;;1
γραφειν;;1
συγγραψαμενον;;1
προσκηδεεσ;;1
γυγαιην;;1
αλαβαστρα;;1
προξεινοσ;;1
προσκτησεσθαι;;1
συντυχοντα;;1
κατεργασαμενουσ;;1
κατηλπιζε;;1
προλεγοι;;1
συμβουλευοντα;;1
γενετωρ;;1
τημενου;;1
υπερβαλοντεσ;;1
λεβαιην;;1
εθητευον;;1
τυραννιδεσ;;1
επεσσε;;1
οπτωιη;;1
αρτοσ;;1
θητοσ;;1
διπλησιοσ;;1
φεροι;;1
θητασ;;1
απολαβοντεσ;;1
μισθου;;1
καπνοδοκην;;1
αποδιδωμι;;1
δειξασ;;1
πρεσβυτεροι;;1
εκπεπληγμενοι;;1
δεκομεθα;;1
περιγραφει;;1
εδαφοσ;;1
περιγραψασ;;1
αρυσαμενοσ;;1
παρεδρων;;1
οξυνθεισ;;1
απολεοντασ;;1
τημενιδαι;;1
ερρυη;;1
ροδα;;1
υπερφεροντα;;1
σιληνοσ;;1
κηποισι;;1
βερμιον;;1
κατεστρεφοντο;;1
φιλιππου;;1
αργαιοσ;;1
ελεσθων;;1
αυτονομοι;;1
ανορθωσον;;1
ενεπρησα;;1
υπερβαλοισθε;;1
πυνθανεσθε;;1
υπερβαλησθε;;1
νικησητε;;1
φρονεετε;;1
παρισουμενοι;;1
στερεσθαι;;1
καταλυσασθε;;1
καταλυσασθαι;;1
ευνοιησ;;1
εκμαθοιτε;;1
προσχρηιζω;;1
εσομενοισι;;1
υπερμηκησ;;1
ομολογησητε;;1
προτεινοντων;;1
τριβωι;;1
φθειρομενων;;1
αξοντα;;1
εκπιπτειν;;1
εδεισαν;;1
ομολογησωσι;;1
καταστασιν;;1
επανεμειναν;;1
διατριβοντεσ;;1
πευσεσθαι;;1
ενδεικνυμενοι;;1
διαδεξαμενοι;;1
ηγειρατε;;1
απεοντων;;1
πιεζομενοισι;;1
συναχθομεθα;;1
εστερηθητε;;1
οικοφθορησθε;;1
επαγγελλονται;;1
αχρηστα;;1
επιθρεψειν;;1
συνεστηκηι;;1
αναγνωσηι;;1
λεηνασ;;1
συγκατεργαζεται;;1
τυγχανετε;;1
μηδωι;;1
ονειδιζειν;;1
αμυνεομεθα;;1
ομολογησαι;;1
αναπειθειν;;1
πεισομεθα;;1
απαγγελλε;;1
μηκοτε;;1
επεξιμεν;;1
επιφαινεο;;1
δεισαι;;1
ανθρωπηιον;;1
αρρωδησαι;;1
υπερφερουσα;;1
εθελοιμεν;;1
μηδισαντεσ;;1
διακωλυοντα;;1
εθελωμεν;;1
εμπεπρησμενα;;1
συγκεχωσμενα;;1
εργασαμενωι;;1
ομαιμον;;1
ομογλωσσον;;1
ιδρυματα;;1
προδοτασ;;1
ετυγχανετε;;1
περιηι;;1
ομολογησοντασ;;1
αγαμεθα;;1
προνοιην;;1
προειδετε;;1
οικοφθορημενων;;1
επιθρεψαι;;1
εκπεπληρωται;;1
λιπαρησομεν;;1
λυπεοντεσ;;1
εκπεμπετε;;1
εικαζομεν;;1
επειδαν;;1
προβοηθησαι;;1
υποκριναμενων;;1
καλλιοπη;;1
πεπρηγμενα;;1
επηγον;;1
συμπροεπεμψε;;1
ληρισαιοσ;;1
κατελαμβανον;;1
ιζομενον;;1
καταστρεψεται;;1
ομοφρονεοντασ;;1
παροσ;;1
χαλεπα;;1
περιγινεσθαι;;1
παραινεομεν;;1
απονωσ;;1
πεμπε;;1
δυναστευοντασ;;1
διαστησεισ;;1
ενεστακτο;;1
πυρσοισι;;1
δηλωσειν;;1
αιρεσισ;;1
υστερην;;1
επιστρατηιην;;1
δεκαμηνοσ;;1
φιλιασ;;1
υπησειν;;1
βουλευτεων;;1
λυκιδησ;;1
μουρυχιδησ;;1
προσφερει;;1
απεφαινετο;;1
δεδεγμενοσ;;1
θορυβου;;1
διακελευσαμενη;;1
λυκιδεω;;1
αυτοκελεεσ;;1
ελευσαν;;1
τιμωρησοντα;;1
σχολαιτερα;;1
υπεξεκομισαντο;;1
μεμψομενουσ;;1
υπομνησοντασ;;1
μεταβαλουσι;;1
προειπαι;;1
αμυνεουσι;;1
αλεωρην;;1
ευρησονται;;1
ορταζον;;1
πορσυνειν;;1
επαλξισ;;1
μεγαρων;;1
ισηι;;1
ομοιηι;;1
ελωμεθα;;1
αιδεσθεντεσ;;1
καταινεσαμεν;;1
απειπαμεθα;;1
αδικεομε;;1
καταπροδιδομενοι;;1
κερδαλεωτερον;;1
ομολογησομεν;;1
ακιβδηλον;;1
εξεμαθετε;;1
προδωσομεν;;1
ελαυνομενον;;1
ποιεεσθε;;1
προδεδωκατε;;1
περιειδετε;;1
εσβαλοντα;;1
μηνιουσι;;1
εποιησατε;;1
εκελευσαν;;1
δεκωμεθα;;1
βοιω;;1
τιησ;;1
εμμαχεσασθαι;;1
θριασιον;;1
αναβαλλομενοι;;1
απετετειχιστο;;1
υστατησ;;1
καταστασιοσ;;1
αρθμιων;;1
καρτερου;;1
κλισιαδεσ;;1
αναπεπτεαται;;1
εσακουσατε;;1
ναιοισι;;1
φρα;;1
σαντεσ;;1
εξαγειν;;1
πλεισταρχου;;1
δειμασαν;;1
αμαυρωθη;;1
προσαιρεεται;;1
ευρυανακτα;;1
εξεληλυθεσαν;;1
αγετε;;1
παιζετε;;1
καταπροδοντεσ;;1
αδικεομενοι;;1
χητει;;1
καταλυσονται;;1
συστρατευσομεθα;;1
μαθησεσθε;;1
ορεσθειωι;;1
στειχοντασ;;1
επειρομενοι;;1
πεντα;;1
κισχιλιοι;;1
εξεληλυθοτασ;;1
ημεροδρομων;;1
σχησειν;;1
εξεληλυθε;;1
τυγχανε;;1
ανεκωχευε;;1
επημαινε;;1
εσινετο;;1
καταβαλων;;1
συγχωσασ;;1
ιππασιμη;;1
νικωιτο;;1
απαλλαξισ;;1
επαναχωρησασ;;1
ιππασιμωι;;1
προδρομον;;1
ελοι;;1
προελθουσα;;1
κατιππασατο;;1
μεγαριδα;;1
δυνον;;1
βοιωταρχαι;;1
μετεπεμψαντο;;1
προσχωρουσ;;1
ασωπιων;;1
σφενδαλεασ;;1
ταναγραν;;1
εναυλισαμενοσ;;1
σκωλον;;1
συμβαλοντι;;1
ερυθρεων;;1
φρυνωνοσ;;1
λωσ;;1
κληθεντεσ;;1
ορχομενωι;;1
θερσανδροσ;;1
ατταγινου;;1
κλιναι;;1
διαπινοντων;;1
ομοκλινον;;1
ιεντα;;1
ορχομενιοσ;;1
ομοσπονδοσ;;1
συμφεροντα;;1
δαινυμενουσ;;1
ελιπομεν;;1
στρατοπεδευομενον;;1
αποτρεψαι;;1
επομεθα;;1
ενδεδεμενοι;;1
εχθιστη;;1
οδυνη;;1
στρατοπεδευομενου;;1
σφοδρα;;1
δοκιμωτατοσ;;1
κατακοντιει;;1
προδηλα;;1
προοπτωι;;1
διαβεβλημενουσ;;1
παρεχοντασ;;1
μαθετω;;1
ερραψαν;;1
εκυκλωσαντο;;1
επηλαυνον;;1
διετεινοντο;;1
απησοντεσ;;1
συστρεψαντεσ;;1
πυκνωσαντεσ;;1
αλεξησιν;;1
απηλασαν;;1
θαρσεετε;;1
εφανητε;;1
νικησετε;;1
εξιοντασ;;1
λειπεσθαι;;1
καλλιερησαντων;;1
συμμιγεντεσ;;1
στρατοπεδευομενουσ;;1
φρασθεντεσ;;1
μακιστιον;;1
χρυσοχαλινον;;1
προσηλασαν;;1
καλεον;;1
επιμαχωτατον;;1
εστημεν;;1
αντεχομεν;;1
διαδοχουσ;;1
εκλειψοντασ;;1
μεγαρευσι;;1
ελοχηγεε;;1
ολυμπιο;;1
δωροσ;;1
λαμπωνοσ;;1
προσελομενοι;;1
βαλλεται;;1
αποσειεται;;1
πεσοντι;;1
αμυνομενον;;1
εσκευαστο;;1
φοινικεον;;1
ενεδεδυκεε;;1
αναχωρησιοσ;;1
υποστροφησ;;1
εποθεσαν;;1
τασσων;;1
ανελοιατο;;1
προσελαυνοντασ;;1
επεβωσαντο;;1
οξεα;;1
απελειπον;;1
επεβοηθησε;;1
υπεμενον;;1
προσαπωλεσαν;;1
αναρχιησ;;1
ηχω;;1
λογιμωτατου;;1
αποθα;;1
νοντα;;1
ωσαντο;;1
εθαρσησαν;;1
εκλειποντεσ;;1
θεησομενοι;;1
επικαταβηναι;;1
πλαταιικοσ;;1
ερυθραιου;;1
ευυδροτεροσ;;1
διαταχθεντασ;;1
τεμενεοσ;;1
ανδροκρατεοσ;;1
απεδου;;1
διαταξι;;1
παραφεροντεσ;;1
αξιουμεθα;;1
κοιναι;;1
εκβοηθησαντεσ;;1
ιζομεθα;;1
αγορευσασθαι;;1
συμβαλλοντα;;1
πελοποννησιου;;1
μουνομαχησαι;;1
διακειμενοισι;;1
νικησηι;;1
νικηθηι;;1
ζητησαι;;1
προεκριθη;;1
εχεμοσ;;1
ηεροπου;;1
εμουνομαχησε;;1
διατελεομεν;;1
κοινησ;;1
αντιουμεθα;;1
οκοτερου;;1
παριεμεν;;1
ικνεεσθαι;;1
αξιονικοτεροι;;1
αγωνιδαται;;1
κατεργασμενα;;1
προεθηκε;;1
κατεργασται;;1
αρκασι;;1
εξελαυνομενουσ;;1
κατειλομεν;;1
ελασαντασ;;1
τελευτησαντασ;;1
αταφουσ;;1
καδμειουσ;;1
αμαζονιδασ;;1
θερμωδοντοσ;;1
εσβαλουσασ;;1
κην;;1
τρωικοισι;;1
πονοισι;;1
ελειπομεθα;;1
επιμεμνησθαι;;1
φλαυροτεροι;;1
φλαυροι;;1
παλαιων;;1
μουνομαχησαντεσ;;1
επιχειρησαντεσ;;1
περιεγενομεθα;;1
ενικησαμεν;;1
εξη;;1
γεεσθε;;1
πεισομενων;;1
αξιονικοτερουσ;;1
επιφοιτωντεσ;;1
ευροντο;;1
ποτειδαιητεων;;1
λεπρεητεων;;1
τιρυνθιων;;1
αμπρακιωτεων;;1
λευκαδιων;;1
ανακτοριων;;1
παλεεσ;;1
κεφαλληνιησ;;1
πλα;;1
ταιεεσ;;1
οκτακισχιλιοι;;1
συναπαντεσ;;1
σπαρτιητικησ;;1
παρηρτητο;;1
συνελθοντοσ;;1
μαχιμοισι;;1
χιλιαδοσ;;1
καταδεουσαι;;1
εξεπληρουντο;;1
οκτακοσιουσ;;1
απεκηδευσαν;;1
παρεταξε;;1
φραζοντων;;1
διδασκοντων;;1
ποτειδαιητασ;;1
ορχομενιουσ;;1
λεπρεητασ;;1
τιρυνθιουσ;;1
μυκηναιουσ;;1
ερμιονεασ;;1
στυρεασ;;1
αμπρακιωτασ;;1
ανακτοριουσ;;1
λευκαδιουσ;;1
παλεασ;;1
κατειλημενοι;;1
επιφανεστατα;;1
αναμεμιγμενοι;;1
μαχαιροφοροι;;1
απεβιβασατο;;1
ηριθμηθησαν;;1
επεικασαι;;1
παραταχθεντεσ;;1
αντιοχου;;1
θυομενοσ;;1
στρατευματι;;1
κλυτιαδην;;1
λεωσφετερον;;1
τεισαμενωι;;1
αναιρησεσθαι;;1
γυμνασιοισι;;1
αναιρησομενοσ;;1
ασκεων;;1
παλαισμα;;1
ιερωνυμωι;;1
ανδριωι;;1
αρηιουσ;;1
τεισαμενον;;1
πολεμων;;1
ανετιμα;;1
πολιητην;;1
μεταδιδοντεσ;;1
μετιεσαν;;1
χρησμοσυνησ;;1
επικρεμαμενου;;1
καταινεον;;1
αρκεεσθαι;;1
ηγιην;;1
πολιτηιην;;1
αιτεομενουσ;;1
μανεισεων;;1
εμισθουντο;;1
πυλου;;1
ανασχομενων;;1
απιοντων;;1
εμαινοντο;;1
πλευνεσ;;1
επορεγεται;;1
βιαντι;;1
μεταδωσι;;1
τριτημοριον;;1
απειληθεντεσ;;1
συγκαταιρεει;;1
διπαιευσι;;1
μεσσηνιων;;1
κατεργασθη;;1
αμυνομενοισι;;1
διαβασι;;1
προθυμεομενωι;;1
αμυνομενωι;;1
τελλιαδεων;;1
πεισομενοσ;;1
σιδηροδετωι;;1
εσενειχθεντοσ;;1
σιδηριου;;1
ανδρηιοτατον;;1
σταθμωσαμενοσ;;1
εξελευσεται;;1
ταρσον;;1
διορυξασ;;1
καταδυνων;;1
αυλιζομενοσ;;1
ευφρονηι;;1
τολμησ;;1
ορωντασ;;1
ημιτομον;;1
μονιουσ;;1
αρθμιην;;1
συγκεκρημενον;;1
μεμισθωμενοσ;;1
ιππομαχον;;1
λευκαδιον;;1
επιρρεοντων;;1
ερπυοσ;;1
επιρρεουσι;;1
λαμψοιτο;;1
κιθαιρωνιδασ;;1
δρυοσ;;1
φειδομενοι;;1
αδην;;1
περιβαλομενοι;;1
παραδεκομενοι;;1
ενδεκατη;;1
εδρηι;;1
εσενηνειχθαι;;1
ιζομενουσ;;1
διαπεμπειν;;1
συμβαλλοντασ;;1
προειδοτοσ;;1
ισχυροτερη;;1
αγνωμονεστερη;;1
συγγινωσκομενη;;1
συλλεγομενουσ;;1
συλλελεγμενων;;1
βαλλειν;;1
δικαιουντοσ;;1
αντελεγε;;1
εκρατεε;;1
ταξιαρχουσ;;1
ειδειεν;;1
διαφθερεονται;;1
σιγωντων;;1
επικλητων;;1
τολματε;;1
διαρπασαι;;1
διαρπαγην;;1
ιμεν;;1
διαρπαζειν;;1
απολεομεθα;;1
ηδεσθε;;1
περιεσομενουσ;;1
ευκρινεα;;1
επιουσηι;;1
εσομενησ;;1
εγχελεων;;1
λεχεποιηι;;1
βαρβαροφωνον;;1
ιυγην;;1
πεσεονται;;1
λαχεσιν;;1
τοξοφορων;;1
αισιμον;;1
θερμωδων;;1
ταναγρησ;;1
γλισαντοσ;;1
προεληλατο;;1
προσελασασ;;1
παραγυμνοι;;1
στρατη;;1
γουσ;;1
διαφθειρητε;;1
εκηδομην;;1
ελευθερησ;;1
εθελοιμι;;1
καταθυμια;;1
εμαχεσθε;;1
καταρρωδηκε;;1
συλλεχθητε;;1
ετοιμαζεσθε;;1
υπερβαληται;;1
λιπαρεετε;;1
ελευθερωσιοσ;;1
παραβολον;;1
εργασμαι;;1
επιπεσωσι;;1
εξαιφνησ;;1
προσδεκομενοισι;;1
στηναι;;1
πεπειρηται;;1
φθαντεσ;;1
προφερετε;;1
αρρωδεομεν;;1
ηδεεσ;;1
εμνησθητε;;1
διαλλασσοντο;;1
εξαγορευουσι;;1
μετισταναι;;1
λανθανει;;1
αρχαιασ;;1
λεγεσθε;;1
εκπαγλεομενων;;1
εκλειπετε;;1
απολλυτε;;1
απολλυσθε;;1
εκλειποντασ;;1
προπειραν;;1
εψευσθημεν;;1
προκαλεομενοι;;1
ευρομεν;;1
πτωσσοντασ;;1
ηρξατε;;1
εμαχεσαμεθα;;1
μαχεσθων;;1
διαμαχεσομεθα;;1
νικησωσι;;1
καταλαβοντα;;1
ψυχρηι;;1
νικηι;;1
ελληνικην;;1
εσακοντιζοντεσ;;1
εστοξευοντεσ;;1
υδρευετο;;1
συνεταραξαν;;1
συνεχωσαν;;1
ερυκομενοι;;1
φορεεσθαι;;1
στερηθεισησ;;1
ταρασσομενησ;;1
οπεωνεσ;;1
επισιτιευμενοι;;1
απεκεκληιατο;;1
υπερβαλωνται;;1
σχιζομενοσ;;1
διεχων;;1
συμμισγει;;1
μεταναστηναι;;1
σινοιατο;;1
κατιθυ;;1
μετακινεεσθαι;;1
ιδοιατο;;1
εξορμωμενουσ;;1
ταρασσοιεν;;1
ασωπισ;;1
περισχιζεται;;1
αναλαβοιεν;;1
οπεωνασ;;1
κιθαιρωνι;;1
απολελαμμενοι;;1
προσκειμενησ;;1
ατρυτον;;1
εληγε;;1
εκινηθησαν;;1
απαλλασσομενουσ;;1
παρηγγελλε;;1
προιοντασ;;1
πολιαδεω;;1
λοχηγεων;;1
πιτανητεω;;1
αισχυνεειν;;1
παραγενομενοσ;;1
αναινομενου;;1
πιτανητην;;1
αποληται;;1
υπολειφθεισ;;1
πειθοντεσ;;1
οψομενον;;1
επιχειροιεν;;1
διανοευνται;;1
παριστατο;;1
πετρον;;1
ψηφιζεσθαι;;1
αποδου;;1
ανακρινομενουσ;;1
αποστειχοντων;;1
αντειχοντο;;1
τολμησειν;;1
περιειχετο;;1
προτερεοντων;;1
ιθεηι;;1
βαδην;;1
αμομφαρετου;;1
μολοεντα;;1
αργιοπιον;;1
ησται;;1
απολειπηι;;1
λοχοσ;;1
μενωσι;;1
βοηθεοι;;1
προτερηισι;;1
προσεκεατο;;1
αποιχομενουσ;;1
ληρισαιον;;1
ευρυπυλον;;1
θρασυδηιον;;1
λεξετε;;1
ελεγετε;;1
μετισταμενουσ;;1
αψευδεωσ;;1
διακριθηναι;;1
εναπεδεικνυντο;;1
απειροισι;;1
επαινεοντων;;1
συνηιδεατε;;1
καταρρωδησαι;;1
καταρρωδησαντα;;1
δειλοτατην;;1
πολιορκησομενουσ;;1
πευσεται;;1
επιτρεπτεα;;1
διωκτεοι;;1
καταλαμφθεντεσ;;1
αποδιδρησκοντων;;1
ορμημενουσ;;1
βαρβαρικων;;1
ηραν;;1
κοσ;;1
μηθεντεσ;;1
επηι;;1
αγωνοσ;;1
προδεδομεθα;;1
διαδραντων;;1
ορμησε;;1
πιεζομενην;;1
αμυνεοντεσ;;1
αποπεμψαντεσ;;1
θεσθε;;1
συνοιδαμεν;;1
προθυμο;;1
τατοισι;;1
επαμυνειν;;1
στειχουσι;;1
επιτιθενται;;1
αντιταχθεντεσ;;1
απεσχιζοντο;;1
εσφαγιαζοντο;;1
ετρωματιζοντο;;1
πιεζομενων;;1
σφαγιων;;1
αποβλεψαντα;;1
προεξανασταντεσ;;1
μετεντεσ;;1
επεπτωκεε;;1
ωθισμον;;1
επιλαμβανομενοι;;1
κατεκλων;;1
ληματι;;1
ανοπλοι;;1
ανεπιστημονεσ;;1
εναντιοισι;;1
προεξαισσοντεσ;;1
συστρεφομενοι;;1
επιεσαν;;1
αντειχον;;1
εδηλεετο;;1
γυμνητεσ;;1
αποθνηι;;1
σκει;;1
αριμνηστου;;1
μηδικα;;1
στενυκληρωι;;1
μεσσηνιοισι;;1
θηβαιδι;;1
εναποθανων;;1
βεβηλωι;;1
θειων;;1
εμπρησαντασ;;1
ανακτορον;;1
λειπομενου;;1
απαγορευων;;1
ηνυε;;1
κατηρτισμενουσ;;1
σπουδησ;;1
προτερεων;;1
ετροχαζε;;1
εθελοκακεοντων;;1
διαμαχεσαμενοσ;;1
προσωφελεε;;1
απεργουσα;;1
φονευοντεσ;;1
φονωι;;1
αγγελλεται;;1
απογενομενοισι;;1
λειοτατην;;1
απιδοντεσ;;1
ασωποδωροσ;;1
τιμανδρου;;1
κατεστορεσαν;;1
κατηραξαν;;1
προσελθοντων;;1
ερρωμενεστερη;;1
επισταμενων;;1
τειχομαχεειν;;1
προσηλθον;;1
ηριπον;;1
εσεχεοντο;;1
διαρπασαντεσ;;1
εσηνεικαν;;1
αλυκταζον;;1
πεφοβημενοι;;1
κατειλημεναι;;1
καταδεουσεων;;1
αποσημηνασθαι;;1
προσηνειχθησαν;;1
σωθεισ;;1
λεσχησ;;1
παραγενομενοι;;1
φανερωσ;;1
λυσσωντα;;1
εκλειποντα;;1
ποσειδωνιον;;1
ειποιεν;;1
αποθανοντων;;1
τιμιοι;;1
πεδον;;1
ετρωματισθη;;1
εξενηνειγμενοσ;;1
εδυσθανατεε;;1
αριμνηστον;;1
μελειν;;1
ευτυχιδεω;;1
δεκελεηθεν;;1
δεκελεων;;1
εργασαμενων;;1
τυνδαριδαι;;1
ανιστασαν;;1
δεκελεασ;;1
δεκελον;;1
θησεοσ;;1
αφιδνασ;;1
τιτακοσ;;1
αυτοχθων;;1
καταπροδιδοι;;1
τυνδαριδηισι;;1
δεκελευσι;;1
ατελειη;;1
προεδριη;;1
σινομενων;;1
διξουσ;;1
αλυσι;;1
πελασειε;;1
βαλλεσκετο;;1
μετακινησαι;;1
εναντιων;;1
αμφισβατεων;;1
περιθεουσησ;;1
ατρεμιζουσησ;;1
σωφανει;;1
ευρυβατην;;1
σωφανεα;;1
λεαγρωι;;1
γλαυκωνοσ;;1
ηδω;;1
δατωι;;1
απολωλοτασ;;1
νικωντασ;;1
φαρανδατεοσ;;1
κοσμησαμενη;;1
αμφιπολοι;;1
καταβασα;;1
αρμαμαξησ;;1
φονηισι;;1
διεποντα;;1
εξεπισταμενη;;1
ακουσασα;;1
ρυσαι;;1
ικετιν;;1
αιχμαλωτου;;1
ωνησασ;;1
κωιη;;1
ανταγορεω;;1
κωιου;;1
ζημιωσαι;;1
αναχωρησαντεσ;;1
μαντινευσι;;1
ιετο;;1
ρυσαμενον;;1
υπαρχειν;;1
εξεισ;;1
ανασκολοπισασ;;1
τετιμωρησεαι;;1
αντα;;1
μειβετο;;1
αιγινητα;;1
ευνοεειν;;1
προοραν;;1
ημαρτηκασ;;1
κατεβαλεσ;;1
μαλ;;1
επιφθονεομεν;;1
αδοιμι;;1
αρεσκεται;;1
αποχραι;;1
αρεσκομενον;;1
τετιμωρησθαι;;1
ψυχηισι;;1
αναριθμητοισι;;1
τελευτησαντεσ;;1
προσελθηισ;;1
συμβουλευσηισ;;1
σκιδναμενοι;;1
κατεσκευασμενασ;;1
σακκουσ;;1
αμαξεων;;1
ενεοντεσ;;1
αργυρεοι;;1
εσκυλευον;;1
στρεπτουσ;;1
ποικιλησ;;1
κλεπτοντεσ;;1
επωλεον;;1
πλουτοι;;1
συμφορησαντεσ;;1
ανετεθη;;1
τρικαρηνου;;1
δεκαπηχυν;;1
επταπηχυσ;;1
διαιρεοντο;;1
αριστευσασι;;1
εξαιρεθη;;1
καταλιποι;;1
παραπετασμασι;;1
ποικιλοισι;;1
κατεσκευασμενην;;1
αρτοκοπουσ;;1
οψοποιουσ;;1
καθωσ;;1
εστρωμενασ;;1
τραπεζασ;;1
μεγαλοπρεπεα;;1
διηκονουσ;;1
παρασκευασαι;;1
θοινησ;;1
ποιηθεισησ;;1
δεικνυντα;;1
αφροσυνην;;1
οιζυρην;;1
απαιρησομενοσ;;1
περιψιλωθεντων;;1
συνεφορεον;;1
ραφην;;1
γναθοσ;;1
γναθου;;1
μουνοφυεασ;;1
προσθιουσ;;1
γομφιουσ;;1
πενταπηχεοσ;;1
παντοδαπουσ;;1
θαψασ;;1
διονυσοφανησ;;1
εφεσιοσ;;1
διειλοντο;;1
τριξασ;;1
επαισχυνομενουσ;;1
απεστοι;;1
κλεαδην;;1
αυτοδικου;;1
εξαιτεειν;;1
τιμηγενιδην;;1
ατταγινον;;1
αρχηγεται;;1
εκδιδωσι;;1
απανιστασθαι;;1
ενδεκατηι;;1
επαυοντο;;1
σινομενοι;;1
εικοστηι;;1
απαναστηναι;;1
πολιορκεοντασ;;1
παραδωτε;;1
βοιωτιη;;1
αναπλησηι;;1
χρηιζοντεσ;;1
δωμεν;;1
εμηδισαμεν;;1
αντιλογιην;;1
παρεξομεν;;1
επεκηρυκευοντο;;1
παυσα;;1
νιην;;1
απαχθεντασ;;1
απελυσε;;1
μηδισμου;;1
αντιλογιησ;;1
κυρησειν;;1
επεποιθεσαν;;1
διωσεσθαι;;1
υπονοεων;;1
ανειρωτων;;1
οιετο;;1
εξηγορευε;;1
επειγομαι;;1
ξεινιζετε;;1
επειγομενοσ;;1
στρα;;1
κατακοπεντασ;;1
συσταντασ;;1
καματωι;;1
θρασυκλεοσ;;1
αθηναγορησ;;1
αρχεστρατιδεω;;1
επελθοντων;;1
υπομεινωσι;;1
κοινουσ;;1
ανακαλεων;;1
προετρεπε;;1
απαμυναι;;1
ευπετεσ;;1
αξιομαχουσ;;1
υποπτευουσι;;1
προαγοιεν;;1
αγο;;1
λισσομενοσ;;1
κληδονοσ;;1
ορμητο;;1
δεκομαι;;1
αποπλευσεαι;;1
προσηγε;;1
μαντευομενου;;1
δηιφονου;;1
απολλωνιητεω;;1
ιονιωι;;1
βοσκεται;;1
αωον;;1
λακμονοσ;;1
ωρικον;;1
αυλιζονται;;1
ευηνιοσ;;1
κατακοιμισαντοσ;;1
λυκοι;;1
επηισε;;1
αντικαταστησειν;;1
πριαμενοσ;;1
ελαθε;;1
απολλωνιητασ;;1
κατακοιμισαντα;;1
στε;;1
εξετυφλωσαν;;1
προφαντα;;1
προφητασ;;1
εστερησαν;;1
επορμησαι;;1
τελεομενων;;1
ευηνιωι;;1
μακαριειν;;1
διαπρηξαι;;1
διεπρηξαν;;1
κατημενου;;1
παριζοντο;;1
συλλυπεομενοι;;1
ελοιτο;;1
υποστηναι;;1
δοιη;;1
ονομασασ;;1
επηβολοσ;;1
αμηνιτοσ;;1
ευηνιε;;1
εκτυφλωσιοσ;;1
εκτινουσι;;1
πριαμενοι;;1
εμφυτον;;1
εξελαμβανε;;1
εκαλλιερησε;;1
σαμιησ;;1
καλαμοισι;;1
ορμισαμενοι;;1
καταλελειμμενοσ;;1
υπερφερων;;1
ανειρυσαι;;1
ποτνιεων;;1
γαισωνα;;1
σκολοποεντα;;1
φιλιστοσ;;1
πασικλεοσ;;1
νειλεωι;;1
κτιστυν;;1
ανειρυσαν;;1
εκκοψαντεσ;;1
σκολοπασ;;1
κατεπηξαν;;1
νικησοντεσ;;1
οιχωκοτασ;;1
ηχθοντο;;1
αποριηι;;1
απαλλασσωνται;;1
καταπλεωσι;;1
μηδετερα;;1
αποβαθρασ;;1
επαναγομενοσ;;1
ανελκυσμενασ;;1
παρακεκριμενον;;1
εγχριμψασ;;1
αιγιαλωι;;1
επακουοντεσ;;1
μαθετε;;1
συνησουσι;;1
ακουσαντοσ;;1
πεισειν;;1
παρασκευαζομενουσ;;1
παραινεσαντασ;;1
υπονοησαντεσ;;1
αιχμαλωτων;;1
λελειμμενουσ;;1
εποδιασαντεσ;;1
προστασσουσι;;1
επιλαβομενοισι;;1
προεφυλασσοντο;;1
συνεφορησαν;;1
κηρυκηιον;;1
κυματωγησ;;1
διηλθε;;1
συμπιπτουσησ;;1
εσαπικετο;;1
θαρσησαι;;1
συνεπεσε;;1
συμβολασ;;1
πρωι;;1
αναμανθανουσι;;1
εσαπικεσθαι;;1
πταισηι;;1
κληδων;;1
εσπευδον;;1
προεκειτο;;1
προσεχεσι;;1
ημισεων;;1
περιηισαν;;1
κερει;;1
παρακελευσαμενοι;;1
συνεπισπομενοι;;1
συνεσεπιπτον;;1
στρατηγεοντεσ;;1
συνδιεχειριζον;;1
περιλεωσ;;1
απαραιρημενοι;;1
ετεραλκεα;;1
ερδον;;1
προσωφελεειν;;1
αρξαντασ;;1
επεθεντο;;1
τηρεειν;;1
σωιζωνται;;1
πεδωι;;1
τουναντιον;;1
προστεταγμενου;;1
πολεμιωτατοι;;1
απεστη;;1
ερμολυκοσ;;1
ευθοινου;;1
παγκρατιον;;1
ερμολυκον;;1
καρυστιησ;;1
γεραιστωι;;1
προεξαγαγοντεσ;;1
εμπρησαντεσ;;1
αναστασιοσ;;1
φρουρεοντασ;;1
προκατημενων;;1
χαιροντασ;;1
απαλλαξειν;;1
μηδισαντων;;1
εξαναστησαντασ;;1
αποικιεων;;1
αντιτεινοντων;;1
συμμαχικον;;1
εμμενεειν;;1
αποστησεσθαι;;1
αποφυγοντων;;1
κακωσαντα;;1
δεννοσ;;1
σπαται;;1
επιθεοντα;;1
πρηξιλεω;;1
αρπαζει;;1
προεστησαν;;1
μασιστηι;;1
εκσωιζων;;1
προσπεμποντι;;1
κατεργασθηναι;;1
τευξομενη;;1
εργομενοσ;;1
λαμψεσθαι;;1
αρμοσασ;;1
διαμειψαμενοσ;;1
αρταυντη;;1
εξυφηνασα;;1
ποικιλον;;1
περιβαλλεται;;1
υπουργημενων;;1
αιτησασαν;;1
αιτησω;;1
υπισχνεετο;;1
παντοιοσ;;1
κατεικαζουσηι;;1
επευρεθηι;;1
δωρωι;;1
αγαλλετο;;1
ελπιζουσα;;1
ολεθρον;;1
προτιθεμενον;;1
τυκτα;;1
τελειον;;1
σμαται;;1
χρηιζει;;1
αναιτιην;;1
συνηκε;;1
λιπαρεουσησ;;1
εξεργομενοσ;;1
ατυχησαι;;1
κατανευει;;1
συνοικεεισ;;1
ηγαγεο;;1
μετεντα;;1
βιω;;1
πεπρηκται;;1
δοιην;;1
συνοικησεισ;;1
μεταπεμψαμενη;;1
διαλυμαινεται;;1
προεβαλε;;1
εκταμουσα;;1
διαλελυμασμενην;;1
ελπομενοσ;;1
εσπιπτει;;1
διεφθαρμενην;;1
συμβουλευσαμενοσ;;1
υιοισι;;1
τισι;;1
αποστησων;;1
ποιησων;;1
εστεργον;;1
κατεκτεινε;;1
λεκτον;;1
ισχυροτατου;;1
περιοικιδων;;1
κεκομικωσ;;1
συνησαν;;1
συχνοσ;;1
ατασθαλοσ;;1
εξηπατησε;;1
ιφικλου;;1
φιαλαι;;1
αργυρεαι;;1
εσυλησε;;1
διεβαλετο;;1
αναπεισειν;;1
υποτοπηθεντα;;1
εφρονεε;;1
πρωτεσιλεων;;1
εξεφορησε;;1
αδυτωι;;1
προσδεκομενοσ;;1
αφυλακτωι;;1
πολιορκεομενοισι;;1
ησχαλλον;;1
αποδημεοντεσ;;1
απαγοιεν;;1
μεταπεμψηται;;1
εστερ;;1
τονουσ;;1
κλινεων;;1
οιχονται;;1
ανοιξαν;;1
οιοβαζον;;1
εκφευγοντα;;1
πλειστωρωι;;1
επιχωριωι;;1
κατελαμβανοντο;;1
αλεξομενοι;;1
ελαμφθησαν;;1
συνδησαντεσ;;1
δεδε;;1
φυλασσοντων;;1
οπτωντι;;1
ταριχοι;;1
επαλλοντο;;1
ησπαιρον;;1
νεοαλωτοι;;1
περιχυθεντεσ;;1
εθωμαζον;;1
οπτωντα;;1
πεφηνε;;1
πρωτεσιλεωσ;;1
ταριχοσ;;1
αδικεοντα;;1
τινεσθαι;;1
επιτεθηναι;;1
αποδωσω;;1
υπισχομενοσ;;1
ξανθιππον;;1
ελαιουσιοι;;1
πρωτεσιλεωι;;1
καταχρησθηναι;;1
σανιδασ;;1
προσπασσαλευσαντεσ;;1
οφθαλμοισι;;1
αναθησοντεσ;;1
πατωρ;;1
προσηνεικαν;;1
κατελων;;1
μετανασταντεσ;;1
σχοντεσ;;1
θωμαστοτεροι;;1
αρξοντασ;;1
μαλακων;;1
μαλακουσ;;1
θωμαστον;;1
λυπρην;;1
πεδιαδα;;1
