και;;10231
δε;;3782
των;;2614
τε;;2572
οι;;2358
την;;2079
το;;1846
εν;;1817
εσ;;1806
μεν;;1778
τησ;;1521
τουσ;;1510
του;;1365
η;;1158
τα;;1137
γαρ;;1116
τον;;1011
μη;;996
τοισ;;995
τηι;;992
ωσ;;985
τωι;;984
ο;;970
επι;;946
προσ;;873
εκ;;784
ου;;757
τασ;;731
δ;;730
ουκ;;675
ην;;672
κατα;;666
αν;;632
ει;;626
αυτων;;609
περι;;588
αυτοισ;;547
αυτουσ;;540
αθηναιων;;529
απο;;501
αθηναιοι;;501
μετα;;464
ειναι;;458
τι;;458
οτι;;435
δια;;418
ηδη;;373
μαλλον;;362
αμα;;357
ναυσ;;339
υπο;;338
αι;;333
αλλα;;332
ετι;;318
ων;;309
αυτοι;;306
μαλιστα;;298
αυτου;;290
νυν;;274
ταισ;;270
πολιν;;268
ταυτα;;264
αθηναιουσ;;261
πρωτον;;255
ευθυσ;;252
αλλ;;251
ουν;;243
επειδη;;232
ησαν;;231
τουτο;;229
ουτε;;227
υστερον;;223
επ;;218
παρα;;216
ωστε;;215
αυτωι;;212
λακεδαιμονιοι;;211
αυτον;;209
τισ;;203
αθηναιοισ;;203
δη;;201
προτερον;;190
αυτοσ;;176
ουδεν;;175
λακεδαιμονιων;;174
νεων;;172
οπωσ;;172
γην;;171
ουχ;;171
ωσπερ;;170
πολεωσ;;168
πολυ;;167
γε;;161
τοτε;;161
ηι;;160
α;;159
ξυμμαχοι;;157
οντεσ;;155
εγενετο;;150
ξυμμαχων;;150
πολεμον;;146
εξ;;146
σφισι;;145
σφων;;143
ξυμμαχουσ;;139
νηεσ;;139
ημιν;;137
δι;;135
σφισιν;;131
σφασ;;131
ημασ;;130
τουτωι;;129
αιει;;128
τινα;;128
καθ;;127
επειτα;;127
πολει;;125
ημων;;125
ουδε;;119
πριν;;119
μετ;;118
εστιν;;117
ναυσιν;;116
αλλων;;116
πολλα;;115
αλλοι;;115
ναυσι;;114
εαυτων;;113
λακεδαιμονιουσ;;113
τουτων;;111
παλιν;;111
πολεισ;;109
ειχον;;109
ουδ;;107
αυτο;;107
αλλουσ;;107
υμασ;;107
οισ;;106
υμιν;;106
ωι;;104
συρακοσιοι;;104
πολεμου;;101
γησ;;100
πλεον;;100
αλλο;;99
αυθισ;;99
συρακοσιων;;99
εχοντεσ;;98
πρεσβεισ;;98
πολλωι;;95
μητε;;95
σπονδασ;;95
ανδρασ;;95
πελοποννησιων;;94
χρονον;;94
παντα;;93
τινεσ;;92
πελοποννησιοι;;92
υμων;;92
τροπωι;;91
θαλασσαν;;91
μεχρι;;90
ποτε;;90
κορινθιοι;;90
αυτην;;90
εστι;;88
ουκετι;;86
γενεσθαι;;85
εικοσ;;85
πολλοι;;85
παρ;;84
προ;;83
οσοι;;83
απ;;83
δυο;;82
λακεδαιμονιοισ;;82
ουσ;;82
δεκα;;80
οσον;;79
πολλουσ;;79
εξω;;79
εικοσι;;79
χρη;;78
τινασ;;78
πληθοσ;;77
οντασ;;77
πολεμωι;;76
κατ;;76
ομωσ;;76
οσα;;75
ταυτηι;;75
πεντε;;75
ουτωσ;;75
χωριον;;75
εγενοντο;;75
οπερ;;75
χρηματα;;74
εχειν;;74
ον;;73
ουτοι;;73
βουλομενοι;;73
πλην;;72
ομοιωσ;;72
ησσον;;72
εδοκει;;72
τειχοσ;;72
υπ;;71
ξυμμαχιαν;;71
πελοποννησου;;70
πολισ;;70
κορινθιων;;70
θαλασσησ;;69
μεντοι;;69
εφ;;69
ουτω;;69
δυναμιν;;69
οικου;;69
ναυτικον;;68
εαυτου;;68
ελληνων;;68
σικελιαν;;68
στρατιαν;;68
ημεισ;;68
υμεισ;;68
αργειων;;68
αλληλουσ;;67
εκεινων;;67
ταλλα;;67
υπερ;;66
ηλθον;;66
ανδρεσ;;66
ανευ;;65
μεροσ;;65
οπλιτασ;;65
αυτησ;;64
οπλα;;64
πολεων;;63
αλλοισ;;63
εισι;;63
πλειουσ;;63
αργειοι;;63
αφ;;62
μηδε;;62
ενεκα;;62
εχων;;62
αλλωσ;;62
μονον;;62
οσ;;61
θερουσ;;61
πολλων;;60
οτε;;60
στρατοπεδον;;60
τουτου;;59
τοιαυτα;;59
εργωι;;59
λογουσ;;59
στρατευμα;;59
γνωμηι;;58
βασιλεωσ;;57
φυλακην;;57
αλλην;;57
βρασιδασ;;57
εσεσθαι;;56
οντων;;56
αυτα;;56
ταδε;;56
εφη;;56
οντα;;55
εκατον;;55
παρεσκευαζοντο;;55
πραγματα;;55
εποιουντο;;54
χειμωνοσ;;54
γνωμην;;54
νικιασ;;54
ανθρωπων;;53
ουσησ;;53
παντεσ;;53
πελοποννησον;;53
ευ;;53
ανεχωρησαν;;53
αθηνασ;;53
πολεμιουσ;;53
πλειστον;;52
ειη;;52
μαχηι;;52
τριακοντα;;52
ω;;52
ινα;;52
γιγνεσθαι;;52
ετελευτα;;52
εκαστοι;;51
ηκιστα;;51
τροπαιον;;51
πολεμιων;;51
ραιδιωσ;;50
αυτηι;;50
παντων;;50
νυκτοσ;;50
ημερασ;;50
χρηματων;;49
ταυτην;;49
ιεναι;;49
αρχην;;49
που;;49
νομιζοντεσ;;49
αυτη;;48
ειπειν;;48
χωραν;;48
ποιεισθαι;;48
θραικησ;;48
εγγυσ;;48
εκαστοσ;;48
αργειουσ;;47
σικελιασ;;47
ξυμμαχοισ;;47
βασιλευσ;;47
ουσαν;;46
καλωσ;;46
παντασ;;46
οπλιται;;46
ταχοσ;;46
εμελλον;;46
αλληλοισ;;45
ανδρων;;45
επει;;45
ημεραι;;45
πολεμειν;;45
εκελευον;;45
παντοσ;;45
υστεραιαι;;45
στρατηγοι;;45
εγιγνετο;;45
τειχουσ;;45
εποιησαντο;;44
τοιαδε;;44
δημοσθενησ;;44
πλειω;;43
βοιωτων;;43
βοιωτοι;;43
μηδεν;;43
τουτουσ;;43
νομισαντεσ;;43
ετυχον;;43
στρατιαι;;43
μαχην;;43
δοκει;;42
αυ;;42
τειχη;;42
σικελιαι;;42
κερκυραιοι;;42
εωσ;;42
εσται;;42
αρχησ;;42
εγω;;42
ημεραν;;41
πεντηκοντα;;41
ελθοντεσ;;41
ουδεισ;;41
τεσσαρακοντα;;41
ορωντεσ;;41
τ;;41
ιππησ;;41
βουλομενοσ;;41
χρονωι;;40
οντοσ;;40
μεγα;;40
εχωρουν;;40
αρα;;40
νεκρουσ;;40
αλκιβιαδησ;;40
ξυν;;39
παροντι;;39
πολεμοσ;;39
δει;;39
αρχειν;;39
λακεδαιμονα;;39
πληθει;;38
αλλασ;;38
μεγιστον;;38
παροντων;;38
βοηθειν;;38
ταχιστα;;38
τινι;;37
πανυ;;37
εξηκοντα;;37
εντοσ;;37
ολιγον;;37
γνωμησ;;37
μιαν;;37
εβουλοντο;;37
παν;;37
εκεινουσ;;37
βασιλεα;;37
οπλιτων;;37
εκει;;37
μοι;;36
οποτε;;36
κοινηι;;36
εισιν;;36
τουτοισ;;36
αυτοθεν;;36
βιαι;;36
γηι;;36
λογωι;;36
βουλονται;;36
ξυνεβη;;36
πολεμιοι;;36
τουτον;;36
μαχησ;;36
αργοσ;;36
αλληλων;;35
τουδε;;35
μεθ;;35
πλειν;;35
εφασαν;;35
ελθειν;;35
αθηνων;;35
πελοποννησιουσ;;35
γενομενησ;;35
πωσ;;35
πανδημει;;35
εκεινοισ;;35
επιγιγνομενου;;35
πω;;34
ετη;;34
νησωι;;34
λογον;;34
αριστα;;34
αφικνουνται;;34
λιμενα;;34
ιππεασ;;34
ησυχιαν;;34
εδει;;34
στρατιασ;;34
νησον;;34
δημον;;34
συρακοσιοισ;;34
γυλιπποσ;;34
παρασκευηι;;33
ορων;;33
πρωτοι;;33
πολλην;;33
εκεινοι;;33
πελοποννησιοισ;;33
ασ;;33
λοιπον;;33
ησ;;33
σαμωι;;33
εχοντασ;;32
ειπον;;32
πεζωι;;32
οταν;;32
αυτικα;;32
κακωσ;;32
αντι;;32
επτα;;32
πλουν;;32
ιδιαι;;32
ουτ;;32
απηλθον;;32
εκεινου;;32
τρεισ;;32
αλλησ;;31
ελληνεσ;;31
βαρβαρων;;31
εργον;;31
χωρια;;31
δημοσ;;31
πεμψαντεσ;;31
δικαιον;;31
εκαστον;;31
εαυτον;;31
κερασ;;31
οιον;;31
ιππεων;;31
τισσαφερνην;;31
ανθρωποι;;30
λογου;;30
ελασσουσ;;30
δυναμει;;30
ξυμμαχιασ;;30
απεκτειναν;;30
νομιζων;;30
οπλιταισ;;30
τωνδε;;30
αμφοτεροισ;;30
καν;;30
ησυχαζον;;30
εστησαν;;30
αρχοντα;;30
εναντιων;;30
ειρητο;;30
τοσαυτα;;30
πλαταιησ;;30
σαφωσ;;29
ελληνασ;;29
εμοι;;29
εστρατευσαν;;29
χωρασ;;29
ηρχε;;29
στρατον;;29
σαμου;;29
ορθωσ;;29
δυοιν;;29
ηισθοντο;;29
παρασκευην;;29
εκατεροι;;29
ολιγοι;;29
δεισαντεσ;;29
ναυμαχιασ;;29
ραιον;;29
κινδυνον;;29
ολιγουσ;;29
αλλωι;;29
αμεινον;;29
σαμον;;29
στρατωι;;29
προθυμωσ;;29
στρατια;;29
πυλον;;29
αλκιβιαδου;;29
αλληι;;28
αττικην;;28
ηπειρον;;28
τωιδε;;28
τοσουτον;;28
ενταυθα;;28
ειλον;;28
ποιειν;;28
φιλουσ;;28
επλεον;;28
δεινον;;28
λεγειν;;28
ετερων;;28
αμυνεσθαι;;28
νυκτα;;28
χωριου;;28
σταδιουσ;;28
λογων;;28
ανηρ;;28
νησου;;28
λεγων;;28
χαλεπωσ;;27
παντι;;27
δυναμεωσ;;27
ολιγωι;;27
χιων;;27
τινοσ;;27
παρησαν;;27
ελαβον;;27
εικοτωσ;;27
οσωι;;27
χρηναι;;27
αδικειν;;27
εφαινετο;;27
χωριων;;27
εχει;;27
λαβοντεσ;;27
πλειστα;;27
ενομιζον;;27
ολιγου;;27
δοκηι;;27
ελασσον;;27
ναυν;;27
ηγουμενοι;;26
κατεστησαν;;26
ναυτικου;;26
ποιησασθαι;;26
εδυναντο;;26
κερκυραιων;;26
πλευσαντεσ;;26
πολεμιοισ;;26
οκτω;;26
γενομενοι;;26
πεμπειν;;26
ετοσ;;26
αφικοντο;;26
απεθανον;;26
κρατοσ;;26
μονοι;;26
δημου;;26
βοιωτουσ;;26
σιτον;;26
αλλοσ;;25
αγων;;25
αφικομενοι;;25
πλειστοι;;25
πολλοισ;;25
αλλαι;;25
σπονδαι;;25
δεξιον;;25
ουσα;;25
αισθομενοι;;25
ελπιδα;;25
εβουλετο;;25
ανω;;25
ειχε;;25
στρατευματοσ;;25
χιον;;25
τοδε;;24
ειδεναι;;24
οσαι;;24
δυνατον;;24
καιτοι;;24
εκρατησαν;;24
αμφοτερα;;24
κατεστη;;24
μιαι;;24
κερκυραν;;24
παραδουναι;;24
εκεινον;;24
βουλομενον;;24
πεζηι;;24
επεμψαν;;24
κορινθιουσ;;24
διεφθειραν;;24
ναυμαχιαν;;24
ουδενοσ;;24
εαν;;24
οστισ;;24
οτωι;;24
ακουσαντεσ;;24
χιλιουσ;;24
ποιησαμενοι;;24
στρατηγοσ;;24
απεπλευσαν;;24
δημωι;;24
χρονου;;23
ελλαδοσ;;23
πολλου;;23
μολισ;;23
εκατερων;;23
πανταχοθεν;;23
κορινθιοισ;;23
εχοντων;;23
μεγαρεων;;23
πελοποννησωι;;23
πελασ;;23
αμφοτερων;;23
εχομεν;;23
εωρων;;23
λογοισ;;23
παρασκευησ;;23
βοιωτοισ;;23
πασαν;;23
ηιπερ;;23
πυλασ;;23
χιοι;;23
τειχει;;23
μαντινησ;;23
αλκιβιαδην;;23
ειχεν;;22
χρωμενοι;;22
πασα;;22
πολλασ;;22
ουπω;;22
οθεν;;22
υφ;;22
αισ;;22
αραντεσ;;22
ιερον;;22
μηδ;;22
χιλιοι;;22
εωι;;22
δεδιοτεσ;;22
περδικκασ;;22
ταχουσ;;22
ταυτησ;;22
ισου;;22
αλλη;;22
πολλη;;22
ειπεν;;22
εψηφισαντο;;22
φοβουμενοι;;22
ολιγων;;22
χρονουσ;;22
γενομενου;;22
αυτοθι;;22
ειδοτεσ;;22
ευβοιαν;;22
λαβων;;22
εχωρει;;22
χρησθαι;;22
δοξαν;;22
πλαταιων;;22
οδον;;22
στρατηγουσ;;22
ενθαδε;;22
χειμων;;22
αγισ;;22
τισσαφερνουσ;;22
τισσαφερνησ;;22
παιδασ;;21
ποιουμενοι;;21
αφικομενοσ;;21
καθισταντο;;21
μαχη;;21
κινδυνου;;21
πασι;;21
διοτι;;21
ελεγον;;21
αλλου;;21
λεγεται;;21
γνοντεσ;;21
θερει;;21
θεροσ;;21
λεγοντεσ;;21
ισον;;21
δικαιωσ;;21
πολεμιον;;21
ελειν;;21
πεζοσ;;21
στρατηγων;;21
ειδον;;21
βραχυ;;21
εχουσι;;21
οπλοισ;;21
διεφθαρησαν;;21
πειραια;;21
τριακοσιουσ;;21
στρατευειν;;21
αφικνειται;;21
προσβαλοντεσ;;21
συρακουσασ;;21
παλαι;;20
οιπερ;;20
μην;;20
ξυμπαντεσ;;20
πρωτοσ;;20
ναυτικωι;;20
πελαγοσ;;20
τριηρεισ;;20
γιγνεται;;20
πραγματων;;20
ποταμου;;20
κορινθον;;20
αποικιαν;;20
εβδομηκοντα;;20
εδοξεν;;20
χαριν;;20
ουδενα;;20
δωδεκα;;20
στρατιωται;;20
στρατηγον;;20
σωτηριασ;;20
κρυφα;;20
απεχωρησαν;;20
ταλαντα;;20
ναυπακτον;;20
μιλητον;;20
δυνωνται;;20
χειμωνι;;20
θηβαιοι;;20
ποταμον;;20
επιτηδεια;;20
αυτασ;;20
μυτιληναιων;;20
σικελων;;20
συρακοσιουσ;;20
κατανην;;20
πασηι;;19
φαινεται;;19
ανθρωπουσ;;19
οια;;19
εαυτουσ;;19
κινδυνων;;19
παραχρημα;;19
εργων;;19
παραυτικα;;19
αμπρακιωται;;19
απεστειλαν;;19
εκειθεν;;19
δοκειν;;19
χωριωι;;19
οπηι;;19
χειρασ;;19
ομηρουσ;;19
απεχει;;19
απεδοσαν;;19
πολλακισ;;19
στρατου;;19
κινδυνευειν;;19
παρελθων;;19
μεταξυ;;19
παθειν;;19
διενοουντο;;19
εδηιουν;;19
ελεγε;;19
τοιουτωι;;19
ακαρνανεσ;;19
ψιλοι;;19
λιμενοσ;;19
στρατευματι;;19
βεβαιωσ;;18
τινων;;18
γουν;;18
εποιησαν;;18
ονομα;;18
αθροοι;;18
επραξαν;;18
ηπειρωι;;18
ελασσω;;18
ετει;;18
εκαστοισ;;18
καιπερ;;18
παροντα;;18
μαλιστ;;18
προσετι;;18
εναντιοισ;;18
μηδενα;;18
εσμεν;;18
οιδε;;18
καιρον;;18
ημερων;;18
εισ;;18
στρατοσ;;18
ταυτασ;;18
ηξιουν;;18
φιλιαν;;18
αρτι;;18
δρομωι;;18
υποσπονδουσ;;18
οιομενοι;;18
πρασσειν;;18
ανδρα;;18
ουθ;;18
αποδουναι;;18
αργειοισ;;18
νισαιαν;;18
ποιησαι;;18
παροντοσ;;18
τειχων;;18
εποιειτο;;18
βρασιδαν;;18
εξειν;;18
κλεων;;18
αστυοχοσ;;18
μεγαλα;;17
αττικησ;;17
θαλασσηι;;17
δοξησ;;17
οπλων;;17
αποριαι;;17
θεσσαλων;;17
εσχον;;17
χρημασι;;17
χαλεπον;;17
ξυνεβησαν;;17
φοβον;;17
κορινθου;;17
δεχεσθαι;;17
μενειν;;17
κρατειν;;17
στησαντεσ;;17
εκρατουν;;17
εχθρουσ;;17
μεγαλην;;17
λακεδαιμονιοσ;;17
ηπειρου;;17
ποιησαντεσ;;17
επιπλουν;;17
ποτειδαιαν;;17
ανωθεν;;17
αμφοτερωθεν;;17
ετυχε;;17
οιτινεσ;;17
σπονδων;;17
ελθων;;17
πεμψαι;;17
λακεδαιμονοσ;;17
εκαστωι;;17
μεσσηνιων;;17
τελοσ;;17
φαινεσθαι;;17
νηι;;17
αιτιαν;;17
θηβαιων;;17
τελευτωντοσ;;17
πεζον;;17
απαν;;17
φυλακασ;;17
καιροσ;;17
ουδενι;;17
νικιου;;17
ποιουνται;;17
φυγην;;17
εικοσιν;;17
τριακοσιοι;;17
αμφιπολιν;;17
τροφην;;17
μιλητωι;;17
μεγιστη;;16
μειζω;;16
εργου;;16
ηλθεν;;16
φοβωι;;16
αυται;;16
ειεν;;16
ιερα;;16
μειζον;;16
στρατοπεδωι;;16
εγιγνοντο;;16
πολεσι;;16
σφετερουσ;;16
χαλκιδεων;;16
μηδων;;16
ελλαδα;;16
εδοκουν;;16
παροντεσ;;16
αιτιαι;;16
παρεδοσαν;;16
αδυνατοι;;16
επολιορκουν;;16
βουλεται;;16
ηθελον;;16
ετοιμοι;;16
κηρυκα;;16
ογδοηκοντα;;16
ηλειων;;16
ημετερασ;;16
τοισδε;;16
αλλον;;16
πασχειν;;16
καλον;;16
αισχρον;;16
εχουσιν;;16
σπονδαισ;;16
αξιον;;16
διακοσιουσ;;16
στρατηγουντοσ;;16
χαλκιδεασ;;16
τετρακοσιουσ;;16
αυτονομοι;;16
μεγαρησ;;16
ξυμφοραν;;16
πλεονοσ;;16
ταχει;;16
αρχιδαμοσ;;16
αγαθον;;16
απερ;;16
ηγειτο;;16
γυναικασ;;16
αναχωρησιν;;16
εκελευεν;;16
γνουσ;;16
ξυμμαχια;;16
λοκρων;;16
νικησαντεσ;;16
ξυμβηναι;;16
ανδροσ;;16
ελλησποντον;;16
βασιλει;;16
ηλειοι;;16
εχρωντο;;16
σφετερων;;16
οντι;;16
παρεσκευαζετο;;16
προσπεσοντεσ;;16
βοηθειαν;;16
τετρακοσιων;;16
λοφου;;16
εβοηθουν;;16
δημοσθενη;;16
μαντινεων;;16
πυλου;;16
τειχισμα;;16
ηκειν;;16
θουκυδιδησ;;15
αμφοτεροι;;15
ουσαι;;15
αρετην;;15
εργα;;15
γενομενοσ;;15
πολεσιν;;15
εντευθεν;;15
μεσον;;15
πολυν;;15
μεγαλου;;15
μεγιστα;;15
ολιγαρχιαν;;15
ετοιμα;;15
ευβοιασ;;15
εστρατηγει;;15
απολλωνοσ;;15
κολπου;;15
ενιαυτον;;15
οργηι;;15
πειρασθαι;;15
αναγκη;;15
γ;;15
εναντιουσ;;15
σαμιων;;15
φανερωσ;;15
φιλοι;;15
ιοντεσ;;15
τυχηι;;15
εχθραν;;15
ευωνυμον;;15
πληθουσ;;15
ουσι;;15
κοινον;;15
εφυλασσον;;15
πολληι;;15
εδοξε;;15
ειπερ;;15
αρετησ;;15
πατερεσ;;15
αγαν;;15
δεοσ;;15
ορκουσ;;15
εκαστα;;15
στρατιωτων;;15
θραικων;;15
αποβασιν;;15
υδωρ;;15
χιου;;15
μιλητου;;15
ελευθεριαν;;15
αναγκην;;15
τοιονδε;;15
πεμπουσι;;15
ξυμπαν;;15
αυτονομουσ;;15
ξυμφορασ;;15
προφασει;;15
εσονται;;15
πολιτων;;15
ωρμηντο;;15
ακαρνανων;;15
κακωι;;15
αγωνα;;15
ουδεμια;;15
δημοσθενει;;15
τισσαφερνει;;15
μεγαν;;14
εδυνατο;;14
στρατειαν;;14
εφερον;;14
αττικηι;;14
τοξοτασ;;14
πλοια;;14
ηλπιζον;;14
δωριησ;;14
κερκυραιοισ;;14
φερειν;;14
ουτοσ;;14
σαφεσ;;14
ελλησι;;14
νομον;;14
αποικοι;;14
επεμπον;;14
κελευοντεσ;;14
δικασ;;14
απεκριναντο;;14
γενηται;;14
πλεονι;;14
ελθοντων;;14
τουναντιον;;14
μελλον;;14
ποι;;14
περδικκαν;;14
παυσανιου;;14
μακρα;;14
πεισθεντεσ;;14
ενι;;14
βουλευεσθαι;;14
πεμπει;;14
πασασ;;14
μεγαρα;;14
αποβαντεσ;;14
επλευσαν;;14
ιερου;;14
οιοι;;14
νομισασ;;14
δεισασ;;14
τοιουτον;;14
ειρηνην;;14
γιγνομενα;;14
ηρι;;14
ειτε;;14
οργησ;;14
εσεβαλον;;14
πειθειν;;14
επιτηδειων;;14
δικην;;14
τετρακοσιοι;;14
ωρμησαν;;14
λεσβον;;14
ενα;;14
επεισαν;;14
δημοσθενουσ;;14
επιπολων;;14
αστυοχον;;14
ελλασ;;13
εκαστουσ;;13
βαρβαρουσ;;13
νησων;;13
νησουσ;;13
ετραποντο;;13
δραν;;13
πολυσ;;13
πολλαι;;13
νομιζειν;;13
μεγιστην;;13
κρατουντεσ;;13
ιταλιασ;;13
δυνατοι;;13
ισχυν;;13
αρχηι;;13
υπηκοοι;;13
ιδια;;13
παρασκευη;;13
γενομενων;;13
αιτιασ;;13
επελθοντεσ;;13
πεμπουσιν;;13
απεπεμψαν;;13
τιμωριαν;;13
ωφελιαν;;13
απιεναι;;13
πρεσβεων;;13
δουναι;;13
δελφοισ;;13
φυλακησ;;13
πυνθανομενοι;;13
τρια;;13
ξυμμαχον;;13
δικαια;;13
αμυνειν;;13
απαντων;;13
χειρον;;13
λακεδαιμονι;;13
ναυμαχειν;;13
μια;;13
στρατοπεδου;;13
αρχοντεσ;;13
λαβειν;;13
αναχωρησαντεσ;;13
μακεδονων;;13
δεδιωσ;;13
ποτειδαιασ;;13
ξυμβασιν;;13
ετρεψαν;;13
μεγαλων;;13
θεων;;13
ελπιδι;;13
ξυμφοραισ;;13
ασφαλωσ;;13
πασιν;;13
διενοειτο;;13
ποταμωι;;13
αρχων;;13
εβοηθησαν;;13
πασαι;;13
ωιπερ;;13
εμελλε;;13
παρειχε;;13
εκεινωι;;13
ενοσ;;13
ουπερ;;13
ειπων;;13
εκελευε;;13
μεγαληι;;13
φρουριον;;13
κινδυνωι;;13
οικιασ;;13
πατρια;;13
σφετερασ;;13
βουλωνται;;13
ναυπακτωι;;13
σφετερα;;13
κακων;;13
πεδιον;;13
ορουσ;;13
λακωνικησ;;13
ελπισ;;13
ξυνεγραψεν;;13
παρουσαν;;13
απελθειν;;13
αγοντεσ;;13
μυτιληνην;;13
λεοντινων;;13
ετειχιζον;;13
πανακτον;;13
αθ;;13
αδυνατα;;12
τροφησ;;12
ελαχιστον;;12
βεβαιον;;12
εθνη;;12
αργει;;12
λογοσ;;12
ουκουν;;12
τελει;;12
αντειχον;;12
ναυμαχια;;12
ενικων;;12
εκεινα;;12
σωμα;;12
καλουμενον;;12
ισωι;;12
προφασιν;;12
βαρβαροι;;12
ομοια;;12
φρουρουσ;;12
πλεοντεσ;;12
ετεμον;;12
γενομενην;;12
μειζονι;;12
περιγενεσθαι;;12
εχθρων;;12
εχον;;12
αναγκηι;;12
αντ;;12
νομουσ;;12
ωστ;;12
βοηθησαι;;12
οικεια;;12
ακοντιστασ;;12
πηι;;12
κεραι;;12
ωσιν;;12
νεκρων;;12
εγνωσαν;;12
κρατησαντεσ;;12
επρασσον;;12
ψιλουσ;;12
ηλθε;;12
εξωθεν;;12
απεστησαν;;12
ειδοτασ;;12
ησυχαζειν;;12
βουλεσθαι;;12
τοιουτου;;12
ορμωμενοι;;12
χωραι;;12
ηγησαμενοι;;12
φιλει;;12
πλεονων;;12
γη;;12
αγαθων;;12
μηδενι;;12
διανοιασ;;12
τοιωιδε;;12
ηξειν;;12
παρηινει;;12
απαντασ;;12
ειλωτων;;12
διοσ;;12
κυκλωι;;12
ξυμμαχικον;;12
λοκροι;;12
εδηιωσαν;;12
καιρωι;;12
μιασ;;12
υδατοσ;;12
δημοσιαι;;12
νεωσ;;12
αδυνατον;;12
διδοναι;;12
επιφερειν;;12
ειρηνηι;;12
οικιων;;12
κινδυνουσ;;12
διαφθειραι;;12
νυκτι;;12
διεφθειροντο;;12
πανστρατιαι;;12
ισθμον;;12
αρασ;;12
πλειστου;;12
οικειν;;12
αισθομενοσ;;12
τοι;;12
πατριδοσ;;12
θασσον;;12
στρατιωτασ;;12
καθιστατο;;12
οσουσ;;12
εκατερωθεν;;12
απωθεν;;12
ωιοντο;;12
επλει;;12
ηγον;;12
μυτιληναιοι;;12
πασαισ;;12
ευρυμεδων;;12
μαντινεασ;;12
λιμενι;;12
μηλ;;12
λεοντινουσ;;12
αδεωσ;;11
ακοηι;;11
ημισυ;;11
βουλομενων;;11
πολισμα;;11
ιεροισ;;11
μελλοντασ;;11
πασησ;;11
αιτιον;;11
δηλον;;11
τραπομενοι;;11
ξυνεχωσ;;11
εργοισ;;11
αλωσιν;;11
καλουμενην;;11
εγγυτατα;;11
ισθμου;;11
επολεμουν;;11
ασφαλειασ;;11
τονδε;;11
παραλαβοντεσ;;11
εκεινηι;;11
παρην;;11
μελλοντων;;11
μεγαλη;;11
εδεξαντο;;11
ανδρι;;11
φυγαδεσ;;11
προειπον;;11
ωφελιασ;;11
επληρουν;;11
μεγιστων;;11
δεξαμενοι;;11
ολιγοισ;;11
επιχειρησιν;;11
εξειναι;;11
εξομεν;;11
ειρηνησ;;11
εστε;;11
βλαπτειν;;11
τουσδε;;11
τριων;;11
εταξαντο;;11
κατασταντεσ;;11
πειραν;;11
αποκτειναι;;11
ναυμαχιαι;;11
πειθει;;11
παρουσηι;;11
διαβαντεσ;;11
εκπλουν;;11
ελευθεριασ;;11
πραξαι;;11
εσβαλοντεσ;;11
ασφαλεσ;;11
ισχυι;;11
αρχη;;11
αρξαι;;11
δεινα;;11
νομων;;11
επεξιεναι;;11
οσπερ;;11
εχοντα;;11
τολμαν;;11
εαυτωι;;11
νεωστι;;11
χειρουσ;;11
αποστηναι;;11
μεσσηνιοι;;11
ενομισαν;;11
ηισθανοντο;;11
βοιωτιασ;;11
ηγγελθη;;11
μιλησιοι;;11
λεσβου;;11
επιχειρειν;;11
δυνασθαι;;11
δρασαι;;11
εσω;;11
αγειν;;11
ετερου;;11
αγοραι;;11
εκκλησιαν;;11
ολιγασ;;11
ελπιδοσ;;11
λακε;;11
πλαταιαν;;11
ιδιασ;;11
αθηναισ;;11
ετυγχανε;;11
φυλακηι;;11
προσεδεχοντο;;11
στασιν;;11
διελυθησαν;;11
αμυνασθαι;;11
ακραν;;11
ψιλων;;11
οψει;;11
τυχησ;;11
αρχομενου;;11
επιδαυρον;;11
αδυνατοσ;;11
εναντιοι;;11
δυναιντο;;11
ξυλα;;11
ταυταισ;;11
κερωσ;;11
αποστασιν;;11
αρκαδων;;11
βρασιδου;;11
ρηγιον;;11
ηυλισαντο;;11
ερμοκρατησ;;11
δηλιον;;11
εκεχειριαν;;11
εγεσταιων;;11
χαλκιδεωσ;;11
ελλησιν;;10
μερει;;10
νομιζω;;10
εξεπεμψαν;;10
αντιπαλον;;10
ισμεν;;10
ηρξαντο;;10
ξυγγενεσ;;10
ισχυοσ;;10
ησσουσ;;10
γενομενη;;10
εποιησατο;;10
πολλαισ;;10
πλοιοισ;;10
στρατειασ;;10
εχωρησαν;;10
δυναμενοι;;10
ηγουντο;;10
ισωσ;;10
οικητορασ;;10
επεσχον;;10
κολπον;;10
εδεοντο;;10
ιερων;;10
εγκληματα;;10
αμπρακιωτων;;10
ποιησειν;;10
αμφοτερουσ;;10
εναντια;;10
δοξηι;;10
επεπλεον;;10
εκκλησιασ;;10
μεγασ;;10
κοινωι;;10
φθασαι;;10
ξυγγενεισ;;10
αυταισ;;10
υμετερασ;;10
προφανουσ;;10
ικανοι;;10
φιλον;;10
κειται;;10
φασιν;;10
ημετεραν;;10
χρην;;10
πειθομενοι;;10
διχα;;10
κακον;;10
ξυμφερον;;10
μεγαρεασ;;10
δεηι;;10
εναυμαχουν;;10
νικην;;10
εμαχοντο;;10
ιδοντεσ;;10
λελυσθαι;;10
ετυγχανον;;10
ισθμωι;;10
πρασσοντεσ;;10
εφρουρουν;;10
εχετε;;10
αξιωσ;;10
ωσι;;10
σφετεραν;;10
προθυμιαν;;10
εκλιποντεσ;;10
υπαρχουσαν;;10
εβουλευοντο;;10
ταχυ;;10
ραιδιον;;10
ιωνιασ;;10
ελλησποντου;;10
ηκον;;10
παυσανιασ;;10
ιωνεσ;;10
παρεχειν;;10
εδεχοντο;;10
βουλομενοισ;;10
αντιπερασ;;10
εννεα;;10
καθειστηκει;;10
τριτον;;10
καλειται;;10
επικουρουσ;;10
ημεραισ;;10
ειργον;;10
προυχωρει;;10
μεγεθοσ;;10
περαν;;10
ακαρνανιασ;;10
περικλησ;;10
δημοκρατιαν;;10
εκκαιδεκα;;10
γενοιτο;;10
θεου;;10
σιτου;;10
αφικετο;;10
ενδον;;10
αργουσ;;10
γνωμασ;;10
μισθου;;10
χρησασθαι;;10
μηνοσ;;10
απαντεσ;;10
επιεναι;;10
κοσμωι;;10
ηδε;;10
αργυριου;;10
ομιλοσ;;10
δηιωσαντεσ;;10
νομωι;;10
βουληται;;10
επηισαν;;10
ετερον;;10
ωφελειν;;10
ηγε;;10
πεισαι;;10
αμπρακιωτασ;;10
εκπλειν;;10
ξυμβασεωσ;;10
χαλκιδησ;;10
ηισθετο;;10
στρατοπεδα;;10
πολεμιαν;;10
οχλον;;10
ιππουσ;;10
μυτιληναιουσ;;10
πλευσασ;;10
εξελθοντεσ;;10
βουλευσασθαι;;10
πεισασ;;10
νικηρατου;;10
μεσου;;10
πεντακοσιουσ;;10
σφεισ;;10
νικιαι;;10
πατριδα;;10
ελθοντασ;;10
ιπποκρατησ;;10
πυλων;;10
εγεγενητο;;10
ολιγαρχιασ;;10
ηισαν;;9
κρατιστα;;9
ωικουν;;9
παραδειγμα;;9
ανεχωρουν;;9
ιωνιαν;;9
απασιν;;9
λοκρουσ;;9
ιωνων;;9
εχρησαντο;;9
ωικησαν;;9
θανατον;;9
χιλιων;;9
ερυμα;;9
γενομενα;;9
οικουντεσ;;9
οψε;;9
θεμιστοκλησ;;9
δυναμισ;;9
γενομενον;;9
μεγαλωι;;9
βαρβαρον;;9
μειζων;;9
νοσοσ;;9
ηγουμαι;;9
πολλησ;;9
καταλυσαι;;9
κερκυρασ;;9
παρον;;9
λευκαδιων;;9
φυγαδων;;9
κενασ;;9
ετερουσ;;9
πεζου;;9
κηρυξ;;9
ομολογιαι;;9
λευκαδοσ;;9
μισθωι;;9
πιστευοντεσ;;9
ημετερα;;9
ασφαλειαν;;9
υμετεραν;;9
πεισαντεσ;;9
μελλοντα;;9
αξια;;9
φασι;;9
πλεοσιν;;9
ημετεραι;;9
ελοντεσ;;9
δικηι;;9
κοινα;;9
ικανα;;9
φιλοσ;;9
ελαχιστα;;9
εχουσαν;;9
ουσιν;;9
εστρατοπεδευσαντο;;9
τελη;;9
εκατεροισ;;9
τροπησ;;9
εκοντεσ;;9
πλου;;9
αλλοσε;;9
πρωτη;;9
διαφορα;;9
περδικκου;;9
αποστασεωσ;;9
επιτηδειον;;9
μακεδονιαν;;9
εξακοσιουσ;;9
επορευοντο;;9
χωρισ;;9
παρεπλεον;;9
αγοραν;;9
ανθ;;9
νωτου;;9
τριακοσιων;;9
ορμωμενοσ;;9
φορμιων;;9
πολιτειασ;;9
διαφορων;;9
επερχονται;;9
φιλων;;9
πραξαντεσ;;9
υπαρχοντων;;9
νομιμα;;9
ετεραν;;9
ομοιασ;;9
ημεν;;9
πολεμων;;9
υπαρχει;;9
αρχασ;;9
εκεινοσ;;9
ιδων;;9
εμου;;9
ηιονα;;9
ομολογιαν;;9
αιγιναν;;9
κατελαβον;;9
χιλιοισ;;9
περικλεουσ;;9
γιγνονται;;9
κατεστησαντο;;9
τρισι;;9
εξαπιναιωσ;;9
ηδονην;;9
ιοντασ;;9
ιερωι;;9
ημερα;;9
δευτερον;;9
πιστιν;;9
χωρησαι;;9
ειδωσ;;9
παραπλησια;;9
οξεωσ;;9
ξενων;;9
απασαν;;9
ελαθον;;9
λιθοισ;;9
αναβαντεσ;;9
λαθοντεσ;;9
επορευετο;;9
περιιδειν;;9
οροσ;;9
προσεβαλον;;9
σπαρτιατησ;;9
σχοντεσ;;9
αξιω;;9
μαχομενοι;;9
ανελπιστον;;9
μενοντεσ;;9
πραγμα;;9
ετερασ;;9
κρατησαι;;9
ταναντια;;9
δεοι;;9
καταλιποντεσ;;9
αποριαν;;9
ενδεκα;;9
παρειναι;;9
μισθον;;9
προσμειξαι;;9
τειχισματι;;9
ανδρασι;;9
εβλαπτον;;9
κατεφυγον;;9
μεσσηνιουσ;;9
ξυμ;;9
μεσσηνην;;9
λεων;;9
πρωτηι;;9
νικιαν;;9
ετοιμοσ;;9
σωτηριαν;;9
αρχουσιν;;9
συρακουσων;;9
σικελιωτων;;9
σπενδεσθαι;;9
αλκιβιαδηι;;9
ιστοριων;;8
ελληνικον;;8
πολεμουσ;;8
ωφελιαι;;8
ξυμπαντασ;;8
ηγεμονασ;;8
ακαρνανασ;;8
σκευη;;8
φανερον;;8
ανεστησαν;;8
δουλειαν;;8
ορκοισ;;8
δοκουντα;;8
ηγουνται;;8
ξυμπλειν;;8
μενων;;8
ωικισαν;;8
νησιωτων;;8
ναυτικα;;8
τροπου;;8
κορινθιοσ;;8
ελων;;8
επεισεν;;8
εναυμαχησαν;;8
επεγενετο;;8
εσβαντεσ;;8
αποσταντεσ;;8
πολεμια;;8
φορου;;8
λεσβιων;;8
ηυρον;;8
ιππιασ;;8
ειρηται;;8
εκαστου;;8
ηλιου;;8
διαφορασ;;8
δεξιαι;;8
δεομενοι;;8
δηλουντεσ;;8
ηλειουσ;;8
φεροντεσ;;8
πυθομενοι;;8
μεγαλησ;;8
ξυμφορα;;8
εξουσιν;;8
κωλυειν;;8
ξυμφεροντα;;8
πολε;;8
αξιωσιν;;8
ασφαλεστερον;;8
αγαθοι;;8
μενοι;;8
μηδικα;;8
υπαρχουσησ;;8
εχουσα;;8
δυναται;;8
τοιαυτηι;;8
προσεδεξαντο;;8
εκαστων;;8
πασ;;8
αναγκησ;;8
δεξιωι;;8
ναυαγια;;8
αττικων;;8
πρωτουσ;;8
ανειλοντο;;8
διαφθειραντεσ;;8
αττικασ;;8
διαφοροι;;8
εσβαλειν;;8
καταλαμβανουσι;;8
απεστη;;8
σιτοσ;;8
ξυλλογον;;8
πιστον;;8
ορατε;;8
μηδον;;8
αξιοι;;8
υπαρχοντα;;8
σωιζειν;;8
οιεσθαι;;8
εορτην;;8
απειροι;;8
τηνδε;;8
γενομενουσ;;8
νικηθεντεσ;;8
φυσει;;8
αρχοντασ;;8
ταχεων;;8
χρημασιν;;8
αδικεισθαι;;8
εφορων;;8
ωδε;;8
ποιωνται;;8
ωιχετο;;8
ικανωσ;;8
ετειχισαν;;8
ηπειγοντο;;8
πειραιωσ;;8
ενομιζεν;;8
εταξαν;;8
οδουσ;;8
αντεχειν;;8
γυναικεσ;;8
προσεχωρησαν;;8
μεγαρευσι;;8
αιγυπτου;;8
μεγαρων;;8
ηγουμενου;;8
βουλοιντο;;8
μηνασ;;8
προδοσιαι;;8
παρεπλευσαν;;8
ζωντασ;;8
φευγοντεσ;;8
πολιτειαν;;8
φρουραν;;8
διεβησαν;;8
τεσσαρσι;;8
φοινισσασ;;8
φορμιωνοσ;;8
αθη;;8
σωιζεσθαι;;8
αντικρυσ;;8
πατερων;;8
ξυμφορων;;8
πλειστουσ;;8
προτεροι;;8
επιοντεσ;;8
επηλθεν;;8
τριηρη;;8
αγαθωι;;8
πιστευσαντεσ;;8
ειλωτασ;;8
γνωναι;;8
μελλοντοσ;;8
πεισθεισ;;8
ναιων;;8
αφικομενων;;8
ειρημενον;;8
βραχεοσ;;8
ναυτων;;8
πλεοσι;;8
φανερου;;8
αιπερ;;8
αγγελον;;8
αργυριον;;8
δυναιτο;;8
σικυωνιοι;;8
παρασκευαζεσθαι;;8
ξυγκαλεσασ;;8
εσβολην;;8
φυλασσειν;;8
αγωνασ;;8
παλαιαν;;8
βοηθεια;;8
παραπλευσαντεσ;;8
αιρουσι;;8
πρωτοισ;;8
ευνουσ;;8
αξιουν;;8
διαφθαρηναι;;8
κατεσχον;;8
νομισαι;;8
εποιουν;;8
κνημοσ;;8
ναυπακτου;;8
ολκαδων;;8
καθαπερ;;8
αδικιασ;;8
χωμα;;8
ελπιζοντεσ;;8
αρξαμενοι;;8
τοσαυτη;;8
τριτοσ;;8
γεγενημενησ;;8
αποστησαι;;8
πρωτην;;8
τοσουτωι;;8
πλευσαι;;8
φασκων;;8
ευρυχωριαν;;8
κρεισσουσ;;8
ουσασ;;8
νισαιασ;;8
τοξοται;;8
αρπαγην;;8
επρασσετο;;8
ελευθερουσ;;8
τριηρει;;8
λοιποι;;8
επαλξεισ;;8
ταφρον;;8
φυλακεσ;;8
διακοσιοι;;8
ξυμβαινειν;;8
αρχοντων;;8
ελευθερουν;;8
αιρει;;8
δυνατα;;8
φιλιασ;;8
ελεσθαι;;8
μηκετι;;8
νικοστρατοσ;;8
ευβοιαι;;8
σικελιωται;;8
στρατηγου;;8
λαχησ;;8
πολεμιασ;;8
τριτηι;;8
πεντακοσιοι;;8
λοφον;;8
εαρ;;8
σικελια;;8
ημυνοντο;;8
πυλωι;;8
λακωνικηι;;8
αθηναζε;;8
προσθεν;;8
μιλησιων;;8
εκπληξιν;;8
ηπερ;;8
ταξει;;8
βρασιδαι;;8
μαχεσθαι;;8
μου;;8
τορωναιων;;8
αγιν;;8
ταν;;8
σικελουσ;;8
εγεσταιοι;;8
δεκελειασ;;8
πεντακισχιλιουσ;;8
φρυνιχοσ;;8
πεισανδρον;;8
αθηναιοσ;;7
πιστευσαι;;7
βιαζομενοι;;7
επελθων;;7
τισι;;7
γιγνομενοι;;7
δηλοι;;7
ασθενειαν;;7
κατω;;7
νησιωται;;7
βεβαιοτερον;;7
υπηκοουσ;;7
νεμονται;;7
βοιωτιαν;;7
γιγνομενων;;7
ποιησασ;;7
κερκυραιουσ;;7
ιωσιν;;7
περσων;;7
ολιγαισ;;7
θανατου;;7
τελευταια;;7
ερετριων;;7
αλλαισ;;7
καθιστασαν;;7
υποτελεισ;;7
πωποτε;;7
μελλοντεσ;;7
ποθεν;;7
πυνθανομενοσ;;7
εχοι;;7
αγωνισμα;;7
ετερα;;7
λεγομενα;;7
περιοραν;;7
φευγοντασ;;7
θεσθαι;;7
διδοντεσ;;7
επιδαμνον;;7
λευκαδιοι;;7
αντελεγον;;7
αριστευσ;;7
ενικησαν;;7
λευκαδα;;7
φιλιαι;;7
ξυμμαχιαι;;7
σκεψασθε;;7
δαπανησ;;7
κοσμον;;7
πληρουν;;7
υπηκοων;;7
βλαψαι;;7
εσομενον;;7
δεξασθαι;;7
ετεροισ;;7
φαμεν;;7
βιασασθαι;;7
τιμωριαι;;7
δευρο;;7
αξιουντεσ;;7
επικουροι;;7
καθισταναι;;7
ποιουντεσ;;7
δισ;;7
προτεραι;;7
ιηι;;7
νησοσ;;7
παραπλωι;;7
παρεσκευαστο;;7
βεβοηθηκοτεσ;;7
καταστρωματων;;7
παρειχον;;7
ηρχον;;7
ελασσονοσ;;7
γεγενηται;;7
πρυμναν;;7
ωρμουν;;7
αποπλειν;;7
ανεμου;;7
πρασσοντων;;7
παλληνην;;7
κερκυραι;;7
επιτηδειοσ;;7
προτερουσ;;7
προσδεχομενοι;;7
αναστησαντεσ;;7
ατειχιστον;;7
ποιειται;;7
ωφελια;;7
εδηιου;;7
αιτιοι;;7
παυσαι;;7
αμυνουμεθα;;7
οδωι;;7
επιοντασ;;7
μηδεισ;;7
οικειων;;7
τυχειν;;7
πονων;;7
τοιαυτησ;;7
λογοι;;7
βραχειαι;;7
νομοισ;;7
χρεων;;7
μηδου;;7
καθελοντεσ;;7
θεουσ;;7
ηκουσαν;;7
ειμι;;7
ιδιων;;7
απαρασκευοι;;7
αισχιον;;7
γιγνωσκω;;7
ζημιασ;;7
σπαρτησ;;7
δοκουσιν;;7
βουλευσαμενοι;;7
μητ;;7
ακουοντεσ;;7
κελευων;;7
κατασχειν;;7
αφειναι;;7
εφοβειτο;;7
οργην;;7
εφοδον;;7
ενομιζε;;7
τηιδε;;7
επιτρεπειν;;7
ηνδραποδισαν;;7
ξυνεστρατευον;;7
πολιορκουμενοι;;7
σεισμου;;7
ταξαμενοι;;7
αφεντεσ;;7
εξηλθον;;7
καταλυσεωσ;;7
εσωθησαν;;7
επιπεσοντεσ;;7
απρακτοι;;7
ξυμπαντα;;7
αναχωρησεωσ;;7
εκωλυον;;7
ουχι;;7
εμπειριαι;;7
καταλυειν;;7
ξυμφερει;;7
υπαρχον;;7
επρεσβευοντο;;7
αγοσ;;7
καταλαβειν;;7
ακροπολιν;;7
ακροπολει;;7
νικησ;;7
σοι;;7
διανοιαν;;7
πρασσομενα;;7
ησυχαζεν;;7
απορον;;7
οιοσ;;7
ψηφισμα;;7
ειωθεσαν;;7
δυνανται;;7
φευγειν;;7
πεισειν;;7
περιεσεσθαι;;7
οικειασ;;7
χειμωνα;;7
εσηλθον;;7
διαφορον;;7
εσελθοντεσ;;7
προσβολασ;;7
αγρουσ;;7
αποδωσειν;;7
λεσβιοι;;7
γιγνοιτο;;7
μερη;;7
εκαστησ;;7
πασων;;7
οραν;;7
σπαρτιατην;;7
αυθημερον;;7
εκκλησιαι;;7
θαρσειν;;7
κυκλον;;7
ουσηι;;7
περιεπλεον;;7
χωρησαντεσ;;7
αιρουσιν;;7
εδοσαν;;7
σιταλκησ;;7
οδρυσων;;7
εαλω;;7
επειδαν;;7
αστων;;7
αμυνομενουσ;;7
πλειστ;;7
τοιωνδε;;7
εξαιφνησ;;7
ομοιωι;;7
αλλοτριασ;;7
χρησιμον;;7
φοβοσ;;7
επειρωντο;;7
εξακοσιοι;;7
ομοσε;;7
ετεροι;;7
σφαλεντεσ;;7
ναυαρχοσ;;7
εμελλεν;;7
βουλομενουσ;;7
στρατηγοισ;;7
εξελθειν;;7
αδικωσ;;7
παροντασ;;7
μεγαλασ;;7
πυρ;;7
τοιαυτη;;7
δοκοιη;;7
προσεβαλλον;;7
αριστεραι;;7
παραπλεοντεσ;;7
πεζην;;7
παρεξειν;;7
απεστελλον;;7
εκαστην;;7
εωρα;;7
αφνω;;7
καταλαβοντεσ;;7
ομοροι;;7
στρυμονοσ;;7
ερημον;;7
ηρχεν;;7
δοκουντασ;;7
αληθη;;7
αναστησασ;;7
ονοματι;;7
αληθεσ;;7
ερεσον;;7
εγωγε;;7
τριηρων;;7
οικειαν;;7
εκοντασ;;7
αγαθοισ;;7
κομισασθαι;;7
αδειαν;;7
μηδετεροισ;;7
κομισαντεσ;;7
χερσιν;;7
εκεισε;;7
τρεπουσι;;7
αιτωλοι;;7
ενθα;;7
χιωι;;7
μαντινευσι;;7
ομορον;;7
οιομενοσ;;7
λακωνικην;;7
επιπλουσ;;7
τεσσαρεσ;;7
δεον;;7
οχλοσ;;7
αξειν;;7
φυλακων;;7
χαλκιδεα;;7
σικελιωτασ;;7
ερμοκρατουσ;;7
λαμαχοσ;;7
ατε;;7
αμφιπολει;;7
αμφιπολεωσ;;7
εσηκουον;;7
τεγεαται;;7
ιταλιαν;;7
ορκον;;7
αυτοκρατορασ;;7
λεπρεον;;7
τεγεαν;;7
τοιαυτην;;7
απασαισ;;7
αναλαβοντεσ;;7
ομου;;7
μηλιοι;;7
φοβου;;7
καμαριναιοι;;7
δεκελειαν;;7
γυλιππωι;;7
στρομβιχιδησ;;7
αβυδου;;7
θηραμενησ;;7
επολεμησαν;;6
αρκαδιασ;;6
παλαιων;;6
ξυμπασα;;6
παιδων;;6
ουδαμου;;6
περαιουσθαι;;6
βιου;;6
εχοντοσ;;6
αισχυνην;;6
διαιταν;;6
σημειον;;6
κατεθεντο;;6
τροπον;;6
αγωνι;;6
δηλου;;6
τεθνεωτων;;6
δυνατωτεροι;;6
σαφεστατα;;6
οικειον;;6
ανεχωρησεν;;6
οσων;;6
παραλαβειν;;6
καταστηναι;;6
αξιοχρεων;;6
σκοπειν;;6
φαινονται;;6
χερσονησου;;6
προσκαθεζομενοι;;6
τεσσαρασ;;6
τελευτην;;6
πρωτου;;6
τυραννων;;6
δηλιωι;;6
βραχεα;;6
παλαια;;6
ομορουσ;;6
τελευταιοι;;6
στολωι;;6
επιοντων;;6
διεκριθησαν;;6
θεραπευοντεσ;;6
εξησ;;6
οιονται;;6
αποθανειν;;6
αλλοθεν;;6
δεοντα;;6
εξει;;6
ιονιον;;6
γενοσ;;6
επιεζοντο;;6
ικεται;;6
υπηρχον;;6
ηκοντασ;;6
κορινθιασ;;6
τρισχιλιοι;;6
απαγειν;;6
υπηκουον;;6
στοματι;;6
αιχμαλωτουσ;;6
επεκρατουν;;6
εφοβουντο;;6
ελεξαν;;6
επικουριασ;;6
ερημοι;;6
κινδυνοσ;;6
παραγιγνονται;;6
οιεται;;6
ημετερον;;6
αποικουσ;;6
ομοιοι;;6
τεκμηριον;;6
απατηι;;6
υμετερων;;6
προσλαβειν;;6
ασθενεισ;;6
λεγεσθαι;;6
αδεεστερον;;6
επελθειν;;6
ενθενδε;;6
αναγκαιον;;6
ξυνθηκασ;;6
ηγεμονεσ;;6
εικοτα;;6
διαφεροντωσ;;6
υβρει;;6
κρινεσθαι;;6
προσιεναι;;6
εχθροι;;6
νικαν;;6
αφανει;;6
υμετεραι;;6
κιμωνοσ;;6
λυειν;;6
ορμιζονται;;6
αττικαι;;6
σιτια;;6
πλεουσασ;;6
οχλου;;6
πανταχηι;;6
ευωνυμωι;;6
ενεκειντο;;6
σαντεσ;;6
εξαπινησ;;6
αφανουσ;;6
νυξ;;6
πολεμιαι;;6
αιχμαλωτων;;6
βουλομεθα;;6
βουλεσθε;;6
αντεστησαν;;6
ανελομενοι;;6
εκπεμπειν;;6
αρχουσι;;6
δισχιλιουσ;;6
πειρασαντεσ;;6
μεσωι;;6
αποπεμπουσιν;;6
λογαδεσ;;6
μακεδονεσ;;6
φρουρειν;;6
τειχιζειν;;6
φορμιωνα;;6
γιγνηται;;6
εκπλευσαι;;6
χαλκιδικην;;6
ολιγα;;6
παρελθοντεσ;;6
προσηκει;;6
αμυνομενοι;;6
νομιζομεν;;6
δεινων;;6
οιεσθε;;6
ερημιαν;;6
βουλευεσθε;;6
δηλωσαι;;6
αριθμον;;6
ναυμαχησαι;;6
ικανασ;;6
δεουσ;;6
ωφελιμον;;6
περιεστη;;6
αδικουμενοι;;6
πειρασομεθα;;6
δοκων;;6
ηλικιαι;;6
ορω;;6
ταχ;;6
μηπω;;6
ηδονηι;;6
ελπιδασ;;6
βραχει;;6
μοριωι;;6
σωματων;;6
απεχωρησεν;;6
υπηρχε;;6
τολμησαι;;6
επεισε;;6
λιθουσ;;6
βυζαντιον;;6
επυνθανοντο;;6
ηγεμονιαν;;6
φορον;;6
ακριβωσ;;6
οδων;;6
προελθοντεσ;;6
παραδοντεσ;;6
μονουσ;;6
υποψιαν;;6
ειποντεσ;;6
αφιεναι;;6
εχθοσ;;6
υπεχωρουν;;6
οδου;;6
παθοσ;;6
απεχωρουν;;6
ελπισαντεσ;;6
πλεουσαι;;6
διεφυγον;;6
ετελευτησεν;;6
ξανθιππου;;6
οινιαδασ;;6
φευγοντων;;6
καυνου;;6
αρετασ;;6
δωριευσι;;6
ελαυνειν;;6
εορτη;;6
γιγνωσκειν;;6
βωμον;;6
ελαβεν;;6
επιστολην;;6
σε;;6
βυζαντιου;;6
αξιωματι;;6
πραξειν;;6
νεωτερον;;6
οικημα;;6
απολαβοντεσ;;6
απεθανε;;6
σωματα;;6
τιμωρεισθαι;;6
ναξον;;6
αξιαν;;6
επιοντα;;6
αγαθα;;6
αποκρινασθαι;;6
τυχην;;6
υπακουειν;;6
γνωτε;;6
τοιουτοι;;6
ομοιου;;6
κακεινοι;;6
θηβαιοισ;;6
αφιστασθαι;;6
τρισ;;6
εφευγον;;6
απωλλυντο;;6
παραγενεσθαι;;6
κακου;;6
λαβοιεν;;6
αναχωρησαντων;;6
φιλια;;6
ελεγετο;;6
πελληνησ;;6
στρατευοντεσ;;6
παρεσκευασμενουσ;;6
λογισμωι;;6
αξιουσι;;6
καλλιστον;;6
χρωμενουσ;;6
εγνω;;6
ξυστρατευειν;;6
προσοδου;;6
ταλαντων;;6
σωτηριαι;;6
τοσουτοι;;6
εσβολη;;6
τετραμμενον;;6
αρχαιον;;6
ιδεαν;;6
μειναι;;6
ωρωπον;;6
τριηραρχουσ;;6
μηδεμιαι;;6
λογαδασ;;6
κλεινιου;;6
αποβασεισ;;6
ποιησαμενοσ;;6
υιον;;6
ακαρνανιαν;;6
απροσδοκητοισ;;6
αναγαγομενοι;;6
σημα;;6
εμε;;6
οιασ;;6
πολεμιοσ;;6
μονη;;6
κρεισσων;;6
αξιων;;6
καιρου;;6
λοιπουσ;;6
ελευθερον;;6
οιδα;;6
ηλικιασ;;6
πειραιει;;6
μεταβολησ;;6
πνευμα;;6
ισχυρον;;6
ποδασ;;6
νοσου;;6
γιγνομενον;;6
επελθοντασ;;6
απηισαν;;6
αιφνιδιωσ;;6
ηξει;;6
καταστησαι;;6
κοινου;;6
οιδ;;6
αιδιον;;6
φοβεισθαι;;6
διαβολασ;;6
ξυμπολεμειν;;6
αποκτειναντεσ;;6
διεφθειρον;;6
αμφιλοχοι;;6
εσπλειν;;6
αποθνηισκει;;6
οποι;;6
ωμοσαν;;6
υλην;;6
πελταστασ;;6
ελθωσιν;;6
τεταγμενοι;;6
αυτοβοει;;6
στρατοπεδων;;6
ταξιν;;6
γεγενησθαι;;6
εμπειριαν;;6
αφικεσθαι;;6
ιστε;;6
ησσασθαι;;6
ναυται;;6
τεσσαρων;;6
κωλυσαι;;6
φυλακη;;6
λειαν;;6
εστρατευσεν;;6
επειθεν;;6
οικουσι;;6
ηκολουθουν;;6
δωσειν;;6
βεβαιουσ;;6
αμφιλοχων;;6
κατεπλευσαν;;6
αναγκασθεντεσ;;6
πλωι;;6
πελαγουσ;;6
βοηθησαντων;;6
δραχμην;;6
παχητα;;6
πυργων;;6
νουν;;6
ηκιστ;;6
ιδιαν;;6
προσβαλων;;6
πρωτα;;6
τοιουτουσ;;6
βελτιστα;;6
μελλειν;;6
γεφυραν;;6
δεομενων;;6
μετεωρα;;6
επεπλει;;6
ευρυμεδοντα;;6
καθεστασαν;;6
πανταπασιν;;6
αρχιδαμου;;6
προσθειναι;;6
τριακοσιοισ;;6
επεκειντο;;6
ακοντισται;;6
εσχατον;;6
τροπαια;;6
οποσοι;;6
ρηγινων;;6
αυτοσε;;6
ηροσ;;6
ηξιου;;6
στρατιωταισ;;6
τριηραρχων;;6
κομισαι;;6
εθεντο;;6
διανοουνται;;6
σικελοι;;6
ψηφισαμενων;;6
καταφρονησαντεσ;;6
βοησ;;6
ξυστραφεντεσ;;6
ξυμπαντοσ;;6
ερχονται;;6
σιφασ;;6
περδικκαι;;6
απηγαγε;;6
θειον;;6
λαθειν;;6
επιτηδειοι;;6
σκιωναιων;;6
υπωπτευον;;6
αναλαβων;;6
τεωσ;;6
σταυρωμα;;6
καθοδον;;6
εξεστω;;6
ακριβεσ;;6
διαφοραν;;6
βουλη;;6
λιχασ;;6
δεκατον;;6
προθυμοτερον;;6
εγεσταιοισ;;6
ελθοιεν;;6
μεταβοληι;;6
κατανησ;;6
ερμων;;6
ιδοιεν;;6
εγεστησ;;6
συρακουσαισ;;6
υποπτωσ;;6
επισταμενοσ;;6
επιπολασ;;6
χιουσ;;6
γυλιππου;;6
διομεδων;;6
λαμβανουσι;;6
πεδαριτοσ;;6
πεδαριτου;;6
κνιδον;;6
ροδον;;6
εκατερουσ;;5
καλουμενη;;5
αδηλον;;5
πανταχου;;5
μεγεθει;;5
μειζουσ;;5
στασεισ;;5
πολιται;;5
τρωικων;;5
τουνομα;;5
προσπιπτοντεσ;;5
κωμασ;;5
ληισται;;5
παλαιασ;;5
πρεσβυτεροι;;5
χρονοσ;;5
επαυσαντο;;5
αναδουμενοι;;5
παλαιον;;5
περιουσιασ;;5
πλειστασ;;5
στολον;;5
σχειν;;5
παραλαβων;;5
μικρον;;5
κατασκευαισ;;5
οψεωσ;;5
απιστειν;;5
μεγεθουσ;;5
πολιορκιαι;;5
ασθενη;;5
ανασταντεσ;;5
λεγονται;;5
τριηρεσι;;5
μηδικων;;5
ξερξου;;5
αιγινηται;;5
αιγινηταισ;;5
ισησ;;5
αλλοθι;;5
ιωσι;;5
επραχθη;;5
ετεσιν;;5
δεκατωι;;5
αρμοδιου;;5
υποτοπησαντεσ;;5
αριστογειτων;;5
απεσχοντο;;5
λεχθεντων;;5
τοιουτων;;5
κρισιν;;5
μηκοσ;;5
ελυσαν;;5
γενουσ;;5
μητροπολιν;;5
καθεζομενοι;;5
ηραιον;;5
ουδεμιαν;;5
δελφουσ;;5
καταγειν;;5
ξενουσ;;5
θηβαιουσ;;5
δισχιλιοισ;;5
απασησ;;5
εστρατοπεδευοντο;;5
θεσπρωτιδοσ;;5
ουδετεροι;;5
αλλοτριαι;;5
οικειαι;;5
αδικουμενοισ;;5
υμετερωι;;5
δεξαμενων;;5
εστω;;5
δεχομενοι;;5
τακει;;5
ξυμπασι;;5
αγωνιζεσθαι;;5
σωφρον;;5
αρετηι;;5
ευπρεπεσ;;5
εξην;;5
περιοψεσθαι;;5
δικησ;;5
ξυμμαχειν;;5
ερχομεθα;;5
ανοκωχησ;;5
αποσταντων;;5
ψηφον;;5
αιγινητων;;5
παρεσχεν;;5
ομοιοισ;;5
φανεραν;;5
ελασσων;;5
ομοιουσ;;5
απελθοντων;;5
αποβαινειν;;5
αμ;;5
ποταμοσ;;5
πληρωσαντεσ;;5
σημεια;;5
ηρθη;;5
καρτερα;;5
τεχνηι;;5
επιστημηι;;5
θορυβοσ;;5
λαμπρωσ;;5
ουσων;;5
λοιπαι;;5
προσπλεουσασ;;5
σφετεραι;;5
εφοβηθησαν;;5
ερημωι;;5
γνωμη;;5
βοηθοι;;5
ηλθομεν;;5
τοιαιδε;;5
ανακτοριον;;5
αιτια;;5
οικουσιν;;5
καθελειν;;5
αλεξανδρου;;5
ποτειδεατων;;5
υπεσχετο;;5
νεμεσθαι;;5
φιλιππου;;5
ποτειδεαταισ;;5
αγγελια;;5
ιππευσι;;5
εξακοσιοισ;;5
ολυνθου;;5
ιππου;;5
εχοντι;;5
επιβοηθειν;;5
ποτειδαιαι;;5
ειλεν;;5
ενοντων;;5
παριοντεσ;;5
λιμενων;;5
ειργεσθαι;;5
βλαπτεσθαι;;5
λεγοντων;;5
δυναμενοσ;;5
δρωντεσ;;5
λανθανειν;;5
τυχασ;;5
επισταμενοι;;5
επενεγκειν;;5
δοκειτε;;5
γνωσιν;;5
νικωμενοι;;5
επληρωσαν;;5
αδικον;;5
βοηθουντεσ;;5
υπομνησιν;;5
τραπεσθαι;;5
ωφελει;;5
εβοηθει;;5
μηδωι;;5
προθυμιασ;;5
ξυνεσεωσ;;5
βιασαμενοι;;5
ησσω;;5
οιομεθα;;5
λαβοντασ;;5
δειξαι;;5
οπωσουν;;5
πρωτησ;;5
ταχα;;5
γνωμαισ;;5
λεγομεν;;5
παραβαινειν;;5
γνωμαι;;5
ελεξε;;5
απειριαι;;5
γενο;;5
δημοσιωι;;5
καταλυεσθαι;;5
ετων;;5
σχολαιτερον;;5
τουτ;;5
σωφρονεστερον;;5
κρατιστον;;5
ετοιμων;;5
κακοι;;5
μελλουσι;;5
πρεπει;;5
αδικουντασ;;5
βοηι;;5
καταφυγοντεσ;;5
οικιαι;;5
οσοισ;;5
θηβων;;5
ταυτ;;5
αποστελλειν;;5
επισχειν;;5
δημοσιου;;5
προσδεχεσθαι;;5
παρεισιν;;5
λαμβανει;;5
ικανη;;5
δηθεν;;5
σπουδην;;5
λιθων;;5
ωικοδομησαν;;5
προσεκειτο;;5
επιτηδειουσ;;5
μισοσ;;5
θασον;;5
μεσογειαν;;5
υπεσχοντο;;5
ειλωτεσ;;5
παιδεσ;;5
πηγασ;;5
ηρξατο;;5
αιγινητασ;;5
μεγαριδα;;5
αιγινησ;;5
πρεσβυτερων;;5
παρασκευασαμενοι;;5
φωκεασ;;5
εποιησε;;5
πορευομενοι;;5
ελουσ;;5
ελληνικου;;5
σαλαμινοσ;;5
στρατευσαντεσ;;5
ορχομενον;;5
μελλουσιν;;5
φρουροι;;5
ελευσινα;;5
επτακοσιουσ;;5
ελθοντοσ;;5
αγνωνοσ;;5
προφασισ;;5
πολεμοισ;;5
ισχυσ;;5
μενοσ;;5
θαλασσα;;5
προελθειν;;5
ευτυχιαι;;5
παραγγελλομενα;;5
διαφοραι;;5
φερουσαν;;5
ενδεχεται;;5
ξυνελθοντεσ;;5
ακινδυνωσ;;5
μελλησιν;;5
δυνατοσ;;5
εδηλου;;5
καθιζουσιν;;5
οστα;;5
οισειν;;5
ηναντιουτο;;5
σπαρτηι;;5
εαλωσαν;;5
αποπεμπει;;5
επρασσε;;5
σπαρτην;;5
λεγει;;5
γραμματα;;5
κελευσαντων;;5
λειπεσθαι;;5
εξηλθε;;5
σπαρτιαται;;5
τιμην;;5
βουλευσαι;;5
ευνοιαι;;5
τηρησαντεσ;;5
λιμωι;;5
ταφον;;5
οπου;;5
καταντικρυ;;5
ακουσασ;;5
ποιει;;5
εφεσον;;5
ασφαλει;;5
διδουσ;;5
φυσεωσ;;5
ενιαυτου;;5
κελευσαντοσ;;5
λακεδαιμονιον;;5
αθηναιον;;5
ραμφιου;;5
ξυμβηι;;5
ποιησονται;;5
αμεινουσ;;5
εχω;;5
αμαρτιασ;;5
γεγραπται;;5
επηγαγοντο;;5
αγαγειν;;5
κρατησειν;;5
ξυνελεγοντο;;5
προσπιπτοιεν;;5
θορυβωι;;5
σωθηναι;;5
εξοδον;;5
γεγενημενον;;5
δρασειαν;;5
εκτοσ;;5
αρχομενοι;;5
εποιει;;5
ασφαλεια;;5
δεδιοτασ;;5
παρεσμεν;;5
καθιστανται;;5
ιδιοισ;;5
σκυλα;;5
κυκλου;;5
σταδιων;;5
επικειμενασ;;5
βουλευτηριον;;5
υδατι;;5
ξυμφοραι;;5
μηχαναισ;;5
μεθοριοισ;;5
ορμησαντεσ;;5
αχαρνασ;;5
εσβοληι;;5
επεξελθειν;;5
ανεχωρησε;;5
φυγη;;5
πεισθηναι;;5
ωρμητο;;5
κακουργειν;;5
βραχεια;;5
στασεωσ;;5
επεθεντο;;5
σιταλκου;;5
καλουμενησ;;5
εξελασαντεσ;;5
λοκροισ;;5
λοκριδοσ;;5
απεπλεον;;5
αναιρεσιν;;5
ελαμβανε;;5
τιμασ;;5
μετριωσ;;5
οσην;;5
κεινται;;5
γιγνωσκοντεσ;;5
εθελειν;;5
εκτησαντο;;5
κερδοσ;;5
μεταστησαι;;5
ασθενειασ;;5
εδρασαν;;5
ακρασ;;5
ετεροσ;;5
ετουσ;;5
απασασ;;5
επιθυμιαι;;5
νομοσ;;5
ελπιζων;;5
ανθρωποισ;;5
επιδαυρου;;5
εστρατευον;;5
αγνων;;5
μηχανασ;;5
νοσωι;;5
ξυγχωρειν;;5
απασι;;5
πλεοντασ;;5
ελασσουσθαι;;5
εχθροισ;;5
καλα;;5
ειλοντο;;5
αλογωσ;;5
ενδιδοναι;;5
παρασχειν;;5
ολκασι;;5
κολπωι;;5
ειποντων;;5
μηδετερουσ;;5
προτερων;;5
τιμωριασ;;5
κατωθεν;;5
μετεωρου;;5
διελομενοι;;5
ενδοθεν;;5
εσηκοντιζον;;5
ναυαρχον;;5
επεραιωθησαν;;5
διαφθειρονται;;5
επιθεσθαι;;5
ταραχην;;5
ξυμμειξαι;;5
αποστειλαι;;5
στομα;;5
προτεραν;;5
προσηκον;;5
δικαιου;;5
ακοντασ;;5
καθιστασθαι;;5
ανδρασιν;;5
οθενπερ;;5
ολκαδα;;5
αφικομενουσ;;5
ανεμοσ;;5
σαλαμινα;;5
βοηθησαντεσ;;5
θραικασ;;5
ποντον;;5
ποντου;;5
βορεαν;;5
χαλκιδευσιν;;5
τετρακοσιοισ;;5
λεσβωι;;5
παρηινουν;;5
προσεχωρουν;;5
τυχοιεν;;5
υπολοιπουσ;;5
μυτιληνη;;5
κλιμακασ;;5
ισασ;;5
ανεμωι;;5
ασπιδασ;;5
ηιδει;;5
βαλλοντεσ;;5
γεγενημενων;;5
δηλωι;;5
παρεπλει;;5
κρατουντων;;5
οικτωι;;5
περιγιγνεσθαι;;5
αμαρτειν;;5
ακοντεσ;;5
καλου;;5
ηντινα;;5
τοινυν;;5
ευεργετασ;;5
κλεωνοσ;;5
προτερασ;;5
δεινοι;;5
εχθρασ;;5
σχησειν;;5
φατε;;5
καταλαμβανουσιν;;5
βουλην;;5
πειθουσιν;;5
ποιουμενων;;5
λοιπαισ;;5
ετολμησαν;;5
θουκλεουσ;;5
φθασασ;;5
γενοιντο;;5
εκατερωι;;5
ιδοι;;5
οποσα;;5
λεοντινοι;;5
καμαριναιων;;5
συρα;;5
ρηγινοι;;5
αγιδοσ;;5
παραπλευσασ;;5
αιτωλων;;5
φυγησ;;5
περιγενομενοι;;5
φοβουμενοσ;;5
ευρυλοχοσ;;5
υπηκοον;;5
αναχωρησει;;5
ξυνοδοσ;;5
αργειαν;;5
αναχωρειν;;5
προσεκειντο;;5
αποχωρειν;;5
απιοντασ;;5
απιστον;;5
λαχητοσ;;5
ορει;;5
εσπλουσ;;5
ναυτασ;;5
δυνηται;;5
ουσαισ;;5
διενοηθησαν;;5
ειωθοσ;;5
μειζονοσ;;5
απελθοντεσ;;5
μεσσηνηι;;5
μεσσηνησ;;5
ρηγιωι;;5
αντεπηισαν;;5
εβαλλον;;5
διαφυγοντεσ;;5
ενδουναι;;5
τοξοτων;;5
χερσι;;5
εξιεναι;;5
προδοσιασ;;5
αγαγοντεσ;;5
κυθηρα;;5
κυθηρων;;5
εχομενησ;;5
ησυχασαν;;5
ηθελησαν;;5
αξιομαχοι;;5
αριστον;;5
ταυτο;;5
θρουν;;5
αρχαισ;;5
αρραβαιον;;5
αρραβαιου;;5
ανδριων;;5
ξυμπασηι;;5
αποδιδοναι;;5
απεχον;;5
κηρυγμα;;5
τορωνην;;5
πρωτωι;;5
αντιπαλα;;5
αδολωσ;;5
παρουσιν;;5
ξυνεθεντο;;5
σκιωνην;;5
νομισατε;;5
πλειστοαναξ;;5
τοιν;;5
ομοσαι;;5
μαχαισ;;5
ηπισταντο;;5
βοιωταρχαι;;5
εσκοπουν;;5
εκκλησια;;5
επιδαυριοισ;;5
πυθομενοσ;;5
θρασυλοσ;;5
τωσ;;5
κα;;5
ολιγαρχια;;5
τειχισμον;;5
χειρω;;5
θαψου;;5
σελινουντιουσ;;5
συρακουσαι;;5
ξυνωμοσιαι;;5
επιβαται;;5
εντελη;;5
διαφυγειν;;5
λοιπασ;;5
μονοσ;;5
πλημμυριωι;;5
ολκαδασ;;5
πλημμυριου;;5
τριβειν;;5
αλκαμενη;;5
σπειραιωι;;5
χιοισ;;5
δημοκρατιασ;;5
πεισανδροσ;;5
θρασυβουλοσ;;5
ασπενδον;;5
αρισταρχοσ;;5
ξυμβαινει;;4
προτερα;;4
εμποριασ;;4
νεμομενοι;;4
περιουσιαν;;4
ισχυον;;4
στασει;;4
δυνατωτατοι;;4
παλαιου;;4
επωνυμιαν;;4
ομηροσ;;4
επεσι;;4
αχαιουσ;;4
πλειστων;;4
πυνθανονται;;4
εληιζοντο;;4
παλαιωι;;4
αιτωλουσ;;4
ηπειρωταισ;;4
ληιστειασ;;4
πρεσβυτερουσ;;4
αθλα;;4
νησοισ;;4
λεγουσι;;4
αποθανοντοσ;;4
οτ;;4
τυγχανειν;;4
ικανοσ;;4
εκρατει;;4
χρωμενοσ;;4
οιμαι;;4
εκεινην;;4
μεγιστασ;;4
ελαχιστασ;;4
ηγαγον;;4
ιωνασ;;4
γιγνομενησ;;4
μειζονων;;4
σαμιοισ;;4
εμποριον;;4
κτησαμενοι;;4
παρεχοντεσ;;4
προσοδωι;;4
υιεοσ;;4
ανεθηκε;;4
ναυμαχουντεσ;;4
στρα;;4
ελλαδι;;4
βαρβαρου;;4
ελαχιστην;;4
επιπλεοντεσ;;4
παρεγενετο;;4
φοινικων;;4
τυραννοι;;4
ιδιον;;4
οικον;;4
ενοικουντων;;4
χρωνται;;4
καταλυσιν;;4
ηγησαντο;;4
εκλιπειν;;4
χαλεπα;;4
δεχονται;;4
πεισιστρατου;;4
ιππαρχοσ;;4
αρμοδιοσ;;4
δρασαντεσ;;4
κινδυνευσαι;;4
περιτυχοντεσ;;4
αληθειασ;;4
πιστευων;;4
πολεμησειν;;4
μνημησ;;4
ακουειν;;4
εσχεν;;4
μεγαλοι;;4
τριακοντουτεισ;;4
εθνοσ;;4
επιδαμνιοι;;4
απρακτουσ;;4
θεον;;4
μαντειον;;4
μισει;;4
αποικιαι;;4
προυχειν;;4
ασμενοι;;4
εχαλεπαινον;;4
ξυγγενειαν;;4
στρατευουσιν;;4
προσλαβοντεσ;;4
χρησεσθαι;;4
επιδαμνου;;4
ομοιαι;;4
επιδαυριων;;4
παρεσχον;;4
επυθοντο;;4
σικυωνιων;;4
παρελαβον;;4
πολιορκεισθαι;;4
λευκιμμηι;;4
κυλληνην;;4
ενεπρησαν;;4
εφθειρον;;4
χειμεριον;;4
αντιλογιαν;;4
δεονται;;4
χρειαν;;4
ηκομεν;;4
εσομεθα;;4
δεισθαι;;4
επικουριαν;;4
κινδυνευοντασ;;4
κεκτημεθα;;4
ονπερ;;4
αποικια;;4
δουλοι;;4
εβουληθησαν;;4
μηδετερων;;4
ελληνιδων;;4
ειτα;;4
δεξαμενουσ;;4
φοβειται;;4
εασαι;;4
εξετε;;4
αμαρτηματων;;4
προσηκοντων;;4
στηναι;;4
εγενεσθε;;4
αφισταμενουσ;;4
κολαζειν;;4
παραινεσιν;;4
τοιανδε;;4
εχθροσ;;4
νομισηι;;4
λυσαι;;4
αξιουμεν;;4
προσηκοντα;;4
κεισθαι;;4
βοηθουσ;;4
προσεμειξαν;;4
ακρα;;4
συβοτα;;4
ανηγοντο;;4
μετεωρουσ;;4
τρεψαμενοι;;4
διωξεωσ;;4
απροφασιστωσ;;4
εκτεινον;;4
κατεδιωξαν;;4
ερημοσ;;4
ποιη;;4
οσασ;;4
ναυαγιων;;4
απορα;;4
οικαδε;;4
ημετερουσ;;4
εμποδων;;4
αρχομεν;;4
νενικηκοτεσ;;4
υπεχωρησαν;;4
σαν;;4
καταστησαντεσ;;4
περιγιγνεται;;4
επρασσεν;;4
χαλκιδευσι;;4
ποτειδεαται;;4
νεωτεριζειν;;4
λιμνην;;4
εθελοντασ;;4
αριστεωσ;;4
πεμπτον;;4
μακεδονιασ;;4
διωκοντεσ;;4
οραι;;4
κωλυσοντεσ;;4
παρεγενοντο;;4
πεντακοσιων;;4
επειθε;;4
λαθων;;4
πολισματα;;4
ξυμμαχιδα;;4
ενηγον;;4
αγορασ;;4
επιβουλευοντασ;;4
παρεσχε;;4
υμετερουσ;;4
δραι;;4
εκασ;;4
επιτελεσαι;;4
δεινοισ;;4
υμετερον;;4
σωμασιν;;4
πειραι;;4
ηγεισθαι;;4
ξυνελων;;4
τεχνησ;;4
εχθιστοισ;;4
οση;;4
πρεσβυτεροισ;;4
γιγνοιντο;;4
καθεστωτοσ;;4
οιαν;;4
εσχε;;4
νικηθεισ;;4
ωφελησαι;;4
εσβηναι;;4
εθελησαντων;;4
τιμησ;;4
ανεπιφθονον;;4
λυπηρουσ;;4
δοκουντεσ;;4
λογιζομενοι;;4
δικαιωι;;4
γενωνται;;4
βιαζεσθαι;;4
υπηκοοισ;;4
ευνοιαν;;4
γνωσεσθε;;4
πονον;;4
ουδεμιαι;;4
μαρτυρασ;;4
ξυνετοσ;;4
μενον;;4
ιπποισ;;4
αφισταναι;;4
φρονηματι;;4
κινειν;;4
αιτιασθαι;;4
μηθ;;4
ιδιωτων;;4
ευπρεπωσ;;4
θειν;;4
σπευδοντεσ;;4
ελευθεραν;;4
δοκουν;;4
ανθρωπου;;4
εξεστι;;4
τελευταιοσ;;4
μηδουσ;;4
αδικουμενουσ;;4
τιμωρειν;;4
ιπποι;;4
θατερα;;4
παρακαλεσαντεσ;;4
μηδοι;;4
περιησαν;;4
πρεσβειαι;;4
αποκριναμενοι;;4
υψοσ;;4
κατειχον;;4
φανηναι;;4
βουλησεωσ;;4
ανθιστασθαι;;4
κυπρον;;4
παυσανιαι;;4
παυσανιαν;;4
γιγνωνται;;4
τοσαδε;;4
βραχεωσ;;4
στρυμονι;;4
προσαγεσθαι;;4
μυριουσ;;4
καλουμενασ;;4
ξυμπαντων;;4
περιοικων;;4
ιθωμηι;;4
ορκοι;;4
κατωικισαν;;4
ενησαν;;4
επιδαυριουσ;;4
αιγινηι;;4
αδυνατουσ;;4
ετυχεν;;4
φωκεων;;4
δωριασ;;4
ερινεον;;4
πλειστοανακτοσ;;4
πεντακοσιοισ;;4
αναγκασαντεσ;;4
κρισαιου;;4
κωλυσειν;;4
πορευεσθαι;;4
περιεπλευσαν;;4
τολμαιου;;4
ιδεαι;;4
σην;;4
διαβασ;;4
ειλε;;4
μαχιμωτατοι;;4
ξυμμαχιδοσ;;4
αιγυπτον;;4
θεσσαλιασ;;4
υιοσ;;4
λιμου;;4
κορωνειαι;;4
επιτιθενται;;4
υπεμειναν;;4
ξυνθεμενοι;;4
καριασ;;4
τειχεσι;;4
σαμιοι;;4
μηνι;;4
δοντεσ;;4
ετεσι;;4
οικειοισ;;4
προθυμιαι;;4
εξουσι;;4
διδωσι;;4
παρασχον;;4
ταχιστ;;4
σωμασι;;4
νικηι;;4
επιστημην;;4
δηπου;;4
δουλειαι;;4
αστυ;;4
ακουσαι;;4
ανεχεσθαι;;4
παρουσι;;4
πατριον;;4
περιουσιαι;;4
παραινουντων;;4
αφιχθαι;;4
φοβηθεντεσ;;4
ησυχιασ;;4
ακινδυνον;;4
διανοεισθαι;;4
προσφορα;;4
ολυμπια;;4
αγρων;;4
επιτρεψαντεσ;;4
εια;;4
νομιζουσι;;4
σεισμον;;4
κατεθετο;;4
αποστελλει;;4
φαρνακου;;4
ημετερωι;;4
αγαθου;;4
πορευομενον;;4
μειζονωσ;;4
εχρητο;;4
εφοροι;;4
κηρυκοσ;;4
υποπτοσ;;4
ανεθεσαν;;4
διανοιαι;;4
ηξιωσαν;;4
επιστολασ;;4
κτεινειν;;4
λεγοντοσ;;4
ειδε;;4
οικηματοσ;;4
θυρασ;;4
δεδιεναι;;4
τυχων;;4
αξιοσ;;4
κριναι;;4
βιον;;4
κομισθηναι;;4
πρεσβειασ;;4
απανιστασθαι;;4
ηκοντεσ;;4
πολεμησομεν;;4
εμοιγε;;4
αθροον;;4
σχοληι;;4
πλευσαντασ;;4
ισχυομεν;;4
απασα;;4
αμαχει;;4
πρεποντα;;4
τολμηι;;4
απε;;4
χωρησαν;;4
ενεμειναν;;4
εσοιτο;;4
κοινουσ;;4
ξυμφορον;;4
φυλαξαντεσ;;4
διοδον;;4
εμπρησαντεσ;;4
αγγελιασ;;4
υπαρχειν;;4
γεγενημενα;;4
ξυνελαβον;;4
γυναιξι;;4
γεγενημενου;;4
δεχομενουσ;;4
κεφαλληνιαν;;4
επενοουν;;4
πρωτων;;4
αχαιων;;4
παρειχοντο;;4
νησοι;;4
κρητησ;;4
μηλου;;4
περιηγγελλον;;4
αριστοι;;4
χωρειν;;4
ηγεμονα;;4
ελπιζειν;;4
σφετερον;;4
δημοσια;;4
ακροπολεωσ;;4
απεφαινε;;4
μακρου;;4
υπηρχεν;;4
αγροισ;;4
θεωι;;4
τισιν;;4
επεκηρυκευοντο;;4
ζευξιδαμου;;4
εμμειναντεσ;;4
εγγυτερω;;4
προελθων;;4
επασχον;;4
θεσσαλοι;;4
επεξηισαν;;4
ασπερ;;4
ζημιαν;;4
περιπλεοντεσ;;4
προσβοηθησαντασ;;4
εκρατησεν;;4
εποικουσ;;4
θυρεαν;;4
μεθορια;;4
αργειασ;;4
αδελφην;;4
σιταλκην;;4
τηρεω;;4
προσπλευσαντεσ;;4
ετειχισθη;;4
κατελθειν;;4
βιαιοτερον;;4
εκομισθησαν;;4
αξυνετοσ;;4
αξιωσει;;4
επαινον;;4
φυσιν;;4
προγονων;;4
τροπων;;4
ομιλον;;4
δημοκρατια;;4
ελευθερωσ;;4
κοινην;;4
επιμελειαν;;4
ητοι;;4
λεγω;;4
αληθεια;;4
σημαινει;;4
μονωι;;4
δοξα;;4
ασφαλειαι;;4
πλεονα;;4
με;;4
λακεδαι;;4
λεγομενον;;4
εθνηισκον;;4
προσηισαν;;4
λιβυην;;4
σκοπων;;4
ετυγχανεν;;4
ουδεμιασ;;4
επεκειτο;;4
ασθενειαι;;4
ειδοσ;;4
οικειοι;;4
επιεσε;;4
πονωι;;4
ωραι;;4
φθασαντεσ;;4
καλωι;;4
προθυμοσ;;4
υστεροσ;;4
πεδιωι;;4
εφθειρε;;4
ποιουντασ;;4
εκπεπληγμενοι;;4
αιφνιδιον;;4
αλλοτε;;4
παρεχεται;;4
διωκειν;;4
δουλειασ;;4
τυραννιδα;;4
τεταγμενον;;4
δουλευειν;;4
πεφυκε;;4
μεγιστοισ;;4
ελασσονων;;4
αντειπειν;;4
ισοι;;4
εκπεμψαντεσ;;4
ενεδοσαν;;4
στρατευσαι;;4
φαρναβαζου;;4
πεμψειν;;4
πειθουσι;;4
πλοιον;;4
εκελευσεν;;4
πραξασ;;4
οισπερ;;4
αναχωρησασ;;4
δυνατωτατουσ;;4
ακαρνασιν;;4
εστειλαν;;4
αναβασ;;4
πολιορκιαν;;4
καθισασ;;4
εχθιστων;;4
υμετερα;;4
δενδρα;;4
αριθμωι;;4
σπεισασθαι;;4
εσπεισατο;;4
εγενομεθα;;4
βοηθησειν;;4
προδιδοναι;;4
ορωντασ;;4
καθιστη;;4
οικοδομημα;;4
εσεβαλλον;;4
ενθεν;;4
εφοβησεν;;4
ανελκυσαντεσ;;4
αφιεσαν;;4
υλησ;;4
φλογα;;4
επολιορκουντο;;4
διακοσιοισ;;4
προσχωρησειν;;4
πελτασται;;4
αναχωρουσι;;4
χαονεσ;;4
καταστρεψασθαι;;4
παρασκευασασθαι;;4
αμπρακιωταισ;;4
κωμην;;4
στρατιων;;4
στρατοπεδευσαμενοι;;4
ελληνικων;;4
ξυναγαγοντεσ;;4
ιοντων;;4
οινιαδων;;4
ηναγκασθησαν;;4
παραπλεοντασ;;4
αχαιασ;;4
χαλκιδοσ;;4
αναγκαζονται;;4
δοκησιν;;4
προειρητο;;4
εω;;4
οποταν;;4
τρεπεσθαι;;4
βελτιω;;4
κρητην;;4
προξενοσ;;4
απλοιασ;;4
πανορμον;;4
ριον;;4
φιλιον;;4
ανθωρμουν;;4
επιβοηθησαι;;4
εκφοβησαι;;4
θαρσουντεσ;;4
ζημιαι;;4
οψιν;;4
εκων;;4
παρεκελευσατο;;4
παρεβοηθει;;4
δεξιου;;4
παραγενομενοι;;4
υπολοιπον;;4
ατακτωσ;;4
ελαβε;;4
ηνπερ;;4
διαλυσαι;;4
αποπειρασαι;;4
εκπληξισ;;4
αστει;;4
φρουριου;;4
εσχατοι;;4
λαμβανειν;;4
ξυνεσιν;;4
διελθοντεσ;;4
ιππικον;;4
καταβαντεσ;;4
απιστουντεσ;;4
αναπειθεται;;4
αγραιων;;4
πεδιου;;4
μηθυμνησ;;4
ωιχοντο;;4
καταπλευσαντεσ;;4
κομισθεντεσ;;4
στρατευει;;4
αποπλευσαντεσ;;4
εκομισαντο;;4
εδυνηθησαν;;4
εφοδωι;;4
δυνηθηναι;;4
οδε;;4
υστερωι;;4
ισα;;4
επιον;;4
πλεισται;;4
μηθυμναν;;4
ημισεισ;;4
πυργον;;4
ταφρου;;4
διαβασεωσ;;4
απετραποντο;;4
εληφθη;;4
παυσαμενοι;;4
εσπενδοντο;;4
προσταξαντεσ;;4
πατροσ;;4
παχησ;;4
ιωνιαι;;4
αττικαισ;;4
αλκιδασ;;4
διωξιν;;4
ατειχιστου;;4
σπουδησ;;4
εφορμησιν;;4
βραχειασ;;4
σκοπουντεσ;;4
αξιουσιν;;4
ειποντοσ;;4
θαυμαζω;;4
παθων;;4
κειμενον;;4
πιστευσασ;;4
προθυμοι;;4
φρονουντεσ;;4
απλωσ;;4
αποτρεπειν;;4
ξυγγνωμην;;4
σταντεσ;;4
δεινοτερον;;4
αμαρτανειν;;4
καθεστωτασ;;4
ηγειται;;4
λεγοντα;;4
βεβαιου;;4
δοκησεωσ;;4
δεινοτατα;;4
σωφρονουμεν;;4
χρησιμωσ;;4
κρεισσω;;4
σφοδρα;;4
επινοιαν;;4
απεπεμψεν;;4
επιων;;4
διεκωλυσε;;4
λεσβιοισ;;4
ειργαζοντο;;4
ωφελιμοι;;4
εχωσι;;4
απρεπεσ;;4
χειρων;;4
τυραννου;;4
ισην;;4
ωφελεισθαι;;4
πολεμιωσ;;4
λε;;4
ηναγκασαν;;4
ελθουσησ;;4
οκτακοσιοι;;4
θορυβον;;4
δειλην;;4
διειτρεφουσ;;4
καταλιπειν;;4
νεωτερισωσιν;;4
γενομεναι;;4
διεκομισαν;;4
ιδεα;;4
στασισ;;4
ζοντο;;4
ονοματων;;4
πιστεισ;;4
προθυμον;;4
χειρι;;4
φιλονικιαν;;4
ορκοσ;;4
παθουσ;;4
καθοδου;;4
φθηναι;;4
σφετεροισ;;4
ενεδρασ;;4
πιστα;;4
προκλησ;;4
νησιωτασ;;4
προσαγαγεσθαι;;4
ταναγραν;;4
απηντων;;4
επεσθαι;;4
εδεισαν;;4
απαλλαγηναι;;4
ακοντων;;4
απαντησαι;;4
ραιδια;;4
εμπειροι;;4
τραχινι;;4
επεκηρυκευετο;;4
ησυχαζε;;4
τυραννοσ;;4
εθεωρουν;;4
ολπασ;;4
ευρυλοχου;;4
διελθειν;;4
εσχατα;;4
μαχουμενοι;;4
τεθνεωτοσ;;4
εσπεισαντο;;4
αγγελλεται;;4
ωιετο;;4
απεκρινατο;;4
απηλθεν;;4
απρακτοσ;;4
βουλο;;4
πυθοδωροσ;;4
καταναιων;;4
προσβολην;;4
πραξαντασ;;4
ξυλων;;4
καρτερον;;4
τω;;4
πολλαχοθεν;;4
αιρησειν;;4
νωι;;4
αντιπρωιροισ;;4
εσπλου;;4
εταξε;;4
πειρασειν;;4
ευπορον;;4
επισταμενουσ;;4
ναυτικην;;4
επικαταβαντεσ;;4
προσεδεχετο;;4
εθελωσι;;4
αντανηγοντο;;4
αναγεσθαι;;4
παρεβοηθουν;;4
λαθραι;;4
επιχωριον;;4
εικοτοσ;;4
μετρια;;4
σκοπειτε;;4
παραδοντασ;;4
εφορμουντεσ;;4
χειρωσεσθαι;;4
πλοιου;;4
εαυτοισ;;4
οποθεν;;4
μετεμελοντο;;4
στενοχωριαν;;4
ακοντοσ;;4
βαλλομενοι;;4
παρατεταγμενων;;4
τοξευμασι;;4
επενοει;;4
ιδειν;;4
αδοκητωι;;4
εληφθησαν;;4
επιδαυριαν;;4
εχθρον;;4
επικουρικον;;4
μιλησιουσ;;4
γελαν;;4
γνοντασ;;4
φυγηι;;4
ξυνθηματοσ;;4
κωλυμα;;4
νισαιαι;;4
φλειασιων;;4
επυθετο;;4
εδειξαν;;4
φιλοισ;;4
λοχουσ;;4
διιεναι;;4
ξενοι;;4
κομιζειν;;4
κελευοντων;;4
εξαγαγειν;;4
ελευθεριαι;;4
προσχωρειν;;4
ξυμπασιν;;4
βοιωτιαι;;4
ηγεμονιασ;;4
επιπαριων;;4
θεσπιων;;4
ωρωπου;;4
απεκομισθησαν;;4
εσελθειν;;4
σφενδονητασ;;4
δαρειον;;4
υποπτοι;;4
διεβη;;4
ομολογια;;4
παρων;;4
πειρασεσθαι;;4
προυχουσα;;4
ελαθεν;;4
πυλιδα;;4
ηρεσκε;;4
εσομενουσ;;4
πυθιου;;4
ειπε;;4
φιλοχαριδασ;;4
τορωνηι;;4
ηγησεσθαι;;4
οπλιτικον;;4
ησυχαζοντων;;4
ξυνηθεσ;;4
μενδην;;4
ισχαγορασ;;4
επιδειν;;4
φλειουντα;;4
φαιαξ;;4
μενουσ;;4
θεαν;;4
εμαυτου;;4
ιππων;;4
αποδοντων;;4
ομνυντων;;4
ευορκον;;4
αριστοκρατησ;;4
ισχυροτατωι;;4
οιχωνται;;4
ταραχη;;4
υποπτωι;;4
αισθεσθαι;;4
δεχημερουσ;;4
ηλειοισ;;4
μαντινειαν;;4
εξορκουντων;;4
μαντινειαι;;4
χαλκην;;4
νεωτερων;;4
εξεστρατευσαν;;4
επιδαυριασ;;4
αφειστηκει;;4
φλειασιοι;;4
νεμεασ;;4
αγιδι;;4
επειτ;;4
ται;;4
καττα;;4
πελοποννασω;;4
εσσιονται;;4
κρατησωσιν;;4
βουλευησθε;;4
σωθησεσθαι;;4
ωικισθη;;4
καταναιοι;;4
σελινουντα;;4
γελωιοι;;4
γελωιων;;4
κυμησ;;4
καμαριναν;;4
σελινουντιοι;;4
ξυνελεγη;;4
επειδηπερ;;4
σφαλλωνται;;4
ιαπυγιαν;;4
τολμησ;;4
ταραντα;;4
παραπλειν;;4
αγγελλουσι;;4
στρατηγωι;;4
πεντακισχιλιοισ;;4
καταλογου;;4
ταραντοσ;;4
ιππιου;;4
παρουσησ;;4
ανδραποδα;;4
συρακοσιου;;4
αθυμειν;;4
χαλκιδευσ;;4
ατακτοτερον;;4
επιπολαισ;;4
ολκασιν;;4
εδιδοσαν;;4
μισθοφοροι;;4
φορουσ;;4
αμοργην;;4
επειγομενων;;4
παρηιει;;4
στρομβιχιδην;;4
καταφευγουσιν;;4
χιασ;;4
ιασον;;4
θηριμενουσ;;4
αστυοχου;;4
κνιδωι;;4
ολιγαρχιαι;;4
πεισανδρου;;4
αβυδον;;4
μινδαροσ;;4
αγησανδριδασ;;4
ελαιουντα;;4
κυνοσ;;4
θουκυδιδου;;3
ελπισασ;;3
ευρειν;;3
τεκμηριων;;3
πλειονων;;3
επικρατειν;;3
βοιωτια;;3
δυναμεισ;;3
αυξηθηναι;;3
αποικιασ;;3
καλεισθαι;;3
εκρατησε;;3
ηρξε;;3
οικιστησ;;3
ληιστικον;;3
προσοδουσ;;3
ληιστειαν;;3
σφετερου;;3
ηπειρωτων;;3
ερωτωντεσ;;3
επιμελεσ;;3
οικησεισ;;3
ασφαλεισ;;3
ομοιων;;3
σιδηρον;;3
παλησ;;3
δρωσιν;;3
ωικισθησαν;;3
εχουσαι;;3
σκευηι;;3
κτησιν;;3
εφιεμενοι;;3
κρεισσονων;;3
προυχων;;3
ασιασ;;3
ηρακλειδων;;3
φευγοντα;;3
πατερα;;3
χαριτι;;3
αρκασι;;3
ποιηται;;3
κλεοσ;;3
ξυμπασησ;;3
πολυτελεσι;;3
διακοσιων;;3
αυτερεται;;3
σκευων;;3
πολεμικων;;3
χρησαμενοι;;3
αντιπαλοι;;3
αναχωρησισ;;3
ιλιου;;3
βασιλειαι;;3
κορινθωι;;3
τριακοσια;;3
διακοσια;;3
δεδηλωται;;3
καθηιρουν;;3
πολεμουντεσ;;3
ρηνειαν;;3
απολλωνι;;3
υστερα;;3
δαρειου;;3
εξηισαν;;3
αξιολογον;;3
κατεργαζεσθαι;;3
δωριων;;3
πολιτειαι;;3
μαραθωνι;;3
βαρβαροσ;;3
προυχοντεσ;;3
διεφανη;;3
παρεσκευασαντο;;3
επιτηδειωσ;;3
επιχωρια;;3
τυραννον;;3
πρεσβυτατοσ;;3
ιππιαι;;3
ιππαρχωι;;3
ψηφωι;;3
εκατερον;;3
σκοπουσι;;3
αληθωσ;;3
αρκουντωσ;;3
ταχειαν;;3
ξυνηνεχθη;;3
τοσαιδε;;3
φονοσ;;3
σεισμων;;3
λυσαντεσ;;3
οτου;;3
αναγκασαι;;3
επιδαμνιων;;3
απορωι;;3
ειχοντο;;3
επαιρομενοι;;3
εξηρτυοντο;;3
αποπεμπειν;;3
ιλλυριουσ;;3
επειθοντο;;3
ισηι;;3
επιδαμνωι;;3
οποτερων;;3
δικαζεσθαι;;3
πληρεισ;;3
προπεμψαντεσ;;3
καλλιου;;3
αμπρακικου;;3
προυπεμψαν;;3
απηγγειλεν;;3
παραταξαμενοι;;3
ενσπονδοι;;3
εκουσιοι;;3
ωρμηνται;;3
ορωμεν;;3
ξυγγνωμη;;3
γενησεται;;3
βλαπτουσι;;3
προσγενεσθαι;;3
εαυτην;;3
δυναμενουσ;;3
εχθει;;3
βεβαιωσασθαι;;3
διδοντων;;3
λειπομενοισ;;3
ηδικουν;;3
χαριζεσθαι;;3
ητισ;;3
πεισθεντων;;3
ασθενεσ;;3
προεσθαι;;3
πλειοσι;;3
αδικουμεν;;3
κρατωσι;;3
λαθωσι;;3
εχωσιν;;3
τοσωι;;3
τοιοιδε;;3
πολεμουσι;;3
κατοικισαι;;3
αδικου;;3
πλουτου;;3
ασφαλουσ;;3
παρεσχοντο;;3
ηκουσιν;;3
εγκληματων;;3
μαθειν;;3
βλαβηι;;3
δεξαμενοισ;;3
προσηκοντασ;;3
ευεργεσια;;3
σαμιουσ;;3
τοιουτοισ;;3
νεωτεροσ;;3
μελλουσαν;;3
κτησασθαι;;3
υποψιασ;;3
εγκλημα;;3
προειπομεν;;3
κομιζεσθαι;;3
ανταποδοτε;;3
δεχεσθε;;3
αδικουσιν;;3
απεδεξαντο;;3
ευθυ;;3
λιμην;;3
λιμνη;;3
ρει;;3
ηπειρωται;;3
αντιπαρετασσοντο;;3
παρε;;3
θυμωι;;3
ρωμηι;;3
σκηνασ;;3
ερημουσ;;3
διηρπασαν;;3
ησσωντο;;3
επιχειρησαι;;3
ειλκον;;3
προσεβεβοηθηκει;;3
αθροισθεντεσ;;3
κατιδοντεσ;;3
ολιγαι;;3
εωρωντο;;3
διαλυσιν;;3
κατεπλεον;;3
ωφθησαν;;3
συβοτοισ;;3
περιοψομεθα;;3
καταδυσαντεσ;;3
παλληνησ;;3
ξυμμαχα;;3
πλησιον;;3
αποστησονται;;3
πεισειαν;;3
αφιστανται;;3
ολυνθον;;3
καθαιρουντεσ;;3
αδελφων;;3
εθελονται;;3
ξυνεσποντο;;3
ποτειδαια;;3
αφεστωτα;;3
πυδναν;;3
αναγκαιαν;;3
κακειθεν;;3
προιοντεσ;;3
βοηθουντασ;;3
μακεδονασ;;3
επεξηλθον;;3
ησσατο;;3
νικη;;3
γενομενοισ;;3
προιων;;3
μενοντων;;3
διεφθειρεν;;3
βοττικην;;3
προσπαρακαλεσαντεσ;;3
καθιστησιν;;3
αμαθιαι;;3
λεγουσιν;;3
δεδουλωμενουσ;;3
στησαι;;3
απαρασκευουσ;;3
καθεστωτων;;3
οξεισ;;3
ευελπιδεσ;;3
ενδεα;;3
κτασθαι;;3
στερεσθαι;;3
απραγμονα;;3
επιπονον;;3
επιτηδευματα;;3
οσια;;3
πειρασθε;;3
πρεσβεια;;3
παρουσα;;3
σημηναι;;3
ηιδεσαν;;3
ολιγην;;3
εγκλημασι;;3
δικασταισ;;3
απεικοτωσ;;3
βουλευομενοισ;;3
εποιησεν;;3
θεμιστοκλεα;;3
στενωι;;3
προυχωρησε;;3
αρ;;3
υπολοιπα;;3
προαγαγειν;;3
τιθεσθαι;;3
καταστησαμενοι;;3
υπομειναντεσ;;3
δικαισ;;3
δοκουμεν;;3
στερισκομενοι;;3
χαλεπωτερον;;3
εκεινωσ;;3
υποχωρειν;;3
κρεισσονοσ;;3
πασχοντεσ;;3
νομιζει;;3
βραδεωσ;;3
παραλογον;;3
οσοσ;;3
ξυνθηκην;;3
πολεμητεα;;3
παθοιεν;;3
αστυγειτονασ;;3
πλουτωι;;3
ελληνικωι;;3
αρασθαι;;3
ετοιμωσ;;3
δηιουν;;3
παισιν;;3
δουλευσαι;;3
επιβουλευομεθα;;3
χαλεποτητι;;3
ελεξεν;;3
θεοισ;;3
δοκουσι;;3
εκεινο;;3
δειξασ;;3
διεστησαν;;3
μυκαλην;;3
κατασκευην;;3
υποπτον;;3
τοσουτου;;3
ικανον;;3
οικοδομηματοσ;;3
προσηιει;;3
επερχεται;;3
κελευει;;3
αριστειδησ;;3
πρεσβευεσθαι;;3
υστεροι;;3
πολιταισ;;3
ομοιον;;3
παραινεσει;;3
ηχθοντο;;3
προσεφερον;;3
λιθοι;;3
λοιπα;;3
λιμενασ;;3
γεγενημενουσ;;3
σκευαζεν;;3
ωφελιμωτερον;;3
κλεομβροτου;;3
κατεστρεψαντο;;3
φαινοιτο;;3
τυραννιδοσ;;3
αδικηματων;;3
εξιοντεσ;;3
μηδικου;;3
εκοντων;;3
προσχημα;;3
επαθον;;3
δηλοσ;;3
αυτονομων;;3
κοινων;;3
εκβολην;;3
ευβοεων;;3
αποστασι;;3
καθεστηκοσ;;3
λυπηροι;;3
αναγκασ;;3
θραικηι;;3
ενεμοντο;;3
στρυμονα;;3
αμφι;;3
οδοι;;3
θασιοι;;3
επεκαλουντο;;3
τριτωι;;3
ωμολογησαν;;3
επεκαλεσαντο;;3
λιβυων;;3
αιγυπτωι;;3
απολιποντεσ;;3
γερανειασ;;3
κατεβησαν;;3
μεγαρευσιν;;3
εκινησαν;;3
μυρωνιδου;;3
διαφθειρουσι;;3
εσελθοντασ;;3
κυτινιον;;3
περιπλευσαντεσ;;3
σκεψασθαι;;3
απορειν;;3
φωκιδοσ;;3
περιειλον;;3
τολμιδου;;3
επολιορκει;;3
λιβυησ;;3
ληφθεισ;;3
πεζοι;;3
φευγων;;3
φαρσαλον;;3
διαπλευσαντεσ;;3
ελθουσαι;;3
αποχωρησαντων;;3
χαιρωνειαν;;3
ορχομενου;;3
αποδοντεσ;;3
μιλησιοισ;;3
ξυνεπελαβοντο;;3
λημνον;;3
εφυγον;;3
ξυλλεξαντεσ;;3
στρατιωτιδεσ;;3
φοινισσαι;;3
προσεβοηθησαν;;3
αντισχειν;;3
ηπτοντο;;3
πολεμουσιν;;3
ξυλληψεσθαι;;3
ξυνηγαγον;;3
λεγομενων;;3
κακουσ;;3
αδικοιντο;;3
επαιρεσθαι;;3
θρασει;;3
αισχρωσ;;3
ναιουσ;;3
υπολαβειν;;3
ευψυχιαι;;3
μελετηι;;3
υπαρχουσι;;3
αποστασισ;;3
αντιπαλουσ;;3
απονωσ;;3
ησσαν;;3
αξυνεσιασ;;3
μαλακιασ;;3
εναντιον;;3
εθοσ;;3
απολεσθαι;;3
θεοσ;;3
ιδιωταισ;;3
μελλετε;;3
πολιορκουμενοισ;;3
τολμωντεσ;;3
πλειονοσ;;3
θυγατερα;;3
θεαγενουσ;;3
μεγαρεωσ;;3
μεγιστηι;;3
τυραννιδι;;3
κατενοησε;;3
πολιτικων;;3
αδελφοσ;;3
απεθνηισκον;;3
απαγαγοντεσ;;3
καθεζομενουσ;;3
παροδωι;;3
στασιαζοντων;;3
περικλεα;;3
μητερα;;3
ταιναρου;;3
σπαρτιατων;;3
ελλησποντωι;;3
ερμιονιδα;;3
πραγματοσ;;3
επεμψε;;3
ηγεμων;;3
ποιησομεθα;;3
δαπανηι;;3
καλλιστα;;3
εξηιει;;3
εσηγγελλετο;;3
μονην;;3
ποιουμενοσ;;3
ονομαστι;;3
υπισχνειτο;;3
ανηκεστον;;3
μελλων;;3
κομιειν;;3
υπονοησασ;;3
επιστευσαν;;3
βουληθεντεσ;;3
διδοντοσ;;3
προσιοντοσ;;3
κολαζεσθαι;;3
προαισθομενοσ;;3
φευγει;;3
αναγκαζεται;;3
γυναικοσ;;3
παιδα;;3
αντειπεν;;3
δεομενωι;;3
γενναιον;;3
εναντιωθηναι;;3
ολκαδοσ;;3
ηκω;;3
κακα;;3
βεβαιοτατα;;3
βουλησ;;3
κρατιστοσ;;3
λαμψακον;;3
οινον;;3
αυτονομον;;3
επικαλουντεσ;;3
απαξ;;3
επιβουλευοντεσ;;3
διαλυεσθαι;;3
πενιασ;;3
ειργομενοι;;3
βουλευτηριωι;;3
τιμωρησασθαι;;3
εμπειριασ;;3
μετοικων;;3
κυβερνητασ;;3
πολιτασ;;3
διαμαχεσθαι;;3
ελασσοσι;;3
ημετερων;;3
ιδιωτηι;;3
απεωσαντο;;3
εφοιτων;;3
αρχεται;;3
πεμπτωι;;3
χρυσιδοσ;;3
αρχομενωι;;3
υπνον;;3
προσποιησαι;;3
θεμενοι;;3
ενεωτεριζον;;3
επιθεμενοι;;3
φανεροι;;3
αμαξασ;;3
δυνατων;;3
προσβαλοντων;;3
κραυγηι;;3
χρωμενων;;3
διωκοντασ;;3
σποραδεσ;;3
επεβουλευον;;3
τυχωσι;;3
αποκτενειν;;3
επομοσαι;;3
αδικησαντεσ;;3
προδιδοντεσ;;3
αγγελοσ;;3
εγκατελιπον;;3
ξυμμαχιδασ;;3
τακεινων;;3
ησυχαζοντασ;;3
ζακυνθον;;3
εκινηθη;;3
ιδιωτησ;;3
καθι;;3
ξυνεπολεμουν;;3
φωκησ;;3
ανακτοριοι;;3
ελλησποντοσ;;3
εσβαλουντεσ;;3
ξυνηισαν;;3
ορμηι;;3
επιχειρησεισ;;3
πλεονασ;;3
παρεσκευασθαι;;3
πασχοντασ;;3
τοσαυτην;;3
πρεσβειαν;;3
τοσονδε;;3
ξενοσ;;3
διαβοληι;;3
εξακισχιλιων;;3
τρισχιλιουσ;;3
αστεωσ;;3
απασ;;3
προβατα;;3
υποζυγια;;3
ξυνεβεβηκει;;3
αττικη;;3
νοτον;;3
διονυσου;;3
πηγων;;3
οικησαντεσ;;3
ερημα;;3
εχωρησε;;3
οινοην;;3
φρουριωι;;3
μαλακοσ;;3
ξυνελεγετο;;3
πορειαν;;3
οινοηι;;3
προσδεχομενοσ;;3
ακμαζοντοσ;;3
θριασιον;;3
δημων;;3
προθυμουσ;;3
προιεναι;;3
απεχοντα;;3
εμφανει;;3
εφυλασσε;;3
προσβοηθησαντων;;3
εκατεροσ;;3
αναλουν;;3
προσβεβοηθηκοτεσ;;3
μεθωνην;;3
χωρουσ;;3
τελλιδοσ;;3
απολεσασ;;3
ηλειασ;;3
φειαν;;3
επεβησαν;;3
λοκριδα;;3
επικαλεσαντεσ;;3
αιτιουσ;;3
πεμψαντασ;;3
τηρησ;;3
πατηρ;;3
κρατει;;3
πελταστων;;3
σολλιον;;3
φθινοπωρον;;3
μετοικοι;;3
εσβολαι;;3
ευφαμιδασ;;3
κρανιων;;3
ομολογιασ;;3
προαστειου;;3
κριναντεσ;;3
ξυμβαιη;;3
ηιρεθη;;3
υψηλον;;3
ξυνειδωσ;;3
πρεπον;;3
διδοσθαι;;3
επαινου;;3
ειδοσιν;;3
χρωμεθα;;3
μερουσ;;3
αγωσι;;3
θυσιαισ;;3
νεοι;;3
ανδρειον;;3
αθροαι;;3
πολιτικα;;3
μετεχοντα;;3
αχρειον;;3
φερει;;3
κρατιστοι;;3
ακοησ;;3
προσδεομενοι;;3
δικαιουντεσ;;3
αφαιρεθηναι;;3
χειροσι;;3
κοινωσ;;3
διαφυγων;;3
δεινου;;3
εφιεσθαι;;3
αφανεσ;;3
σωματι;;3
ελαχιστου;;3
απηλλαγησαν;;3
ελαμβανον;;3
μνημη;;3
ευψυχον;;3
δικαιοτερον;;3
φρονημα;;3
μαλακισθηναι;;3
ρωμησ;;3
γιγνομενοσ;;3
παρεστε;;3
ηγεισθε;;3
τιμασθαι;;3
αγωνων;;3
μονιων;;3
χωριοισ;;3
ανθρωπεια;;3
τεχνη;;3
κατεβη;;3
ελεχθη;;3
τοσαυτησ;;3
προειδωσ;;3
ταλαιπωριασ;;3
διαφυγοιεν;;3
σωματοσ;;3
διεφευγον;;3
κρεισσον;;3
διεφθειρετο;;3
αισθησιν;;3
νοσημα;;3
δεινοτατον;;3
αισχυνηι;;3
υπαρχουσων;;3
θηκασ;;3
επιθεντεσ;;3
ταχειασ;;3
παθει;;3
δηιουμενησ;;3
φασκοντεσ;;3
ειρησθαι;;3
μνημην;;3
νοσον;;3
παρηλθον;;3
ανηγετο;;3
ξυνεστρατευοντο;;3
επιθαλασσια;;3
επορθησαν;;3
αιρεσισ;;3
αισθανομαι;;3
ξυμπασαν;;3
οιομαι;;3
φιλοπολισ;;3
ανοια;;3
υπακουσαι;;3
ορθον;;3
διανοια;;3
αρκειτω;;3
νομιζετε;;3
νομισαντασ;;3
μονου;;3
ανδρειωσ;;3
εθει;;3
ενδηλοι;;3
εζημιωσαν;;3
απεθανεν;;3
κερδη;;3
βλαβη;;3
αμαρτημα;;3
τιμαγορασ;;3
θραικην;;3
ανα;;3
πορευομενουσ;;3
εσβαινειν;;3
ξυλλαμβανει;;3
εκομισαν;;3
αμφιλοχικον;;3
εχθρα;;3
πατριδι;;3
πιεζομενοι;;3
γλωσσαν;;3
χαονων;;3
φασηλιδοσ;;3
επελελοιπει;;3
αναγκαιασ;;3
πλαταιιδα;;3
ρηθεντα;;3
αμφο;;3
πειθωσιν;;3
ορκων;;3
απαγγειλαντων;;3
εβουλευσαντο;;3
ηρωων;;3
προτεροισ;;3
μελλοι;;3
ηναγκαζον;;3
διελοντεσ;;3
πηλον;;3
χουν;;3
προσηγον;;3
πλαταιασ;;3
αλυσεσι;;3
ρυμηι;;3
ωφελουν;;3
περιτειχισιν;;3
πειρασαι;;3
πνευματοσ;;3
γενομενασ;;3
περιετειχιζον;;3
ημισεοσ;;3
βοττιαιουσ;;3
αναχωρουσιν;;3
θαρσησαντεσ;;3
επιοιεν;;3
ενεδιδοσαν;;3
ζακυνθου;;3
περιπλουσ;;3
αποικοισ;;3
βασιλευων;;3
προσιοντασ;;3
προσελθειν;;3
επειγεσθαι;;3
αναπον;;3
παραγιγνεται;;3
ευρυχωριαι;;3
διεκπλουν;;3
πρωιρασ;;3
ξυνεπλει;;3
αλληλασ;;3
περιεπλει;;3
πλοιων;;3
αλκην;;3
ριωι;;3
ξυμβουλουσ;;3
επηγε;;3
χαριζομενοσ;;3
κατειχοντο;;3
εναυ;;3
φοβουμενουσ;;3
παρεκελευσαντο;;3
επιστημη;;3
δεινωι;;3
περιεσται;;3
πιστοτερον;;3
πισυνοι;;3
αναγκαζομενοι;;3
ποιησομαι;;3
δεοντι;;3
νενικηκατε;;3
εθελουσιν;;3
ακων;;3
σημειου;;3
εξεωσαν;;3
αφειλοντο;;3
εδιωκον;;3
φθανουσιν;;3
ιδοντασ;;3
θαρσοσ;;3
αμαρτηματα;;3
αταξιαν;;3
ανηγαγοντο;;3
λευκαδιασ;;3
κατεδυ;;3
τιμοκρατησ;;3
εσεπλευσαν;;3
νεωριου;;3
προαισθεσθαι;;3
ακρωτηριον;;3
επορθουν;;3
υποσχομενοσ;;3
φιλιππον;;3
υπεδεξατο;;3
χαλκιδικον;;3
ροδοπησ;;3
ξυνηκολουθουν;;3
παιονασ;;3
ηιει;;3
δωρα;;3
θραιξι;;3
δευτερα;;3
ασιαι;;3
αντιστηναι;;3
ερημου;;3
προγονοι;;3
ηδωνασ;;3
επηιει;;3
αταλαντην;;3
αγαθουσ;;3
θραικεσ;;3
μεινασ;;3
διελυθη;;3
ρευμα;;3
ναυμαχιων;;3
σιτωι;;3
λεσβοσ;;3
μηθυμναιοι;;3
ξυγγενων;;3
αποστασει;;3
μυτιληναιοισ;;3
αγγελλει;;3
απηγγειλαν;;3
αποστελλουσι;;3
επιστευον;;3
καταδουλωσει;;3
ελευθεροι;;3
ενσπονδουσ;;3
ευπρεπειαι;;3
εθεραπευον;;3
βεβαιοι;;3
εχυρον;;3
παραβησεσθαι;;3
τοιαυτασ;;3
τρεψαι;;3
αποστησεσθαι;;3
μακραν;;3
θρασυτερον;;3
καρπου;;3
επιδειξιν;;3
αλκιδαν;;3
αντισσαν;;3
κρατουντασ;;3
σωτηρια;;3
εξοδωι;;3
αμαρτησεσθαι;;3
τευξεσθαι;;3
αληθουσ;;3
λογισμου;;3
επιοι;;3
προσεμισγον;;3
προσεθεσαν;;3
βοη;;3
εχοιεν;;3
εθορυβουντο;;3
εικασαι;;3
εκατερου;;3
ετοξευον;;3
γυμνα;;3
ερυθρασ;;3
πυρραν;;3
περιτειχισμα;;3
παρεσονται;;3
εσβολησ;;3
απεβαινεν;;3
παραδωσειν;;3
ξυμβασισ;;3
περιδεεισ;;3
πεμψασ;;3
λανθανουσι;;3
ερυθραιασ;;3
ανελπιστοι;;3
τυγχανει;;3
ορθοιτο;;3
κυμην;;3
μυτιληνησ;;3
τηιων;;3
σαλαμινιασ;;3
εκουσιοσ;;3
νοτιον;;3
κολοφωνιων;;3
πισσουθνου;;3
διατειχισματι;;3
σων;;3
παραδιδωσι;;3
λοιποισ;;3
υπομενων;;3
απαξειν;;3
ολην;;3
προθειναι;;3
ελεγοντο;;3
πιθανωτατοσ;;3
βλαπτομενοι;;3
αποφαινειν;;3
ωφελιμουσ;;3
πεπραγμενα;;3
βραδεισ;;3
πειρωμενοσ;;3
αφαρκτοι;;3
βιαιον;;3
πολεμιωτατων;;3
ωιηθησαν;;3
ελθηι;;3
ανθρωποσ;;3
πιστην;;3
ληψονται;;3
μεταγνωναι;;3
ελασσοσιν;;3
ποιησετε;;3
αξιουτε;;3
σαντασ;;3
αντελεγε;;3
ανοιασ;;3
δοξασ;;3
δειν;;3
περαιτερω;;3
ευπρεπει;;3
ηγουμενοσ;;3
επιβουλην;;3
ευποριαν;;3
αφανη;;3
τυχη;;3
δαπαναν;;3
δεινοτητοσ;;3
αυτονομιαν;;3
κρατησαντασ;;3
κλεωνι;;3
δυνατοισ;;3
ευρισκεται;;3
νειμαντεσ;;3
αλφιτα;;3
φθασειαν;;3
σπουδηι;;3
αιτιωτατουσ;;3
μνασ;;3
μινωιαν;;3
εσπλουν;;3
δικασται;;3
ηρωτων;;3
ητε;;3
δεδιμεν;;3
παρεχομενοι;;3
μεγιστοσ;;3
προδουναι;;3
κρατησαντων;;3
νομιμοισ;;3
επιφεροντεσ;;3
ευνοι;;3
θυσιασ;;3
πατριουσ;;3
επιβοωμενοι;;3
ολεθρωι;;3
ωφεληι;;3
αυτοκρατωρ;;3
αξιωτεροι;;3
επαγεσθαι;;3
ξυνωμοσιαν;;3
φυσισ;;3
παρανομωσ;;3
εμαχομεθα;;3
πολιτευειν;;3
ζωγρησαντεσ;;3
υποσχομενοι;;3
γιγνωσκωσιν;;3
βουλησει;;3
ενοικειν;;3
σχεδον;;3
αιχμαλωτοι;;3
αφικομενησ;;3
ξυγκειμενα;;3
ικετων;;3
σασθαι;;3
ξυνισταντο;;3
εγχειριδια;;3
ξυλλαβοντεσ;;3
τριηρουσ;;3
εφοδοσ;;3
κατεκαυθη;;3
επιγιγνομενηι;;3
ξυγχωρησαι;;3
ποιησαμενουσ;;3
προσταται;;3
απιστιαι;;3
τεταρτηι;;3
τεταγμενων;;3
επιπλευσαντεσ;;3
ταραχηι;;3
περιπλευσαι;;3
κελευσαντεσ;;3
απεκτεινε;;3
παρακαλειν;;3
επεπεσε;;3
δικαιωσει;;3
ξυνετον;;3
περιεγιγνοντο;;3
εξεστιν;;3
τοιαυταισ;;3
κοσιων;;3
εκακωσε;;3
κνιδιων;;3
επηλθε;;3
τοιουτο;;3
τεθνηκοτοσ;;3
αλκισθενουσ;;3
μηλιουσ;;3
ηρακλειαν;;3
οιταιων;;3
διαβασιν;;3
οικισται;;3
απεχουσα;;3
στενον;;3
ληφθεντων;;3
δωρικον;;3
κοινωσασ;;3
μεσσηνιοισ;;3
εκαθηντο;;3
λοφων;;3
εσακοντιζοντεσ;;3
ωρμηθησαν;;3
οδοσ;;3
ξυνεπρασσον;;3
πορευομενοσ;;3
προαστειον;;3
αιτωλιασ;;3
δαιμονιοισ;;3
αφεισ;;3
σικελικον;;3
τειχισματοσ;;3
πεισιστρατοσ;;3
ανειλον;;3
μαλα;;3
φυλασσοντεσ;;3
ολπαισ;;3
ολπησ;;3
ακρον;;3
επιγενομενοι;;3
υπομειναι;;3
κωλυοντασ;;3
επιγενομενησ;;3
εφθασαν;;3
εσπερασ;;3
ευναισ;;3
ορη;;3
ρησαν;;3
αγραιουσ;;3
χθεσ;;3
ισαισ;;3
αμπρακιαν;;3
εξελειν;;3
κατεπλευσεν;;3
πυθοδωρον;;3
σοφοκλεα;;3
εκτον;;3
ποιησεσθαι;;3
δοντα;;3
αντιλεγοντων;;3
ενεπεσε;;3
λογαδην;;3
τειχισαντεσ;;3
πρωι;;3
νεοιν;;3
διαδοχην;;3
επιταδασ;;3
λογισμον;;3
μηδενοσ;;3
βιαζοιτο;;3
ωσαμενοι;;3
προυθυμουντο;;3
ασινην;;3
ωρμημενων;;3
εμενον;;3
βουλευειν;;3
εσπεμπειν;;3
οτιουν;;3
απεσταλησαν;;3
ευτυχιαν;;3
ευτυχησαι;;3
αφιγμενοι;;3
ρωμην;;3
εξον;;3
θεντεσ;;3
εμμενειν;;3
διακινδυνευειν;;3
στερηθηναι;;3
επιθυμειν;;3
ασμενουσ;;3
αποδοντασ;;3
ξυνεκειτο;;3
παρουσασ;;3
κειμενου;;3
ρηγιου;;3
εφορμειν;;3
βραχυτατον;;3
καμαρινησ;;3
χαλ;;3
τρεψαντεσ;;3
εχουσων;;3
πλειστην;;3
ετηρουν;;3
ηπορουν;;3
ανεντων;;3
ωρμημενουσ;;3
υποχωρησαι;;3
ειρημενα;;3
λογιζομενοισ;;3
ακοντιοισ;;3
ξυνεταξαντο;;3
εναντιασ;;3
δεινουσ;;3
επεπονθεσαν;;3
κυκλωσιν;;3
πειρωμενοι;;3
προσελθων;;3
επαυσαν;;3
ξυνηλθον;;3
διαπλευσασ;;3
ζωντεσ;;3
τοσοιδε;;3
παρειχεν;;3
υπεστη;;3
αποθνηισκειν;;3
απεπεμπον;;3
ανδριοι;;3
καρυστιοι;;3
αιγιαλον;;3
κωμη;;3
κεγχρειαι;;3
κρομμυωνα;;3
λυκοφρων;;3
καρυστιων;;3
παιανισαντεσ;;3
ευθεωσ;;3
καθορμισαμενοι;;3
μετεωρον;;3
διηγον;;3
διαφθειρειν;;3
εσιεναι;;3
απηγαγον;;3
ιναπερ;;3
ηιονι;;3
καινον;;3
βουλευσειν;;3
μισθωσαμενοι;;3
ξυναγειραντεσ;;3
αντανδρον;;3
διεπεμπον;;3
κατασχοντεσ;;3
κυθηριοι;;3
ξυναρχοντασ;;3
φρουρασ;;3
ελλιπεσ;;3
εδεδισαν;;3
μαχασ;;3
κατεκαυσαν;;3
εκεχειρια;;3
ερμωνοσ;;3
παραινεσεισ;;3
διασωσαι;;3
φθειρειν;;3
ιδιωτην;;3
ανθρωπειον;;3
φοβερον;;3
επικαλεσαμενων;;3
σπεισαμενοι;;3
αυτοκρατορεσ;;3
φιλονικων;;3
ουδεποτε;;3
οικειου;;3
εναντιουσθαι;;3
κτεινουσιν;;3
προσχωρησαι;;3
απετετελεστο;;3
ενην;;3
εξελθων;;3
προυκεχωρηκει;;3
πραξαντων;;3
εξετασιν;;3
μελλουσησ;;3
πεμποντεσ;;3
ιπποκρατει;;3
ρητηι;;3
καταλαβων;;3
στρατευσασ;;3
επτακοσιοισ;;3
θεσσαλιαν;;3
ευνουν;;3
παραγενομενον;;3
διον;;3
αφεστωτεσ;;3
λυγκηστων;;3
τρεφειν;;3
αγαθοσ;;3
εδιδου;;3
ακουσαντασ;;3
ακανθιοι;;3
σαφη;;3
εδωκεν;;3
πειρασομαι;;3
βια;;3
ευλογον;;3
επαγωγα;;3
σταυρουσ;;3
πυργουσ;;3
ξυλινουσ;;3
οικοθεν;;3
δηλιου;;3
προτειχισμα;;3
βοιωταρχων;;3
επιηι;;3
εφιενται;;3
ασπιδων;;3
επηκολουθουν;;3
λοιπου;;3
καταφυγην;;3
απολαβειν;;3
φρουρων;;3
προυχωρησεν;;3
ηιονοσ;;3
χαλκιδικησ;;3
αμφιπολιτων;;3
παριων;;3
ηπειγετο;;3
δεξαμενοσ;;3
προνοιαι;;3
λοιπων;;3
ηναντιουντο;;3
ενιαυσιον;;3
καλλιον;;3
πρυτανεισ;;3
σκιωναιοι;;3
τριηρησ;;3
ελεγεν;;3
αριστωνυμοσ;;3
μενδαιοι;;3
ετοιμην;;3
σκιωνησ;;3
πεζων;;3
ξυνεβαλον;;3
επισταμαι;;3
εθαρσυνε;;3
εντυχοιεν;;3
ξυμβησεται;;3
τοξοταισ;;3
επτακοσιοι;;3
καρτερου;;3
αντειποντοσ;;3
εσπεσοντεσ;;3
περιτειχισμον;;3
σκιωνηι;;3
πεμψαντων;;3
κλεαριδαν;;3
παντελωσ;;3
διακενον;;3
δηλιουσ;;3
προσλαβων;;3
πεμποντων;;3
πρεσβευτησ;;3
απεπλει;;3
κλεαριδου;;3
ηγεν;;3
απελθων;;3
κλεαριδασ;;3
κακεινοσ;;3
ξυνεβαινε;;3
ξυγ;;3
σφαλεντων;;3
ετεθνηκει;;3
διασωσασθαι;;3
επηιτιωντο;;3
μηχανηι;;3
ακανθοσ;;3
πειθωσι;;3
οσησ;;3
ανανεουσθαι;;3
αρχει;;3
πλειστολασ;;3
ωμνυον;;3
ευθυδημοσ;;3
θερη;;3
χειμωνασ;;3
ευρησει;;3
οποιωι;;3
κυριον;;3
εσεπεμψαν;;3
περιορωμενοι;;3
νεοδαμωδων;;3
δεσμωτασ;;3
απαγαγειν;;3
ξεναρησ;;3
μεγιστησ;;3
πρεσβεσιν;;3
ηρεσκεν;;3
παντωσ;;3
ξυνεχωρησαν;;3
πανακτου;;3
θεραπευων;;3
βουληι;;3
ηκουσι;;3
ποιησηι;;3
σφετερωι;;3
επιστειλαντεσ;;3
απασων;;3
επην;;3
δημιουργοι;;3
στηληι;;3
οικοι;;3
αρκεσιλαου;;3
διηλθεν;;3
λαβωσιν;;3
ωργιζοντο;;3
ξυμπρασσοντων;;3
επιδαυριοι;;3
περιπλειν;;3
διαβατηρια;;3
πολεμουντων;;3
σπενδεται;;3
θρασυλον;;3
μαντινευσιν;;3
αθροουσ;;3
ηγγελλετο;;3
τεγεασ;;3
ομαλον;;3
ορωσι;;3
ταχειαι;;3
δρωμενου;;3
ταξισ;;3
εφανη;;3
σκιριτων;;3
βεβαιοτεραν;;3
θειου;;3
παρελθειν;;3
θ;;3
ανδρειαι;;3
καλουμενοι;;3
περιειστηκει;;3
πυθεσθαι;;3
καρνεια;;3
επιτιθεσθαι;;3
τωιπερ;;3
φλειασιαν;;3
φυγαδασ;;3
χιαισ;;3
λεγοντασ;;3
βλαψηι;;3
περαιωθηναι;;3
εκαλειτο;;3
χωρα;;3
ναξου;;3
οικισασ;;3
θαψον;;3
γελωνοσ;;3
ακραι;;3
σελινουντιοισ;;3
υπολιποντασ;;3
μελλομεν;;3
κρατησασ;;3
κατορθωσασ;;3
ασμενοσ;;3
προθυμοτατα;;3
καρχηδονα;;3
ληψεσθαι;;3
αγωνισασθαι;;3
ηρξαν;;3
ανιεναι;;3
προσγενομενων;;3
αναγκαζοιτο;;3
πεντακισχιλιων;;3
αδικει;;3
ηκεν;;3
προσεταχθη;;3
επιπλου;;3
σαφεστερον;;3
κατωρθωσαν;;3
καταφρονειν;;3
μηποτε;;3
σθαι;;3
βελτιστουσ;;3
ροδιων;;3
αγουσαι;;3
παρεκομιζοντο;;3
κατοικιζειν;;3
αιφνιδιοι;;3
απεπλευσεν;;3
χρηστον;;3
ιππαρχου;;3
κατεστησατο;;3
ξυλλαμβανειν;;3
μηνυει;;3
ξυνειποντο;;3
φυγασ;;3
ιμεραν;;3
ολυμπιειωι;;3
σταυρωματι;;3
ελωρινην;;3
επιχειρησειν;;3
παρακελευσαμενοσ;;3
τροπασ;;3
ερμοκρατη;;3
εμησ;;3
ασφαλη;;3
διοπερ;;3
αποσταλεντεσ;;3
επερρωσθησαν;;3
επιφανεσ;;3
λεοντα;;3
ναυτικοσ;;3
ευρυηλον;;3
επιβοηθοιεν;;3
φυλην;;3
αποτειχισαι;;3
ευωνυμου;;3
διεπορθησαν;;3
πυθην;;3
προσπληρωσαντεσ;;3
θουριοι;;3
ναυταισ;;3
απλουν;;3
αγγελλων;;3
ακοντισταισ;;3
αξων;;3
φυσεισ;;3
αφικωνται;;3
ρωμη;;3
προτερωι;;3
περιεσταναι;;3
υπελελειπτο;;3
επιπλειν;;3
στοματοσ;;3
σταυρων;;3
σουνιον;;3
μυκαλησσον;;3
καταδιωκουσιν;;3
αποκτεινουσιν;;3
αποπλεων;;3
πρωιραθεν;;3
κυβερνητων;;3
ανακρουσιν;;3
πολεμιου;;3
ολυμπιειου;;3
αντανηγον;;3
εκπληξει;;3
ευπραγιαι;;3
πελαγει;;3
σικανοσ;;3
απολλυασι;;3
κοιλωι;;3
λαθοιεν;;3
απολυεσθαι;;3
αιολησ;;3
ηναγκαζοντο;;3
μεγιστωι;;3
χαλεπωτατα;;3
εταιρων;;3
αφορμασθαι;;3
προσβολαισ;;3
γεγενημεναισ;;3
πυρα;;3
ανηλωσαν;;3
ευτελειαν;;3
ενδιωι;;3
εικοστον;;3
ξυμμαχιδων;;3
αφιστασιν;;3
κλαζομενιων;;3
δεουσαισ;;3
φρυνιχου;;3
διαναυμαχειν;;3
αστυοχωι;;3
χαρμινοσ;;3
κατηραν;;3
τριοπιον;;3
ξυνθηκαι;;3
φαρναβαζον;;3
καυνον;;3
κω;;3
συμην;;3
ξυμπασαισ;;3
επιθησεσθαι;;3
ροδωι;;3
φρυνιχον;;3
παραλων;;3
μυκαλησ;;3
φαρναβαζοσ;;3
ασπενδου;;3
κομισασ;;3
αλεξικλεα;;3
αρξαμενοσ;;2
καθισταμενου;;2
προγεγενημενων;;2
διανοουμενον;;2
βαρ;;2
σκοπουντι;;2
μεταναστασεισ;;2
απολειποντεσ;;2
αναγκαιου;;2
μεταβολασ;;2
εφθειροντο;;2
εκπιπτοντεσ;;2
ελληνοσ;;2
πελασγικον;;2
παρεχεσθαι;;2
επαγομενων;;2
ωνομασεν;;2
εξελασασ;;2
κερδουσ;;2
ασθενεσι;;2
δηλουσι;;2
κοσμοσ;;2
παλαιοι;;2
ποιητων;;2
καταπλεοντων;;2
εφοδουσ;;2
ξυνηθη;;2
διαιτηι;;2
μετεστησαν;;2
ευδαιμονων;;2
φορουντεσ;;2
κεφαληι;;2
κατεσχεν;;2
μετριαι;;2
λιπα;;2
αιδοια;;2
βαρβαροισ;;2
τειχεσιν;;2
θαλασσιοι;;2
καρεσ;;2
φοινικεσ;;2
μαρτυριον;;2
θαπτουσιν;;2
κατασταντοσ;;2
κακουργοι;;2
οτεπερ;;2
κερδων;;2
υπεμενον;;2
προσεποιουντο;;2
τροιαν;;2
αγαμεμνων;;2
κατειλημμενουσ;;2
μνημηι;;2
ευρυσθεωσ;;2
μητροσ;;2
αδελφου;;2
επιτρεψαντοσ;;2
εστρατευε;;2
ευρυσθευσ;;2
μυκηναιων;;2
βασιλειαν;;2
ισχυσασ;;2
αγαγων;;2
δεδηλωκεν;;2
απιστιαν;;2
προελθοντοσ;;2
υποδεεστερα;;2
ομηρου;;2
ποιησει;;2
πεποιηκε;;2
φιλοκτητου;;2
δηλων;;2
εμνησθη;;2
βασιλεων;;2
ληιστικωτερον;;2
πεμπομενοι;;2
πολεμουντα;;2
διεφερον;;2
ελασσονι;;2
τρωικα;;2
ποιουμενησ;;2
προσοδων;;2
ρητοισ;;2
εξηρτυετο;;2
μεταχειρισαι;;2
αμεινοκλησ;;2
ποιηταισ;;2
βασιλευοντοσ;;2
καμβυσου;;2
κυρωι;;2
πολυκρατησ;;2
δυνατωτατα;;2
γενεαισ;;2
μενα;;2
εβασιλευσε;;2
τυραννοισ;;2
αξιολογα;;2
αισπερ;;2
διαρκη;;2
κοινασ;;2
κωλυματα;;2
κυροσ;;2
βασιλεια;;2
κρατων;;2
κατελυθησαν;;2
λακεδαιμων;;2
κτισιν;;2
τετρακοσια;;2
επικρεμασθεντοσ;;2
αφισταμενοισ;;2
εμπειροτεροι;;2
μελετασ;;2
ταξαντεσ;;2
ιππαρχον;;2
αριστογειτονοσ;;2
μεμηνυσθαι;;2
λεωκορειον;;2
πομπην;;2
βασιλεασ;;2
προστιθεσθαι;;2
λοχον;;2
ζητησισ;;2
τρεπονται;;2
ειρημενων;;2
διηλθον;;2
ακροασει;;2
αληθεστερον;;2
απιστωσ;;2
μυθωδεσ;;2
ηγησαμενοσ;;2
σημειων;;2
πολεμωσι;;2
παυσαμενων;;2
αρχαια;;2
ακριβειαν;;2
ακριβειαι;;2
επεξελθων;;2
ευνοιασ;;2
ακροασιν;;2
φανειται;;2
ωφελιμα;;2
κρινειν;;2
μηδικον;;2
στασιαζειν;;2
απιστα;;2
πυκνοτεραι;;2
τοσουτοσ;;2
μεγαλουσ;;2
γιγνομενουσ;;2
μητροπολεωσ;;2
ξυνωικισαν;;2
στασιασαντεσ;;2
εφθαρησαν;;2
δυνατουσ;;2
φθειρομενουσ;;2
ικετειαν;;2
επηροντο;;2
ανειλε;;2
οικιστην;;2
αποδεικνυντεσ;;2
χρηστηριον;;2
επαμυναι;;2
νομιζομενα;;2
δεει;;2
κωλυωνται;;2
ετερωι;;2
ταφουσ;;2
προισχομενοι;;2
ισθμοσ;;2
αγγελοι;;2
εδεηθησαν;;2
ηιτησαν;;2
ξυμβωσιν;;2
επιτρεψαι;;2
πολεμησοντεσ;;2
ακτιωι;;2
ακατιωι;;2
πλωιμουσ;;2
επισκευασαντεσ;;2
πολιορκουντασ;;2
παραστησασθαι;;2
ακρωτηριωι;;2
δησαντεσ;;2
ησσημενοι;;2
επινειον;;2
αγειροντεσ;;2
πειθοντεσ;;2
ελθουσιν;;2
εμποδιον;;2
καταστασησ;;2
ευεργεσιασ;;2
οργιζεσθαι;;2
εχυρα;;2
αλογον;;2
αξυμφορον;;2
δεησομενοι;;2
καθεσταμεν;;2
δοκουσα;;2
σωφροσυνη;;2
ξυγκινδυνευειν;;2
ασθενεια;;2
μονασ;;2
αμαρτιαι;;2
απραγμοσυνηι;;2
πειθομενοισ;;2
χρειασ;;2
αιειμνηστου;;2
μαρτυριου;;2
χαριτοσ;;2
ετιμησασθε;;2
ληψομενοι;;2
χρησιμοι;;2
λεγωσιν;;2
τιμαι;;2
μετελθειν;;2
παραγεσθαι;;2
ευθεοσ;;2
υπουργειν;;2
λυσετε;;2
οποτερουσ;;2
ενσπονδων;;2
θησονται;;2
δεομεθα;;2
περιοψεσθε;;2
ναυτικησ;;2
διδομενησ;;2
κεκτησθαι;;2
δεδιοσ;;2
βουλευομενοσ;;2
καιρων;;2
ξυμφορωτατον;;2
βραχυτατωι;;2
ταυτον;;2
προκαταληψονται;;2
ημετεραισ;;2
πολεμουνται;;2
μνησθεντασ;;2
αλογιστωσ;;2
απωσησθε;;2
επετηδευσαν;;2
παρακαλουντεσ;;2
αισχυνεσθαι;;2
θεσιν;;2
δικαστασ;;2
εκπλεοντασ;;2
βιαζωνται;;2
αληπτοτεροι;;2
δεικνυναι;;2
αφεστασι;;2
θαυμαζεσθαι;;2
μονοισ;;2
ειξαι;;2
εξουσιαι;;2
εθελησαι;;2
προυχοντα;;2
πολιορκειν;;2
κινδυνευουσι;;2
αποβαινοντα;;2
βιαιοι;;2
ιουσιν;;2
γενοισθε;;2
δικαιοι;;2
προσεθεμεθα;;2
δρωντασ;;2
προσεισι;;2
μακρων;;2
ελαβετε;;2
καιροισ;;2
τιθενται;;2
φιλονικιασ;;2
ενθυμηθεντεσ;;2
πολεμησει;;2
κελευουσιν;;2
επαρθεντασ;;2
χαρισ;;2
φανερωι;;2
περιπεπτωκοτεσ;;2
βουλευσεσθε;;2
επιμαχιαν;;2
καθιστωνται;;2
πρωτεασ;;2
επικλεουσ;;2
πλεωσι;;2
ενενηκοντα;;2
ρεων;;2
ανεχει;;2
προσπλεοντασ;;2
καλουνται;;2
καθορωσι;;2
κατειδον;;2
επειχον;;2
πλεουσαισ;;2
ξυμμειξαντεσ;;2
πεζομαχιαι;;2
προσβαλοιεν;;2
απελυοντο;;2
καταστρωματοσ;;2
διεκπλοι;;2
επονει;;2
καταδιωξαντεσ;;2
παρουσων;;2
πιεζομενουσ;;2
τροπη;;2
ειχετο;;2
ζωγρειν;;2
ησσηντο;;2
εκρατουντο;;2
αντεπεπλεον;;2
προιδοντεσ;;2
απαλλαγη;;2
στρατοπεδευομενοισ;;2
ωρμισαντο;;2
επεπλευσαν;;2
ναυμαχησουσιν;;2
διανοουμενοι;;2
διεσκοπουν;;2
εωσι;;2
χρησασθε;;2
προσεποιησαντο;;2
κρουομενοι;;2
αποπλεοντεσ;;2
οκτακοσιουσ;;2
απεδοντο;;2
ποτειδεατασ;;2
αποστωσιν;;2
ξυμμαχοσ;;2
προσεφερε;;2
προκαταλαμβανειν;;2
αποστασεισ;;2
αρχεστρατου;;2
λυκομηδουσ;;2
ηυροντο;;2
βοττιαιων;;2
ισχυραν;;2
θερμην;;2
επολιορκησαν;;2
τρισχιλιοισ;;2
αριστεα;;2
ποτει;;2
καταστησασ;;2
καλλιασ;;2
ξυναρχοντεσ;;2
παρασκευαζομενουσ;;2
οποτερωσε;;2
χωρησασ;;2
παρηλθε;;2
χηλην;;2
προηλθον;;2
επανεχωρουν;;2
ουδετεροισ;;2
παρασκευαζειν;;2
ξυνεπολεμει;;2
σερμυλιων;;2
ανοκωχη;;2
κατεβοων;;2
πρεσβευομενοι;;2
εασαντεσ;;2
σωφροσυνην;;2
χρησθε;;2
εμελλομεν;;2
εκαστοτε;;2
αφανεισ;;2
ειδοσι;;2
προσεδει;;2
μακρηγορειν;;2
ημετεροισ;;2
υπολαβοντεσ;;2
ελευθερων;;2
φερεται;;2
αδικουμεθα;;2
επισταμεθα;;2
οιαι;;2
χωρουσιν;;2
θαρσουσι;;2
σονται;;2
ησυχαζετε;;2
μελλησει;;2
ελθοντα;;2
αγωνιζομενοι;;2
σφαλεντα;;2
ελπιδεσ;;2
εφθειραν;;2
κατηγορια;;2
διαφεροντων;;2
αισθανεσθαι;;2
οιουσ;;2
επιγνωναι;;2
βεβαιοισ;;2
μηδεποτε;;2
απουσιαι;;2
χονται;;2
επινοησαντεσ;;2
ασχολιαν;;2
αρκειν;;2
αδικωνται;;2
αναγκαζομενοισ;;2
προησθε;;2
αθυμιαι;;2
ορκιων;;2
λυουσι;;2
προσιοντεσ;;2
προθυμων;;2
μεταβαλλομενοι;;2
ρουσ;;2
εξηγεισθαι;;2
ενεκαλουν;;2
βουλευτεον;;2
προσελθοντεσ;;2
παριεναι;;2
υμετεροισ;;2
αισθανομενοι;;2
ξυνιστε;;2
προκινδυνευσαι;;2
σαλαμινι;;2
αδυνατων;;2
παρεσχομεθα;;2
αιτιωτατοσ;;2
ηξιωσαμεν;;2
κινδυνευοντεσ;;2
διεφθαρμενοι;;2
επιφθονωσ;;2
παραμειναι;;2
εξηγεισθε;;2
απηχθεσθε;;2
ηγεμονιαι;;2
αναγκασθεντασ;;2
εγκρατωσ;;2
πεποιηκαμεν;;2
παρατυχον;;2
ελασσουμενοι;;2
κρισεισ;;2
σκοπει;;2
μετριοισ;;2
φερουσιν;;2
δεινοτερα;;2
ηνειχοντο;;2
χαλεπη;;2
εξιων;;2
κινδυνευεται;;2
κακοπαθουντεσ;;2
ορκιουσ;;2
μεταστησαμενοι;;2
νομισαντα;;2
σωφρονωσ;;2
αλκη;;2
οχλωι;;2
ποτερον;;2
μελετησομεν;;2
ελλειπομεν;;2
δεησει;;2
αφαιρησομεν;;2
δοξομεν;;2
επαιρωμεθα;;2
δεδοικα;;2
εξαρτυεσθαι;;2
διελθοντων;;2
βουλευομενοι;;2
απονοιαν;;2
καταστησαντασ;;2
επειχθεντεσ;;2
επελ;;2
αποβαινοντων;;2
ευπραγιαισ;;2
εξοτρυνοντων;;2
σθεντεσ;;2
ευβουλοι;;2
γιγνομεθα;;2
σωφροσυνησ;;2
μετεχει;;2
αισχυνησ;;2
παρασκευασ;;2
διαφερειν;;2
ανθρωπον;;2
ωφελουμενοι;;2
πεμπετε;;2
διδοντα;;2
νομιμον;;2
αδικουντα;;2
παρασκευαζεσθε;;2
επαινεσαντεσ;;2
αντειπον;;2
αδικουσι;;2
διπλασιασ;;2
γεγενηνται;;2
σωφρονωμεν;;2
σθενει;;2
εφοροσ;;2
βοην;;2
αποδεικνυμενουσ;;2
επαγαγειν;;2
τεταρτωι;;2
υποχειρια;;2
ηυξηθησαν;;2
σηστον;;2
εκλιποντων;;2
ειστηκει;;2
ηδιον;;2
φοβουμενων;;2
περιβολουσ;;2
ορμασθαι;;2
ικανην;;2
ειποντασ;;2
πεμψουσιν;;2
φειδομενουσ;;2
ιδιου;;2
διδαξασ;;2
ξυμπρεσβεισ;;2
θαυμαζειν;;2
αφικνουμενων;;2
χρηστοι;;2
αποστελλουσιν;;2
λυσιμαχου;;2
τερον;;2
αντιπαλου;;2
ατειχιστουσ;;2
επρεσβευσαντο;;2
προσφιλεισ;;2
αδηλωσ;;2
στηλαι;;2
ειργασμενοι;;2
περιβολοσ;;2
κινουντεσ;;2
οικοδομειν;;2
ναυτικουσ;;2
αμαξαι;;2
αλληλαισ;;2
επηγον;;2
ετε;;2
καταβαντασ;;2
κατεσκευαζοντο;;2
εξεπεμφθη;;2
εξεπολιορκησαν;;2
βιαιου;;2
φοιτωντεσ;;2
βιαζηται;;2
προσειχον;;2
περιοψομενοι;;2
καταστησομενοι;;2
μετεπεμποντο;;2
κατηγορειτο;;2
σαφεστατον;;2
εκπεμπουσιν;;2
ενειδον;;2
απαλλαξειοντεσ;;2
ικανουσ;;2
δηιουντασ;;2
φορα;;2
φοροσ;;2
ξυνοδοι;;2
ξυνοδων;;2
νεωτεριζοντασ;;2
εγραψα;;2
εκλιπεσ;;2
ελληνικα;;2
ξυνετιθεσαν;;2
ηψατο;;2
επεμνησθη;;2
αποδειξιν;;2
οιωι;;2
μιλτιαδου;;2
μεγισται;;2
ευρυμεδοντι;;2
διενεχθεντασ;;2
απεβησαν;;2
δραβησκωι;;2
επαμυνειν;;2
εσβαλοντασ;;2
ιθωμην;;2
εκληθησαν;;2
πολιορκιασ;;2
μακρασ;;2
καθεστηκυιασ;;2
φανερα;;2
ηλισκετο;;2
αλλοφυλουσ;;2
νεωτερισωσι;;2
αξιωσαντεσ;;2
θεσσαλουσ;;2
υποσπονδοι;;2
επιβησονται;;2
λαβοντοσ;;2
δουλον;;2
οζολων;;2
ιναρωσ;;2
λιβυσ;;2
αρταξερξου;;2
διακοσιαισ;;2
μεμφιδοσ;;2
μερων;;2
αιγυπτιων;;2
διεβιβασαν;;2
απουσησ;;2
υπολοιπων;;2
ισορροπου;;2
κακιζομενοι;;2
προσωπον;;2
δωριευσιν;;2
περιμεινασι;;2
ασφαλεστατα;;2
οικοδομουμενα;;2
τετρακισχιλιοι;;2
επεστρατευσαν;;2
ταναγραι;;2
δευτεραι;;2
στρατη;;2
οινοφυτοισ;;2
ταναγραιων;;2
πλουσιωτατουσ;;2
νεωριον;;2
χαλκιδα;;2
σικυωνιουσ;;2
αποβασει;;2
επεμενον;;2
περσην;;2
ασιαν;;2
περ;;2
εξηλασε;;2
διωρυχα;;2
εφθαρη;;2
αμυρταιου;;2
ελεσι;;2
επραξε;;2
επιβαντεσ;;2
σικυωνα;;2
φοινιξι;;2
φωκευσιν;;2
αττα;;2
ανδραποδισαντεσ;;2
ευβοια;;2
επαγαγομενοι;;2
θριωζε;;2
τροιζηνα;;2
αχαιαν;;2
εκτωι;;2
ιδιωται;;2
νεωτερισαι;;2
ισουσ;;2
εγκαταλιποντεσ;;2
πισσουθνηι;;2
επανεστησαν;;2
λημνου;;2
ξυναπεστησαν;;2
βυζαντιοι;;2
φοινισσων;;2
εφορμουσων;;2
εσεκομισαντο;;2
κοντα;;2
βραχειαν;;2
ταχεισ;;2
εξειργομενοι;;2
ηιρετο;;2
ανασχετον;;2
επιχειρητεα;;2
ανειλεν;;2
ξυνοδου;;2
δεηθεντεσ;;2
ψηφισασθαι;;2
πορωι;;2
χαλεπωτεραν;;2
κριτασ;;2
σωφρονων;;2
τερπνον;;2
απιστωι;;2
επαιρομενοσ;;2
τυχοντα;;2
πιστει;;2
επεξερχεται;;2
προυχοντασ;;2
ισχυουσιν;;2
ουσιασ;;2
αλισκονται;;2
περιεσομεθα;;2
οισομεν;;2
βεβαιοτεροσ;;2
οιστον;;2
ηλευθερωσαν;;2
προγεγενημενα;;2
μακροτερον;;2
μεταβαλλειν;;2
προφερετε;;2
εκτηθη;;2
θαρσουντασ;;2
χρησαντοσ;;2
βοηθησετε;;2
ειρηνη;;2
βεβαιουται;;2
πολεμησαι;;2
εκποριζεσθαι;;2
κυλων;;2
ετυραννει;;2
εορτηι;;2
προσηκειν;;2
εγγιγνομενου;;2
εκδιδρασκουσιν;;2
ποιησουσιν;;2
εναγεισ;;2
εκαλουντο;;2
κλεομενησ;;2
ελαυνοντεσ;;2
ανελοντεσ;;2
διαβολην;;2
δυνατωτατοσ;;2
ποσειδωνοσ;;2
χαλκιοικου;;2
επεχειρησεν;;2
εφιεμενοσ;;2
ελλη;;2
προσηκοντεσ;;2
δορι;;2
γημαι;;2
δοκω;;2
σου;;2
αρεσκει;;2
γραφη;;2
ξερξησ;;2
αρταβαζον;;2
σφραγιδα;;2
αποδειξαι;;2
ανειναι;;2
χρυσου;;2
αργυρου;;2
παραγιγνεσθαι;;2
πλαταιασιν;;2
καθεστωτι;;2
κατεχειν;;2
δυσπροσοδον;;2
μετεστη;;2
εκπλευσασ;;2
ποιων;;2
επανεχωρει;;2
πρασσων;;2
σπαρτιατασ;;2
προαγορευειν;;2
ανεχωρει;;2
εσπιπτει;;2
διαπραξαμενοσ;;2
νεον;;2
ζηλωσει;;2
τριποδα;;2
ηξιωσεν;;2
ελεγειον;;2
αδικημα;;2
τοτ;;2
πραχθηναι;;2
μηνυτησ;;2
αγγελων;;2
ηυρεν;;2
οιχομενου;;2
διπλην;;2
κακεινου;;2
αξιουντοσ;;2
ξυλληφθησεσθαι;;2
προκαταφυγειν;;2
τεμενοσ;;2
εσελθων;;2
ταλαιπωροιη;;2
διωξει;;2
οικηματι;;2
εξαγουσιν;;2
εμπνουν;;2
εμελλησαν;;2
εσβαλλειν;;2
πεπραγμενον;;2
ελεγχων;;2
περιτυχωσιν;;2
κομιζεται;;2
διωκομενοσ;;2
χωροιη;;2
ψυχησ;;2
ανιστησι;;2
εκαθεζετο;;2
ελθουσι;;2
πορευθηναι;;2
αναγομενησ;;2
φραζει;;2
ερειν;;2
πλουσ;;2
υπεξεκειτο;;2
αρταξερξην;;2
γραψασ;;2
βουλομαι;;2
επισχων;;2
γλωσσησ;;2
επιτηδευματων;;2
δηλωσασ;;2
ξυνεσει;;2
ελαχιστησ;;2
γνωμων;;2
αριστοσ;;2
απειροσ;;2
μελετησ;;2
νοσησασ;;2
τελευται;;2
εκουσιον;;2
μνημειον;;2
δοντοσ;;2
μαγνησιαν;;2
επεταξαν;;2
λιμεσι;;2
ανδραποδων;;2
υποδοχην;;2
αγησανδρου;;2
προυτιθεσαν;;2
βουλευσαμενουσ;;2
εικειν;;2
αναπειθομενουσ;;2
πρασσοντασ;;2
τρεπομενουσ;;2
δικαιω;;2
ειωθαμεν;;2
καθαιρειν;;2
βεβαιωσιν;;2
εξοντεσ;;2
δουλωσιν;;2
δικαιωσισ;;2
ασθενεστερα;;2
αυτουργοι;;2
αποντεσ;;2
δαπανωντεσ;;2
ομοιαν;;2
φθειραι;;2
πρασσουσι;;2
βλαψειν;;2
προιδειν;;2
σπανει;;2
φοβηθηναι;;2
βλαπτοιεν;;2
καταδρομαισ;;2
μελετωντεσ;;2
αμαθιαν;;2
ησυχασουσι;;2
οκνηροτεροι;;2
παρεργου;;2
πειρωιντο;;2
αντιπαλων;;2
εσβαντων;;2
δεξαιτο;;2
ωνπερ;;2
απηλλαχθαι;;2
τμηθηναι;;2
αντιλαβειν;;2
εξελθοντασ;;2
εθελητε;;2
αυθαιρετουσ;;2
ποιωσι;;2
αυτονομεισθαι;;2
εθελομεν;;2
αρξομεν;;2
αρχομενουσ;;2
περιγιγνονται;;2
υποσταντεσ;;2
τοσωνδε;;2
επιγιγνομενοισ;;2
παραινειν;;2
επεμειγνυντο;;2
τεσσαρα;;2
εφορου;;2
πυθοδωρου;;2
αρχοντοσ;;2
προκαταλαβειν;;2
εχεσθαι;;2
καταδεισαντεσ;;2
βουλομενωι;;2
τοιχουσ;;2
προσφεροιντο;;2
απεκρουσαντο;;2
γυναικων;;2
οικετων;;2
κεραμωι;;2
επιγενομενου;;2
πηλωι;;2
εμπειρουσ;;2
ανεωιγμεναι;;2
ακοντιου;;2
χρησαμενοσ;;2
μοχλον;;2
διωκομενοι;;2
εσπιπτουσιν;;2
πλαταιευσι;;2
πλαταιαι;;2
επεπραγεσαν;;2
γεγενη;;2
επεβοηθουν;;2
πλαταια;;2
ερρυη;;2
ζωντων;;2
εχομενων;;2
κατασκευη;;2
απροσδοκητου;;2
γιγνομενηι;;2
δευτεροσ;;2
αφικο;;2
ηυρε;;2
εσηγαγον;;2
πλαταιαισ;;2
προσληψεσθαι;;2
υπαρχουσαισ;;2
ρητον;;2
ετοιμαζειν;;2
περιξ;;2
ερρωντο;;2
νεοτησ;;2
ακουσιωσ;;2
μετεωροσ;;2
χρησμολογοι;;2
ηιδον;;2
γενησεσθαι;;2
τοιουτοτροπον;;2
ευνοια;;2
κεκωλυσθαι;;2
παρεσται;;2
απολυθηναι;;2
τασδε;;2
ναυ;;2
ζακυνθιοι;;2
εθνεσι;;2
προσοικοι;;2
ιωνια;;2
αμελεστερον;;2
ημυνατο;;2
ορωσιν;;2
προγονοισ;;2
ξυμπεμπουσι;;2
οριοισ;;2
εσομενην;;2
αφιησιν;;2
μηδεμιαν;;2
χειροσ;;2
προσιοντων;;2
εξακοσιων;;2
οικοδομηματα;;2
απανηλωθη;;2
χρυσιου;;2
ασημου;;2
πομπασ;;2
μυριων;;2
εσβαλοιεν;;2
φαληρικου;;2
σταδιοι;;2
αφυλακτον;;2
μουνιχιαι;;2
ιπποτοξοταισ;;2
οιαπερ;;2
ειωθει;;2
ανεπειθοντο;;2
εσεκομιζοντο;;2
αναστασισ;;2
αρχαιου;;2
εχουσασ;;2
επολιτευον;;2
διεκοσμησε;;2
πρυτανειον;;2
ηναγκασε;;2
ακροπολισ;;2
ιδρυται;;2
ολυμπιου;;2
διονυσια;;2
δωδεκατηι;;2
νομιζουσιν;;2
καλουμενηι;;2
φανερων;;2
γαμικων;;2
μετειχον;;2
πανοικεσιαι;;2
εβαρυνοντο;;2
πελαργικον;;2
επαρατον;;2
μαντειου;;2
λεγον;;2
αργον;;2
κατεσκευασαντο;;2
πυργοισ;;2
ξυνελθοντασ;;2
εκαθεζοντο;;2
ηυτρεπιζοντο;;2
ενδιετριψαν;;2
διεβαλεν;;2
αρχιδαμον;;2
εσελθοντων;;2
ετεμνον;;2
προυχωρουν;;2
νεοτητι;;2
χωροσ;;2
αχαρνησ;;2
ορμησειν;;2
χωρησεσθαι;;2
εσβαλων;;2
δοξαντι;;2
νεωτεροι;;2
εριδι;;2
χρησμουσ;;2
ακροασθαι;;2
εμεμνηντο;;2
χαλεπαινοντασ;;2
φρονουντασ;;2
ιππομαχια;;2
θεσσαλοισ;;2
ασπονδουσ;;2
λαρισησ;;2
οσου;;2
χιλια;;2
νηιτηι;;2
επιπλεωσι;;2
ασθενει;;2
εσκεδασμενον;;2
τολμηματοσ;;2
ηλιδοσ;;2
κατιοντοσ;;2
φειαι;;2
φυλα;;2
κλεοπομποσ;;2
επαναστασιν;;2
καθηκουσα;;2
προξενον;;2
εποιη;;2
ωικει;;2
οικουμενησ;;2
θυγατροσ;;2
σαδοκον;;2
καταλυσειν;;2
αστακον;;2
ευαρχοσ;;2
προσηγαγοντο;;2
μεγαροισ;;2
ξυνεσεβαλον;;2
τρισχιλιων;;2
οπουντιοισ;;2
αριστωνυμου;;2
κατηγαγον;;2
απατηθεντεσ;;2
επιθεμενων;;2
ταφασ;;2
αποθανοντων;;2
φυλησ;;2
κενη;;2
αφανων;;2
τιθεασιν;;2
ηιρημενοσ;;2
απερχονται;;2
πεποιημενον;;2
δηλουσθαι;;2
κινδυνευεσθαι;;2
ειποντι;;2
ενδεεστερωσ;;2
ανεκτοι;;2
οιηται;;2
οιων;;2
ομολογουμενην;;2
αναπαυλασ;;2
εκπλησσει;;2
ισοπαλεισ;;2
ησσησθαι;;2
ανδρειασ;;2
ομολογειν;;2
επιμελεια;;2
κρινομεν;;2
ενθυμουμεθα;;2
βλαβην;;2
αμαθια;;2
οκνον;;2
ηδεα;;2
αποτρεπομενοι;;2
ξυμφεροντοσ;;2
αυταρκεσ;;2
ερχεται;;2
πολεμιωι;;2
υπηκοωι;;2
παρασχομενοι;;2
διδασκαλιαν;;2
σημειοισ;;2
καθιστασ;;2
ανδραγαθιαν;;2
αφανισαντεσ;;2
ωφελησαν;;2
εβλαψαν;;2
ακμηι;;2
αγηρων;;2
αιειμνηστοσ;;2
λειπεται;;2
ταφοσ;;2
διαφεροντα;;2
πταισωσιν;;2
κακωσισ;;2
κοινησ;;2
τελευτησαι;;2
καρτερειν;;2
ηλικια;;2
ληθη;;2
παραβαλλομενοι;;2
βραχυν;;2
κερδαινειν;;2
παισι;;2
επαινειν;;2
υπερβολην;;2
ζωσι;;2
μνησθηναι;;2
σημανω;;2
τοιοσδε;;2
διελθοντοσ;;2
λοιμοσ;;2
αγνοιαι;;2
τελευτωντεσ;;2
φρεατα;;2
κρηναι;;2
γιγνωσκει;;2
ιατροσ;;2
επιπεσοι;;2
δηλωσω;;2
υγιεισ;;2
οφθαλμων;;2
πονοσ;;2
ιματιων;;2
επιβολασ;;2
ηδιστα;;2
διψηι;;2
ξυνεχομενοι;;2
απορια;;2
νοσηματοσ;;2
ισχυρασ;;2
εγγιγνομενησ;;2
ανασταντασ;;2
ηγνοησαν;;2
χαλεπωτερωσ;;2
εδηλωσε;;2
αταφων;;2
αποβαινοντοσ;;2
παρελυπει;;2
ειωθοτων;;2
θεραπευομενα;;2
αισθοιτο;;2
θεραπειασ;;2
ενεποιει;;2
εσιοντεσ;;2
υπαρχοντι;;2
οδοισ;;2
ξυνεταραχθησαν;;2
εθαπτον;;2
επιβαλοντεσ;;2
ετολμα;;2
μεταβολην;;2
θνηισκοντων;;2
κρινοντεσ;;2
αντιδουναι;;2
περιπεσοντεσ;;2
ερισ;;2
λοιμον;;2
ωνομασθαι;;2
λιμον;;2
χρηστηριου;;2
ηικαζον;;2
εσβεβληκοτων;;2
εσηλθεν;;2
παραλον;;2
λαυρειου;;2
τετραμμενην;;2
ιππαγωγοισ;;2
κατελιπον;;2
αλιαδα;;2
πρασιασ;;2
επιθαλασσιον;;2
αυτομολων;;2
εξελ;;2
εχρησατο;;2
πολιορκουμενην;;2
τετρακισχιλιων;;2
δευτεραν;;2
πεισαντα;;2
αποροι;;2
περικλει;;2
ηλπιζε;;2
θαρσυναι;;2
ηπιωτερον;;2
προσδεχομενωι;;2
ιδιωτασ;;2
φερομενοσ;;2
εκεινησ;;2
δρατε;;2
ησσων;;2
οικειωσ;;2
προσοντοσ;;2
προσειναι;;2
επεισθητε;;2
ξυμβαινον;;2
οικουντασ;;2
υφιστασθαι;;2
αφανιζειν;;2
ελλειπει;;2
προσηκουσησ;;2
ενθυμηθηναι;;2
προσποιησιν;;2
αποφαινω;;2
διασωσαντεσ;;2
πιστευηι;;2
ξυνεσισ;;2
πιστευει;;2
βεβαιοτερα;;2
προνοια;;2
πονουσ;;2
επικινδυνον;;2
πραξητε;;2
ανηλωκεναι;;2
μισεισθαι;;2
βουλευεται;;2
επειρατο;;2
απολωλεκοτεσ;;2
επικτωμενουσ;;2
φιλοτιμιασ;;2
τιμη;;2
κατειχε;;2
εχουσηι;;2
εταραχθησαν;;2
αφεστηκοσι;;2
παιδι;;2
εσφαλησαν;;2
ξυνεμαχουν;;2
αργειοσ;;2
καλλιμαχου;;2
αμφιλοχιαν;;2
αμφιαρεω;;2
αμφιλοχιασ;;2
ξυνοικουσ;;2
σαντων;;2
εκβαλλουσιν;;2
ισχουσι;;2
διδοασιν;;2
ακαρνασι;;2
αφικομενου;;2
ανδραποδισμου;;2
πλησιοχωρων;;2
λυκιαν;;2
επεγεγενητο;;2
ευριπιδου;;2
ταλαιπωριαν;;2
δισχιλια;;2
εφοδιον;;2
ελευθερωσασ;;2
διι;;2
κινδυνοισ;;2
ηκετε;;2
πατρωιουσ;;2
εγχωριουσ;;2
υπολαβων;;2
λεγετε;;2
ποιητε;;2
παρεδωκεν;;2
μετασχοντεσ;;2
ξυνωμοσαν;;2
ελευθερωσεωσ;;2
προκαλειται;;2
εργαζομενοι;;2
μελληι;;2
ακου;;2
απαγγελλοντεσ;;2
προκαλουνται;;2
ευξαμενοι;;2
εχουν;;2
τεμνοντεσ;;2
φορμηδον;;2
ανυτειν;;2
νυκτασ;;2
ξυλινον;;2
εσωικοδομουν;;2
προκαλυμματα;;2
προσεπιπτε;;2
ελανθανον;;2
χωματοσ;;2
αντεχοι;;2
προχωρουντασ;;2
ανεκλων;;2
δοκουσ;;2
μακραισ;;2
μηχαναι;;2
πολιορ;;2
κιασ;;2
προσχωσεωσ;;2
εμβαλοντεσ;;2
θειωι;;2
ειδεν;;2
ανεμων;;2
ταυτοματου;;2
ανηκεν;;2
διαφυγοντασ;;2
ουρανου;;2
βροντασ;;2
σαντο;;2
εξειργαστο;;2
σπαρτωλον;;2
σπαρτωλου;;2
νικωνται;;2
φοβησαντεσ;;2
επεδιωξαν;;2
καταφευγουσι;;2
περιοντι;;2
ξυμβοηθειν;;2
κρατησουσι;;2
περιηγγειλαν;;2
λευκαδι;;2
περιεμενεν;;2
αβασιλευτοι;;2
παιδοσ;;2
περιμεινασ;;2
ξυνεβοηθουν;;2
απολιπειν;;2
διειχον;;2
επιτηδειωι;;2
στρατιοι;;2
κρατησειαν;;2
πιπτουσιν;;2
κατασταντων;;2
ενδοντασ;;2
κνημωι;;2
παρεσκευασμενοι;;2
κομιζομενων;;2
πατρων;;2
πορθμον;;2
λεπτα;;2
παραγιγνομενοι;;2
ξυνηγον;;2
σημηνηι;;2
πλεουσων;;2
καλλιστην;;2
κωπασ;;2
αναφερειν;;2
κυβερνηταισ;;2
καταδυουσι;;2
χωρησειαν;;2
μολυκρειον;;2
περιλοιποισ;;2
πειρασαμενοισ;;2
παραλογοσ;;2
μαλακιαν;;2
κυδωνιατων;;2
κυλληνηι;;2
αχαικον;;2
θα;;2
αχαικωι;;2
απεχοντι;;2
παρασκευαζομενοι;;2
στενα;;2
δικαιαν;;2
ενδεησ;;2
απειρια;;2
κακιαν;;2
νικηθεν;;2
αποβαντι;;2
ενδεχεσθαι;;2
απειριαν;;2
τολμηροτερον;;2
τοσ;;2
προσγενομενα;;2
παρεξει;;2
ηγεμονων;;2
ενδωσομεν;;2
ξυνισταμενοι;;2
αθυμουντασ;;2
θαρσουσιν;;2
κατορθουντεσ;;2
ενεχειρησαν;;2
παρεχετε;;2
υποδεεστερων;;2
εικοτι;;2
πεφοβηνται;;2
ατολμιαι;;2
στενοχωρια;;2
πλεοντα;;2
φοβηθεισ;;2
επιστροφην;;2
επεσβαινοντεσ;;2
σχουσαι;;2
αμυνουμενοι;;2
εμπιπτει;;2
επεστησαν;;2
περιμειναι;;2
εμβοησαντεσ;;2
επιδιωκοντεσ;;2
εζωγρησαν;;2
πλεων;;2
κρισαιον;;2
λαβοντα;;2
καθελκυσαντεσ;;2
φρυκτοι;;2
ηιροντο;;2
καθειλκον;;2
καταδραμοντεσ;;2
βουδορου;;2
εφοβουν;;2
αγνωνα;;2
ευξεινον;;2
ιστρου;;2
ευξεινου;;2
γεται;;2
σκυθαισ;;2
ομοσκευοι;;2
μαχαιροφορων;;2
ανιστη;;2
λαιαιουσ;;2
λαιαιων;;2
παιονων;;2
σκομβρου;;2
τριβαλλουσ;;2
δυσιν;;2
αβδηρων;;2
ξυντομωτατα;;2
ισων;;2
νυκτων;;2
σευθου;;2
βασιλειασ;;2
ευρωπηι;;2
πορευομενωι;;2
υπηκοα;;2
πελλησ;;2
μυγδονιαν;;2
εθνων;;2
ανθεμουντα;;2
γρηστωνιαν;;2
επιοντοσ;;2
ευθειασ;;2
ετεμε;;2
εσεβαλε;;2
εστρατευσε;;2
τειχηρεισ;;2
θερμοπυλων;;2
χωρησηι;;2
πεδια;;2
σπαραδοκου;;2
εξηλασαν;;2
αχελωιου;;2
πυκναι;;2
διοδουσ;;2
μεγαλαι;;2
απολλω;;2
χρησαι;;2
ευρων;;2
εκτεινε;;2
απορων;;2
εγκαθεζομενοι;;2
προσβολαι;;2
τενεδιοι;;2
επειθον;;2
προκατα;;2
παρεσκευασμεναι;;2
εσηγγελθη;;2
πειρα;;2
παρουσαι;;2
επιτυχων;;2
επεσταλμενα;;2
ιμβριοι;;2
λημνιοι;;2
επηυλισαντο;;2
προσγενοιτο;;2
λακων;;2
εσπλεουσι;;2
ναυσταθμον;;2
αγορα;;2
επολεμειτο;;2
αχελωιον;;2
επλευσε;;2
αναχωρων;;2
διαφθειρεται;;2
ξυμβοηθησαντων;;2
ολυμπιαζε;;2
δωριευσ;;2
ενικα;;2
απολειποντασ;;2
ωφελουνται;;2
προδοτασ;;2
αδικοσ;;2
τιμωμενοι;;2
ομοιοτροποι;;2
ελευθερωσει;;2
εδουλωθησαν;;2
πιστουσ;;2
παραδειγμασι;;2
νεωτεριειν;;2
υποχειριουσ;;2
αποτρεπεται;;2
υποδεεστερουσ;;2
ξυνεπηγον;;2
μενου;;2
προσθεμενον;;2
παρασχηι;;2
εστωτων;;2
εδοκουμεν;;2
παρασχοι;;2
αντεπιβουλευσαι;;2
προσδεξαμενων;;2
ξυνελευθερουν;;2
απαρασκευοσ;;2
φαινησθε;;2
αμυνοντεσ;;2
βλαπτοντεσ;;2
αμυνουνται;;2
επιπλεοντασ;;2
εγγυθεν;;2
ωφελειται;;2
καταστρεψονται;;2
αποστησεται;;2
προσγενησεται;;2
παθοιμεν;;2
τερα;;2
δουλευοντεσ;;2
ειχετε;;2
ελευθερουντεσ;;2
εφραζον;;2
παρεσκευαζον;;2
διακοσιαι;;2
τοσαυται;;2
επληρωθησαν;;2
προδιδομενην;;2
πληγεντεσ;;2
επικουρων;;2
ειργειν;;2
αρχομενον;;2
φρουρια;;2
μαιανδρου;;2
μετρον;;2
λων;;2
ποδεσ;;2
οικηματα;;2
ωικοδομητο;;2
επαλξεων;;2
μεσων;;2
πειρασ;;2
αριστερον;;2
ανεβαινον;;2
ανεβη;;2
επομενοι;;2
δορατιοισ;;2
κατοπιν;;2
κατεβαλε;;2
ωρμησεν;;2
υπερεβαινον;;2
θηβασ;;2
βοηθοιεν;;2
ανεβεβηκεσαν;;2
προσθεντεσ;;2
χειλουσ;;2
λαμπαδασ;;2
φθανουσι;;2
βιαιωσ;;2
επεπηγει;;2
υσιασ;;2
λαβομενοι;;2
υπερβαινειν;;2
ταφρωι;;2
βοηθειασ;;2
νεκροισ;;2
μαθοντεσ;;2
σαλαιθοσ;;2
διαλαθων;;2
εσερχεται;;2
τεταρτον;;2
επιβοηθησωσιν;;2
νεωτερου;;2
χαλεπωτατη;;2
ψιλον;;2
πραγμασιν;;2
οποιον;;2
μυτιλη;;2
ανδραποδισαι;;2
βωμουσ;;2
αδικησαι;;2
προσμειξαντεσ;;2
εαλωκεν;;2
εμβατον;;2
επιγενεσθαι;;2
κεκρατηκοτων;;2
ελπιζω;;2
υπολοιποσ;;2
αιολιδα;;2
αποστησωσιν;;2
προσοδον;;2
ενεδεχετο;;2
ωφθη;;2
παραλοσ;;2
σαλαμινια;;2
επεδιωξεν;;2
κατωικηντο;;2
μηδισαντεσ;;2
επαγονται;;2
ιππιαν;;2
καταστησειν;;2
αρκαδασ;;2
διαφθειρει;;2
εσαγαγων;;2
οικιστασ;;2
σαλαιθον;;2
αιτιοσ;;2
ορμησ;;2
διαχρησασθαι;;2
βουλευμα;;2
ξυμπρασσοντεσ;;2
ενδηλον;;2
κλεαινετου;;2
ακροωνται;;2
καθεστηξει;;2
ακολασιασ;;2
φαυλοτεροι;;2
μειζοσιν;;2
κριται;;2
εγγυτατω;;2
αντερων;;2
κερδει;;2
πειρασεται;;2
ειωθατε;;2
αποβησομενα;;2
ησσωμενοι;;2
καθημενοισ;;2
επεβουλευσαν;;2
κτωμενοι;;2
μακροτερα;;2
ευπραγια;;2
κακοπραγιαν;;2
διασωιζονται;;2
τυχοντεσ;;2
εφθαρμενην;;2
μιουσ;;2
ξυγγνωμον;;2
ακουσιον;;2
επιεικειαι;;2
επιεικεια;;2
ξυμφορωσ;;2
ακινδυνου;;2
εχθρου;;2
χειρωσασθαι;;2
μαλακισθεντεσ;;2
διοδοτοσ;;2
διδασκαλουσ;;2
διαφερει;;2
φρασαι;;2
διαβαλων;;2
αντερουντασ;;2
σομενουσ;;2
πολιτην;;2
σωφρονα;;2
ατιμαζειν;;2
αξιουσθαι;;2
ταγαθα;;2
αμεινω;;2
σκοπουντων;;2
επισπομενοσ;;2
εβλαπτοντο;;2
πεισαντοσ;;2
ξυγγνωμησ;;2
δικαιων;;2
δοκησει;;2
πεφυκασι;;2
κακουργων;;2
εξουσια;;2
πλεονεξιαν;;2
ξυντυχιαι;;2
ερωσ;;2
υποτιθεισα;;2
ορωμενων;;2
αδοκητωσ;;2
προαγει;;2
ανθρωπειασ;;2
πιστευσαντασ;;2
αμαρτιαν;;2
ελθοι;;2
δαπανην;;2
επερχεσθε;;2
παρεδωκε;;2
κτεινοντεσ;;2
ηδικησαν;;2
αδικηθηναι;;2
πειθεσθε;;2
διεφθαρμενην;;2
σπουδη;;2
ηιρουντο;;2
πλεουσησ;;2
καθειλον;;2
μηθυμναιων;;2
εκπλουσ;;2
ληιστων;;2
διε;;2
εξειργασαντο;;2
εγκαταλιπων;;2
προσχωρησαντων;;2
προσπεμπει;;2
αδικουσ;;2
αιτησαμενοι;;2
φερεσθαι;;2
φοβουμεθα;;2
τεκμαιρομενοι;;2
ηιτησαμεθα;;2
επερωτημα;;2
ελεγχον;;2
καθεστωτεσ;;2
πειθω;;2
ερωτημα;;2
νομιζοντασ;;2
νειν;;2
γεγενημεθα;;2
γενομενηι;;2
αμνημονειν;;2
εβιασαντο;;2
τελευταιον;;2
ιερομηνιαι;;2
καθεστωτα;;2
βλαπτοιμεθα;;2
ελομενοι;;2
ανδραγαθιασ;;2
μεμπτων;;2
κοινοισ;;2
δοξει;;2
πατερασ;;2
αναγραψαι;;2
μεγιστουσ;;2
παρεδομεν;;2
ατιμωρητοι;;2
προισχομενουσ;;2
αποθανοντασ;;2
ατιμουσ;;2
γερων;;2
κτισαντων;;2
ασταθμητον;;2
αιτουμεθα;;2
παραδοθηναι;;2
κινδυνευομεν;;2
ελευθερουντασ;;2
διολεσαι;;2
κατηγοριαν;;2
απολογιαν;;2
παραβαινοντεσ;;2
μηδισαι;;2
αγαλλονται;;2
ειδει;;2
κρατησειε;;2
εαυτησ;;2
απηλθε;;2
μηδισμον;;2
ηδικηκατε;;2
ειλεσθε;;2
καταπροδουναι;;2
ανταπεδοτε;;2
επηγαγεσθε;;2
ουσπερ;;2
περιτειχιζεσθαι;;2
αττικισμον;;2
αποφαινομεν;;2
νομι;;2
σωφρονισται;;2
κτενειν;;2
παρανομησαι;;2
δρωσι;;2
ολοφυρμωι;;2
ηλικιαν;;2
οικτου;;2
πεισονται;;2
ποιησατε;;2
καλουσ;;2
ζητησει;;2
πεπονθεναι;;2
παραγαγοντεσ;;2
φαιεν;;2
απεκτεινον;;2
εδαφοσ;;2
σιδηροσ;;2
φευγουσαι;;2
χειμασθεισαι;;2
αλκιδαι;;2
επεληλυθοτα;;2
μοναισ;;2
εστασιαζον;;2
μετιοντεσ;;2
πειθιασ;;2
τεμενουσ;;2
καθεζομενων;;2
πειθιαν;;2
ξυγκαλεσαντεσ;;2
πεπραγμενων;;2
διδαξοντασ;;2
καταφευγει;;2
ιδρυθη;;2
υλλαικον;;2
ηκροβολισαντο;;2
περιεπεμπον;;2
δουλουσ;;2
υπισχνουμενοι;;2
τολμηρωσ;;2
οψιαν;;2
φειδομενοι;;2
εμπορων;;2
ησυχασαντεσ;;2
διεκομισθησαν;;2
εμειναν;;2
κινησει;;2
παρεμυθειτο;;2
υγιεσ;;2
διανοουμενων;;2
πεμπτηι;;2
εταλαιπωρουν;;2
αθροαισ;;2
θορυβειν;;2
υποχωρουντων;;2
παραινουντοσ;;2
σωθησεται;;2
υπερενεγκοντεσ;;2
υποσχειν;;2
κατεγνωσαν;;2
παρεμεινε;;2
εφονευον;;2
εκασταχου;;2
κακωσει;;2
εκασται;;2
μεταβολαι;;2
βιαιοσ;;2
διδασκαλοσ;;2
οργασ;;2
εστασιαζε;;2
τολμα;;2
αλογιστοσ;;2
ενομισθη;;2
μελλησισ;;2
δειλια;;2
πιστοσ;;2
αντιλεγων;;2
εκπεπληγμενοσ;;2
εταιρικου;;2
κειμενων;;2
πλεονεξιαι;;2
παρατυχοντι;;2
περιγενομενοσ;;2
αμαθεισ;;2
ονοματοσ;;2
ευπρεπουσ;;2
αριστοκρατιασ;;2
ηκουον;;2
μεσα;;2
φθονωι;;2
περιειναι;;2
αντιτεταχθαι;;2
φοβεροσ;;2
ενδεεσ;;2
φθασωσι;;2
καταφρονουντεσ;;2
σφαλεισι;;2
τιμωριαισ;;2
κινδυνευσασ;;2
λιμοσ;;2
ενοικοδομησαμενοι;;2
εταχθησαν;;2
λεοντινοισ;;2
καμαρινα;;2
ειργοντο;;2
αριθμοσ;;2
αιολου;;2
μαχοι;;2
τεμοντεσ;;2
σεισμοσ;;2
ενεδραν;;2
ερυματι;;2
μηλον;;2
ευρυμεδοντοσ;;2
επεξελθοντασ;;2
τραχινιοι;;2
μελλησαντεσ;;2
πρεσβευτην;;2
ξυνεπρεσβευοντο;;2
παρασκευασθηναι;;2
παροδου;;2
κελευοντοσ;;2
ειρξαν;;2
διαπλουσ;;2
απεβη;;2
μηλωι;;2
ζακυνθιοισ;;2
κεφαλλησι;;2
αιτωλοισ;;2
ηπειρωτικον;;2
μαχιμον;;2
καταστραφηναι;;2
ξυμπαντι;;2
παρεπλευσεν;;2
νεμεαι;;2
αιτωλιαν;;2
τειχιον;;2
εμενε;;2
ευπαλιον;;2
αντιταξωνται;;2
ποσιν;;2
ακοντιστων;;2
διωξεισ;;2
εσπιπτοντεσ;;2
χαραδρασ;;2
τροπηι;;2
ολεθρου;;2
οινεωνα;;2
υπελειφθη;;2
μενεδαιοσ;;2
αμυνομενων;;2
υστεροισ;;2
προσβοηθουντασ;;2
προξενου;;2
χορουσ;;2
προοιμιου;;2
αρτεμιδι;;2
τεωι;;2
δικαστηριωι;;2
εμειξαν;;2
εφωρμουν;;2
ξυμμαχικου;;2
εστρατοπεδευσατο;;2
χαραδρα;;2
εκτηι;;2
ετασσοντο;;2
κυκλωθηι;;2
ξυναμφοτερουσ;;2
ξυνοδωι;;2
περιεσχον;;2
εκυκλουντο;;2
προσπιπτουσι;;2
τρεπουσιν;;2
διαφθειρομενον;;2
ξυντεταγμενοι;;2
προσφερει;;2
ξενικον;;2
αποχωρησιν;;2
λιαν;;2
εθεον;;2
επεδιωκον;;2
εσπεισθαι;;2
πελο;;2
ποννησιουσ;;2
παρεχομενουσ;;2
απειρων;;2
απεχουσαν;;2
σκυλευσαντεσ;;2
καταφυγοντων;;2
ερωτων;;2
ηκουσε;;2
εξηιρεθησαν;;2
σαλυνθιον;;2
διαδοχον;;2
αποστελουντεσ;;2
μελετην;;2
πυροσ;;2
επαγαγομενων;;2
μεσσηνη;;2
επετιθεντο;;2
πληρουμεναι;;2
εληιστευοντο;;2
σοφοκλησ;;2
σχοντασ;;2
επιγενομενοσ;;2
πυλοσ;;2
κορυφασιον;;2
οικειουσ;;2
ξυμβαινοι;;2
εξεργασαμενοι;;2
ολιγωριαι;;2
επεσχεν;;2
φυλακα;;2
ωραν;;2
αναχωρησαι;;2
μενδαιων;;2
ξυλλεξασ;;2
εξεκρουσθη;;2
αφιγμενων;;2
λαθουσαι;;2
ζακυνθωι;;2
προσπλεοντων;;2
προσβαλουντεσ;;2
ερημιασ;;2
κληισειν;;2
εκπολιορκησειν;;2
ολιγησ;;2
σκευησ;;2
προσβαλλειν;;2
κελητοσ;;2
προσβαληι;;2
απολεξαμενοσ;;2
εδεχετο;;2
τετραμμενα;;2
ξυναραμενοι;;2
απερισκεπτωσ;;2
κωλυοντοσ;;2
ραιδιασ;;2
αποριασ;;2
παρακελευσαμενου;;2
ελοιεν;;2
αποκνησαι;;2
προσβολησ;;2
κρατιστοισ;;2
παρεπεμψαν;;2
χιαι;;2
απορησαντεσ;;2
ησυχαζοντεσ;;2
ναυμαχησοντεσ;;2
αντιπρωιρουσ;;2
εκπληξεωσ;;2
διεσωσαν;;2
βιασθεντασ;;2
κρατηθηναι;;2
μακραι;;2
κομισαντασ;;2
τακτον;;2
κοτυλασ;;2
οινου;;2
πραξοντασ;;2
διδασκοντασ;;2
ξυμβεβηκασι;;2
απιδοντεσ;;2
ενδειαι;;2
προσγενομενησ;;2
ηγησωνται;;2
ευτυχειν;;2
νομισθηναι;;2
εναντιοσ;;2
προκαλουμεθα;;2
ασαφωσ;;2
αρξαντων;;2
ενοντα;;2
υποδεεστερον;;2
εναντιουμενων;;2
κωλυεσθαι;;2
δεξεσθαι;;2
ετοιμουσ;;2
ωρεγοντο;;2
ενηγε;;2
ξυμβησονται;;2
ενεκειτο;;2
ξυνεδροι;;2
διελελυντο;;2
απηιτουν;;2
απεδιδοσαν;;2
απασαι;;2
σωσαι;;2
ισχυρα;;2
πορθμου;;2
κληθεισα;;2
κατεβαινον;;2
ναξιοι;;2
προσβαλλοντεσ;;2
ανεχω;;2
ορμον;;2
μετεωροι;;2
αθυμιαν;;2
ερημηι;;2
εσηγον;;2
κολυμβηται;;2
σπερμα;;2
εφορμον;;2
επικηρυκευεσθαι;;2
κατασκοπουσ;;2
διαμελλειν;;2
πλει;;2
ασμενοισ;;2
αγαθοιν;;2
αναγωγην;;2
πολιορκουντεσ;;2
διακινδυνευσαι;;2
απροσδοκητωσ;;2
εσηιει;;2
ελαθε;;2
ετοιμαζων;;2
ηιτησατο;;2
προκαλουμενοι;;2
κελευειν;;2
επιβιβασαντεσ;;2
απεβαινον;;2
επιμαχον;;2
εσκευασμενοι;;2
αμφιβολοι;;2
πλαγιου;;2
ετρεπον;;2
επεκθειν;;2
πολλαπλασιοι;;2
προσδοκιασ;;2
επιδρομηι;;2
τοξευματων;;2
προοραν;;2
περιεστωτοσ;;2
τεθαρσηκοτεσ;;2
επισπομενοι;;2
εξελασασθαι;;2
πλαγια;;2
κρημνωδουσ;;2
ησσηθειεν;;2
εκηρυξαν;;2
στυφων;;2
κηρυκασ;;2
επιουσαν;;2
πεμ;;2
εγκατεληφθη;;2
εξουσιαν;;2
ηγαγε;;2
δηλωσιν;;2
δεσμοισ;;2
εσβαλωσιν;;2
εξαγαγοντεσ;;2
αυτομολουντων;;2
ζεσθαι;;2
λοφοσ;;2
αιγιαλου;;2
επετηρουν;;2
σολυγειαν;;2
καθυπερθεν;;2
επαναχωρησασα;;2
εσκυλευον;;2
ανηιρουντο;;2
αστυγειτονων;;2
μεθανα;;2
απηραν;;2
δοντων;;2
διαγνωναι;;2
μηχανωνται;;2
διδαξαντεσ;;2
αργυρολογων;;2
εξεπεμφθησαν;;2
αρταφερνην;;2
κεφαλαιον;;2
περσου;;2
εβδομον;;2
ροιτειον;;2
ιδησ;;2
επικειμενησ;;2
κακωσειν;;2
αυτοκλησ;;2
μαλεαν;;2
κρητικον;;2
σκανδειαν;;2
κυθηριων;;2
κυθηριουσ;;2
αντεταξαντο;;2
εκασταχοσε;;2
καταστασιν;;2
ανελπιστου;;2
ξυνεστωτεσ;;2
φρουρα;;2
λιμηραν;;2
κυνουριασ;;2
οικοδομουντεσ;;2
τανταλον;;2
καταθεσθαι;;2
καμαριναιοισ;;2
γελωιοισ;;2
διαφερομενων;;2
αξιουντων;;2
συρακοσιοσ;;2
πειρωμεθα;;2
καταλλαγηναι;;2
επιβουλευομενην;;2
διαλλακτασ;;2
εμων;;2
επικαλουμενοισ;;2
ποιουντων;;2
τελεσι;;2
ξυνθηκησ;;2
φυλασσεσθαι;;2
πρεσβυτατον;;2
απραγμονωσ;;2
απιασιν;;2
ημυναντο;;2
χρησιμωτατον;;2
εκπλαγεντεσ;;2
απιστησαντεσ;;2
κακεινοισ;;2
στασιασαντων;;2
χαλεποι;;2
ιπποκρατη;;2
βεβαιοτητοσ;;2
απειχεν;;2
περιπολοι;;2
αμαξηι;;2
αμαξα;;2
ανοιχθεισων;;2
μενοισ;;2
προδιδοντων;;2
κεναι;;2
κηρυξαι;;2
πολεμεισθαι;;2
θορυβουμενων;;2
καταγορευει;;2
ισχυοντεσ;;2
καταγαγειν;;2
ισασι;;2
βουλευοντεσ;;2
λιθουργοι;;2
κοπτοντεσ;;2
απεσταυρουν;;2
δεοιτο;;2
επιβοηθησειν;;2
ομολογησαντεσ;;2
ληφθηι;;2
τριποδισκον;;2
μεγαριδοσ;;2
ξυνειλεγμενοι;;2
εκπυστοσ;;2
αναλαβειν;;2
εφεδρευοντων;;2
κρατησασι;;2
ψιλοισ;;2
νικησαντασ;;2
οπλιτικου;;2
βλαφθηναι;;2
μετεσχον;;2
υπεξηλθον;;2
μεγαλαισ;;2
μεταστασισ;;2
ξυνεμεινεν;;2
αντανδρου;;2
αναια;;2
αναλαμβανουσι;;2
εσπλευσασ;;2
κατελθοντοσ;;2
αιφνιδιου;;2
παρεσκευασθη;;2
προδωσειν;;2
σιφαι;;2
χαιρωνεια;;2
τειχισθειη;;2
ληιστευομενησ;;2
προσποιησαμενοσ;;2
πεισαντασ;;2
ηυτυχει;;2
πλησιοχωροι;;2
αφεστηκυιαι;;2
αποτρεψειν;;2
επικαλουμενων;;2
ελευθερουσθαι;;2
ξυνεπεμψαν;;2
προυθυμηθησαν;;2
παρασχων;;2
μετριον;;2
αισθομενων;;2
επιθυμιαν;;2
δαιμονιουσ;;2
λυγκου;;2
εδιδασκον;;2
ξυγγιγνεται;;2
καταστασ;;2
καθαιρησειν;;2
αποδεικνυναι;;2
ασθενησ;;2
πλεονεσ;;2
υποπτευεσθαι;;2
παρεισ;;2
χαλεπωτερα;;2
διωθεισθαι;;2
προσαναγκαζειν;;2
ηκων;;2
απαλ;;2
περιθειναι;;2
προσαγαγηται;;2
σταγιροσ;;2
ετειχιζε;;2
αριστου;;2
παγωνδασ;;2
νυνι;;2
ορεγομενοσ;;2
πειρωνται;;2
δουλουσθαι;;2
ειωθασι;;2
ομοιωθηναι;;2
νεωτερουσ;;2
παραινεσασ;;2
καταλιπων;;2
ορχομενιοι;;2
ξυνιεναι;;2
παρεκελευετο;;2
αγαλλεται;;2
παγωνδου;;2
επαθεν;;2
εκωλυσαν;;2
υποχωρησαντων;;2
νικων;;2
εφεπομενοι;;2
απανται;;2
κηρυκι;;2
αποφερεσθαι;;2
παρανομιαν;;2
κακοισ;;2
απιουσιν;;2
ποιητεον;;2
μηλιωσ;;2
μηχανην;;2
λεβητα;;2
κεραιασ;;2
καθειτο;;2
ξυλοισ;;2
απεκομισθη;;2
καταπλευσαι;;2
ηδωνων;;2
οικιστου;;2
εκτισαν;;2
ωρμωντο;;2
περιεχειν;;2
απολαβων;;2
αργιλιων;;2
αργιλιοι;;2
βιασαμενοσ;;2
προσπεσων;;2
αμφιπολιται;;2
θουκυδιδην;;2
μεταλλων;;2
περιποιησειν;;2
υπελαμβανον;;2
θασιων;;2
ξυγκαθιστη;;2
ωφελιμοσ;;2
πομπηι;;2
πυνθανομεναι;;2
επηρθησαν;;2
αδεια;;2
ειωθοτεσ;;2
μονηι;;2
ξυμβαλειν;;2
ναυπηγιαν;;2
θυσσον;;2
ξυμμεικτοισ;;2
τυρσηνων;;2
αντεστη;;2
επηγοντο;;2
ορθρον;;2
πυλαι;;2
εσεκομισαν;;2
φοβησειαν;;2
ξυνθημα;;2
ετραπετο;;2
ληκυθον;;2
ακανθωι;;2
ληψιν;;2
μετασχοντασ;;2
πειρασαμενουσ;;2
εξοντασ;;2
παραθαρσυνασ;;2
ληκυθωι;;2
φαυλου;;2
προσαξεσθαι;;2
παραφραγματα;;2
εαλωκεναι;;2
προσβαλειν;;2
ανθρωπειωι;;2
ογδοον;;2
ξυναλλαγηναι;;2
επιμελεσθαι;;2
πατριοισ;;2
επιμισγομενουσ;;2
ποσειδωνιον;;2
οσαπερ;;2
πλοιωι;;2
απιουσι;;2
ελαφηβολιωνοσ;;2
ποιησαντασ;;2
σκιωνη;;2
παλληνηι;;2
τροιασ;;2
οικησαι;;2
διεπλευσε;;2
περαιωθεισ;;2
μενδησ;;2
δαιμονιων;;2
σκιωναιουσ;;2
αφιει;;2
αφισταται;;2
εδεξατο;;2
εκεχειριαι;;2
ενεκαλει;;2
οργισθεντεσ;;2
παρεσομενων;;2
λυγκηστασ;;2
προδοντεσ;;2
προκεχωρηκοτασ;;2
εικαζω;;2
προσφεροιτο;;2
επικειμενουσ;;2
επιφερομενουσ;;2
χωρησαντασ;;2
εποντασ;;2
πλειων;;2
διαπεφευγεναι;;2
οργιζομενοι;;2
απαλλαξεται;;2
μενδαιουσ;;2
πολυδαμιδασ;;2
προσβηναι;;2
λοφωι;;2
επιουσησ;;2
επικουροισ;;2
αιφνιδιωι;;2
απασηι;;2
κριναντασ;;2
παρασκευασασ;;2
εξηγον;;2
πασιτελιδαν;;2
απωλωλει;;2
χρυσισ;;2
ενατον;;2
προσθεισ;;2
καθαρσεωσ;;2
ατραμυττιον;;2
πασιτελιδασ;;2
λαβουσαι;;2
αλισκομενου;;2
γενομεναισ;;2
εκομισθη;;2
τορωνησ;;2
εκβαλλουσι;;2
επλανηθησαν;;2
βρικιννιασ;;2
λεοντινηι;;2
γελαι;;2
ιταλιαι;;2
παραγενοιτο;;2
κερδυλιωι;;2
δισχιλιοι;;2
ετεταχατο;;2
ευτυχησασ;;2
φρονειν;;2
κερδυλιου;;2
αντιταξιν;;2
προσταξασ;;2
τυχοι;;2
διδαξω;;2
συ;;2
κλεαριδα;;2
πειθεσθαι;;2
παραινεσαι;;2
θραικιασ;;2
διαγωνισασθαι;;2
δουσ;;2
μενουσιν;;2
αταξιαι;;2
τρεπει;;2
αισθανονται;;2
ιπποσ;;2
νικωσιν;;2
καταβαλοντεσ;;2
ηδεωσ;;2
ξυντυχιασ;;2
κωλυοντων;;2
ησσηι;;2
αψασθαι;;2
σφαλματα;;2
υπομενοντεσ;;2
ποιητεα;;2
ξυνιοντασ;;2
διαβαλλων;;2
λυκαιον;;2
εικοστωι;;2
αχθομενοσ;;2
γιγνομενου;;2
προυθυμηθη;;2
επιτειχισμον;;2
θυειν;;2
αδολουσ;;2
αβλαβεισ;;2
πημονηι;;2
ολυνθιοι;;2
πολιορκουμενουσ;;2
εμμενω;;2
ξυνθηκαισ;;2
ταισδε;;2
ολυμπιασι;;2
αμυκλαιωι;;2
φθινοντοσ;;2
δαμαγητοσ;;2
χιονισ;;2
μεταγενησ;;2
δαιθοσ;;2
ζευξιδασ;;2
αντιπποσ;;2
τελλισ;;2
αλκιναδασ;;2
εμπεδιασ;;2
λαφιλοσ;;2
λαμπων;;2
ισθμιονικοσ;;2
μυρτιλοσ;;2
θρασυκλησ;;2
θεαγενησ;;2
ιωλκιοσ;;2
ημισειασ;;2
ισχαγοραν;;2
παραδιδοναι;;2
αμφω;;2
πολεε;;2
υακινθια;;2
στηλην;;2
αφελειν;;2
αθηνησι;;2
αισθανομενοσ;;2
πεποιηνται;;2
πελοποννησοσ;;2
υπερωφθη;;2
αττικου;;2
δημοκρατουμενην;;2
μεταστηναι;;2
αμφοιν;;2
πολεοιν;;2
λεπρεαταισ;;2
λεπρεατων;;2
ημισειαι;;2
ταλαντον;;2
επιτροπην;;2
αφεστηκυιαν;;2
ηβωντασ;;2
ενθυμουμενοι;;2
αποστησοντεσ;;2
δεχομενων;;2
απειπον;;2
αιτιωμενων;;2
παρρασιουσ;;2
κυψελοισ;;2
ηκοντων;;2
εκομισεν;;2
ληφθεντασ;;2
επιτιμοι;;2
ατιμιαν;;2
διησ;;2
λαχοντεσ;;2
ξυγγραφησ;;2
ποιησειαν;;2
ηυτομοληκεσαν;;2
κλεοβουλοσ;;2
ραιω;;2
βοιωταρχαισ;;2
ξυμβησεσθαι;;2
εκοινωσαν;;2
βουλαισ;;2
προσδεχονται;;2
παραινουσιν;;2
ψηφιεισθαι;;2
εσηνεγκαν;;2
ποιησωνται;;2
γεγενημενην;;2
μεθοριασ;;2
μεμνησθαι;;2
ποιησομενουσ;;2
οικησειν;;2
εξηπατησθαι;;2
νεοτητα;;2
υπεριδοντεσ;;2
προξενιαν;;2
παππου;;2
εξελωσι;;2
μον;;2
ενδιοσ;;2
μηχαναται;;2
κελευσοντασ;;2
ανενεωσαντο;;2
αναχωρησαντοσ;;2
επαγγελλωσιν;;2
ηλιν;;2
μεταπεμψαμενη;;2
στρατευεσθαι;;2
αρχαι;;2
θεωροι;;2
μναι;;2
προσδεχομενων;;2
επαγγειλαι;;2
αναβαντασ;;2
προθυμουνται;;2
εθυον;;2
αγησιππιδαν;;2
τειχισαι;;2
διεκωλυσαν;;2
θυματοσ;;2
επιδαυρωι;;2
αδικησεσθαι;;2
ληιζεσθαι;;2
αιρησοντεσ;;2
μεσουντοσ;;2
πεντακισχιλιοι;;2
παραγγειλασ;;2
χαλεπην;;2
σικυωνιοισ;;2
ξυνιοντων;;2
φρασασ;;2
ειποντο;;2
απτεσθαι;;2
τοσουτουσ;;2
μαχουσ;;2
εβουλευον;;2
οικιαν;;2
προσειλοντο;;2
αφεστηκεν;;2
αθροοισ;;2
μαντινικην;;2
ερυμνον;;2
παρεταξαντο;;2
ακαιρον;;2
εξετρεπεν;;2
αναχωρουντεσ;;2
αφεθηναι;;2
εθορυβηθησαν;;2
μαχεισθαι;;2
ενωμοτιαι;;2
χωρουσι;;2
νεοδαμωδεισ;;2
λοχοι;;2
αγωνιζομενουσ;;2
χωρουντεσ;;2
απαντα;;2
πληρωσαι;;2
σκιριτασ;;2
υπομειναντασ;;2
ησσημενουσ;;2
εταλαιπωρησαν;;2
αληθειαν;;2
φερων;;2
κατταδε;;2
ξυμβαλεσθαι;;2
αργειωσ;;2
αποδιδοντασ;;2
επιδαυρω;;2
πολιεσσι;;2
πελοποννασωι;;2
οπαι;;2
δικαιοτατα;;2
οσσοι;;2
εντι;;2
επιδειξαντασ;;2
αιδε;;2
ισοισ;;2
αιτε;;2
ανανεωσαμενοι;;2
αφεισαν;;2
αχαιαι;;2
γυμνοπαιδιασ;;2
παιδιασ;;2
οικεται;;2
στρατεια;;2
ουδετερων;;2
υπολαμβανοντεσ;;2
κρινετε;;2
μηλιων;;2
καλων;;2
αγοντασ;;2
δικαιωματι;;2
ναυκρατορων;;2
εκβιβασαντεσ;;2
βλεψαντεσ;;2
καθειλεν;;2
φυλαξεται;;2
φανεραι;;2
ελπιδων;;2
πιστευομεν;;2
ελασσωσεσθαι;;2
ελλειποντι;;2
προσεσεσθαι;;2
ξυγγενειασ;;2
προσφερονται;;2
βουλησεσθαι;;2
τολμωσιν;;2
ληψισ;;2
περιπεσειν;;2
αιρεσεωσ;;2
ενθυμεισθε;;2
αιτινεσ;;2
σαφεστερα;;2
παραβεβλημενοι;;2
ετρεποντο;;2
περιτειχισματοσ;;2
χρησιμα;;2
κατενεχθεντεσ;;2
ιταλια;;2
ελυμων;;2
ορμηθεντεσ;;2
αναστηναι;;2
ροδου;;2
οικισιν;;2
ετεθη;;2
ακραγαντα;;2
ακραγαντοσ;;2
ζαγκλη;;2
κασμεναι;;2
τοσηνδε;;2
ξυγγενεσι;;2
επικαλουμενοι;;2
σχησουσι;;2
εγεσταν;;2
ορνεασ;;2
αλλοφυλοισ;;2
ορθουσθαι;;2
ωρμησθε;;2
φημι;;2
αξιοχρεωι;;2
βεβαιωσωμεθα;;2
ενδοιαστωσ;;2
δυναιμεθα;;2
ιπποτροφιασ;;2
φοβουμαι;;2
ψηφιζεσθαι;;2
ιονιωι;;2
σικελικωι;;2
κηδεσθαι;;2
πολιτησ;;2
διαφοροσ;;2
ωφελησειν;;2
θεωριασ;;2
λαμπροτητι;;2
καταλιποντασ;;2
ουδεπω;;2
λεγοιτο;;2
προσχωροιεν;;2
ησυχον;;2
ποιωμεθα;;2
προχωρηι;;2
τριψεσθαι;;2
παραπαν;;2
διαφορωσ;;2
δεομενασ;;2
μεταστασιν;;2
ελληνιδασ;;2
κεκτηνται;;2
αντεχωσι;;2
σιτοποιουσ;;2
εχηι;;2
παραδουσ;;2
εμαυτον;;2
ασφαλησ;;2
σφαλεισαν;;2
στρατιωτησ;;2
μισθοφοραν;;2
ξυναρχοντων;;2
οπλιταγωγουσ;;2
δοκωσι;;2
μεγαλοισ;;2
οιδεν;;2
εκπλου;;2
ακολουθων;;2
μυστηρια;;2
εβοων;;2
μυστικα;;2
αποντοσ;;2
αποδεχεσθαι;;2
αποκτεινειν;;2
διαβολησ;;2
πλειστοισ;;2
σιταγωγοισ;;2
εταιρουσ;;2
ανεθαρσουν;;2
στολοσ;;2
υπηρεσιασ;;2
εξουσιασ;;2
ηυρεθη;;2
επεχειρηθη;;2
εκπλευσαντεσ;;2
πειθων;;2
ναυτικηι;;2
εθελησουσιν;;2
ξυνισταται;;2
πεμπωμεν;;2
κοινοσ;;2
αμυναι;;2
ταρασ;;2
βεβαια;;2
ερμοκρατει;;2
αθηναγορασ;;2
προστατησ;;2
αγγελλοντασ;;2
αγγελιαι;;2
διαπολεμησαι;;2
δημοκρατιαι;;2
μετασχειν;;2
βουλησεσθε;;2
αναστασ;;2
κατασκοπην;;2
ξυλλογου;;2
κρητεσ;;2
ολκαδεσ;;2
λιθολογουσ;;2
τεκτονασ;;2
εργαλεια;;2
ηπιστουν;;2
αργυρα;;2
οσασπερ;;2
αδοκητου;;2
δαπανωντασ;;2
σελινουντοσ;;2
απορησειν;;2
ναξιων;;2
τηριαν;;2
κατασκεψασθαι;;2
κατοικιουντεσ;;2
σαλαμινιαν;;2
πονηρων;;2
χρησιμωτερον;;2
πονηριαν;;2
ελαμβανεν;;2
ερωτικην;;2
τελευτησαντοσ;;2
αριστογειτονι;;2
αρμοδιον;;2
εικοστην;;2
γνοιη;;2
δυστυχιαι;;2
περιεμενον;;2
δορυφορουσ;;2
εθελησειν;;2
προηισαν;;2
περιετυχον;;2
απολλυται;;2
λυπην;;2
επιβουλησ;;2
ορωιη;;2
αρχεδικην;;2
δαρειωι;;2
υποσπονδοσ;;2
σιγειον;;2
μυστικων;;2
εικαζεται;;2
δρασαντων;;2
ξυνεληφθησαν;;2
διαφυγοντων;;2
εναγοντων;;2
ξυνωμοσιασ;;2
πρασ;;2
μηνυμα;;2
εζητουν;;2
θουριασ;;2
σελινουντιων;;2
τυρσηνικον;;2
υβλαν;;2
προσδοκιαν;;2
εφαινοντο;;2
κατασκοποι;;2
ηκοιεν;;2
ολυμπιειον;;2
προσελασαντεσ;;2
αρξειν;;2
αναπου;;2
προσηλθον;;2
πλαισιωι;;2
σκευοφορουσ;;2
ασθενουσ;;2
υπομιμνηισκω;;2
απροσδοκητοι;;2
ελλιπεισ;;2
βουλησιν;;2
μαντεισ;;2
μενησ;;2
μαχομενοισ;;2
ξυνεπιλαβεσθαι;;2
περαινεσθαι;;2
αησσητοι;;2
ξυνταξαμενοι;;2
επανεχωρησαν;;2
επιχειρησοντεσ;;2
γεγενημενωι;;2
επιστημησ;;2
ηρακλειδην;;2
σικανον;;2
κατανηι;;2
επλευσεν;;2
μειναντεσ;;2
διεχειμαζον;;2
τεμενιτην;;2
ναξωι;;2
προσαγαγοιντο;;2
δουλωσαμενουσ;;2
γματα;;2
δυστυχειν;;2
συρακοσιον;;2
εμηι;;2
εμοισ;;2
δεινη;;2
σφαλησεται;;2
ευφημοσ;;2
περιδεωσ;;2
ειρηκαμεν;;2
δουλωσομενοι;;2
μηθυμναιουσ;;2
μετριωτατα;;2
προσχωρησονται;;2
προσηναγκαζον;;2
επαγγελλομενων;;2
σικελοισ;;2
ητοιμαζον;;2
εξομενοι;;2
ιταλιωτασ;;2
ψηφισαμενοι;;2
ωργιζετο;;2
ωνομασται;;2
μαθετε;;2
ακριβεστατα;;2
ειδοτοσ;;2
υπολοιποι;;2
κατειργομενοι;;2
επιτειχισει;;2
αποκνειν;;2
γυλιππον;;2
κλεανδριδου;;2
προσαγαγομενοι;;2
εξεπεσον;;2
διομιλοσ;;2
πεζουσ;;2
φθανει;;2
λειμωνοσ;;2
λαβδαλωι;;2
σκευεσι;;2
ξυνελεγησαν;;2
διεσπασμενον;;2
φυλη;;2
τρωγιλον;;2
εγκαρσιον;;2
ελαασ;;2
ωπλισμενουσ;;2
κρημνον;;2
εσβαλλουσιν;;2
εμπρησαι;;2
λαμαχου;;2
απετειχιζον;;2
ανθειλοντο;;2
αποτετειχισμεναι;;2
σφετεραισ;;2
αμπρακιωτιδασ;;2
θουριαν;;2
χειμασθεισ;;2
ληιστειαισ;;2
ειτ;;2
ιμεραιουσ;;2
απανταν;;2
ορμηθεισ;;2
προσπλεουσι;;2
διπλουν;;2
ωικοδομουν;;2
πλημμυριον;;2
εξετειχισε;;2
ωρμει;;2
πληρωματων;;2
φρυγανισμον;;2
εφοδου;;2
αφελεσθαι;;2
ανεκτον;;2
προαγαγων;;2
τειχισματα;;2
ανεπειρωντο;;2
επερρωντο;;2
αδυνασιαν;;2
μαθοντασ;;2
νικαται;;2
βιασθεντεσ;;2
περιτειχισαι;;2
οιχεται;;2
ηκμαζε;;2
φθειρεται;;2
αναγκαστοι;;2
ηγη;;2
λησουσιν;;2
φθησονται;;2
ποιησομενοσ;;2
προσκειμενοσ;;2
παρανομημα;;2
προκαλουμενων;;2
πρασιων;;2
δεκελεια;;2
παραπλησιον;;2
τειχισμωι;;2
χαρικλεα;;2
εκασταχοθεν;;2
αντιπληρωσαντεσ;;2
ληφθεν;;2
ενικωντο;;2
κατεδυσαν;;2
κατεβαλον;;2
καταπληξιν;;2
εκπεμπουσι;;2
αγουσα;;2
ελπισιν;;2
προσπλειν;;2
ορμουσων;;2
κατεπλευσε;;2
αποφευγουσιν;;2
νεωσοικων;;2
κατεπηξαν;;2
εξεπριον;;2
προιδων;;2
εβλαπτε;;2
μυριαδεσ;;2
οσημεραι;;2
φυλασσοντων;;2
ταλαι;;2
ευριπον;;2
αφυλακτοισ;;2
βαρβαρικου;;2
ολιγη;;2
απωλετο;;2
δεουσασ;;2
καταλεγομενοσ;;2
ξυσταντεσ;;2
ξυμπεμπειν;;2
θουριαι;;2
μαχουν;;2
παρεξειρεσιασ;;2
επωτιδασ;;2
ναυμαχησαντεσ;;2
αποπλευσαντων;;2
νικωντεσ;;2
ξυνελεγον;;2
επεθεσαν;;2
περιπλου;;2
εμβολαισ;;2
στενοχωριαι;;2
επεχειρουν;;2
αντεπεξηισαν;;2
ωρασ;;2
πρωιτερον;;2
πωλειν;;2
εκβαντεσ;;2
ακοντιζοντεσ;;2
επιθησομενοι;;2
καταπληξισ;;2
τειχιζομενην;;2
διατριβειν;;2
μετεπεμψαν;;2
παρατειχισμα;;2
πολλαχηι;;2
μενανδροσ;;2
αντεσχον;;2
σεληνη;;2
προσφερομενουσ;;2
κρημνων;;2
στενησ;;2
σωιζομενοι;;2
αχθομενουσ;;2
ασθενουσιν;;2
προσκαθησθαι;;2
εγιγνωσκεν;;2
πονηρα;;2
ηισθανετο;;2
προσκαθημενουσ;;2
αρεσκειν;;2
βελτιον;;2
μετε;;2
επηρμενοι;;2
απολαμβανουσι;;2
κακεινον;;2
κατεδιωκον;;2
τυρσηνοι;;2
σφαλλομενοι;;2
φανεισθαι;;2
ξυνεστρατευσαν;;2
ερετριησ;;2
τηνιοι;;2
ροδιοι;;2
στασιωτικων;;2
επορισαντο;;2
επικουριαι;;2
επαγειν;;2
φιλιου;;2
εβλαπτομεθα;;2
σιδηρων;;2
νεωσοικοισ;;2
προειργασμενα;;2
αυχηματοσ;;2
κρατιστουσ;;2
παρακελευσαμενοι;;2
λαμπροτητοσ;;2
επιφανεισ;;2
ζευγματι;;2
προθυμια;;2
προσετετακτο;;2
ξυναμφοτεραι;;2
ανωμαλον;;2
ησσωμενον;;2
επικειμενοι;;2
διαβεβηκοτεσ;;2
ναυβατων;;2
καταμεμφεσθαι;;2
ανεπαυοντο;;2
μετοπωρον;;2
ηθυμουν;;2
ιππεα;;2
βασανιζομενοσ;;2
ελυπει;;2
παρεσκευαζε;;2
κυριοσ;;2
ερυθραιοι;;2
πρασσεσθαι;;2
νοθον;;2
προσεταξε;;2
ζωντα;;2
καλλιγειτοσ;;2
φαρναβαζωι;;2
παρεσκευαζεν;;2
κλεαρχοσ;;2
ισθμια;;2
ξυγχωρουντων;;2
διατριβησ;;2
αριστοκρατη;;2
κεγχρειων;;2
ενδιον;;2
εφορουσ;;2
διαφυγουσαι;;2
κωρυκωι;;2
κλαζομενασ;;2
πολιχναν;;2
θρασυκλεουσ;;2
αντεπεμψαν;;2
τεων;;2
ερυθραιων;;2
εσηγαγοντο;;2
υπαρχοσ;;2
αποστησασ;;2
αφιστασι;;2
λαδηι;;2
αφιστωνται;;2
αμοργησ;;2
τεω;;2
αιρασ;;2
απελθοντοσ;;2
δυνατωτατων;;2
στρατευονται;;2
ηκοντοσ;;2
απεπλευσε;;2
δαφνουντα;;2
μιλησιασ;;2
αποκτεινουσι;;2
ερυθρων;;2
τειχιουσσαν;;2
οσαισ;;2
αισχρωι;;2
ησσηθωσιν;;2
πεδαριτον;;2
λεοντοσ;;2
παρηλθεν;;2
τριωβολον;;2
θηριμενησ;;2
εδιδοτο;;2
ευκτημων;;2
αναγεται;;2
ταμωσ;;2
φωκαιαν;;2
δεωνται;;2
καθωρμισαντο;;2
επιστολησ;;2
συρακοσιαι;;2
ατει;;2
οποση;;2
κωλυετω;;2
διακειμενοι;;2
κλεαρχον;;2
ναυαρχιασ;;2
πελαγιαι;;2
κατακαιουσιν;;2
κων;;2
επεφανησαν;;2
συμηι;;2
ξυγκεισθαι;;2
χαλκησ;;2
βουληθηναι;;2
κατελθων;;2
πρασσομενοισ;;2
φρυνιχωι;;2
κοσμου;;2
κατεισι;;2
πρασσομενων;;2
τρεπεται;;2
κοινουσθαι;;2
σαμοσ;;2
υπερβαλλων;;2
κομιζονται;;2
ερετριαι;;2
ερετριαν;;2
επεξελθοντων;;2
ημεραιν;;2
στρατευομενουσ;;2
κυαμου;;2
πρου;;2
ξυνεστηκοσ;;2
εξευρειν;;2
ρητην;;2
αντιφων;;2
ειασαν;;2
νεανισκοι;;2
εδησαν;;2
δεκελειαι;;2
διαλλαγηναι;;2
ξυμβατικον;;2
παραμυθησομενουσ;;2
χαιρεασ;;2
υβριζονται;;2
βαλλειν;;2
πεμφθεντεσ;;2
πρεσβευται;;2
κινδυνευσειν;;2
ορμουσαι;;2
επεκαλειτο;;2
απαρασαι;;2
προεστωτεσ;;2
κατηγορει;;2
απεπεμπεν;;2
θηραμενη;;2
ηετιωνειαι;;2
δεξωνται;;2
περιπολων;;2
αριστοποιησαμενοι;;2
σηστωι;;2
ιμβρου;;2
θρασυβουλον;;2
κυζικον;;2
ξυνεγραψε;;1
αξιολογωτατον;;1
τεκμαιρομενοσ;;1
ακμαζοντεσ;;1
ξυνισταμενον;;1
κινησισ;;1
βαρων;;1
παλαιτερα;;1
μακροτατον;;1
οικουμενη;;1
επιμειγνυντεσ;;1
αποζην;;1
φυτευοντεσ;;1
ατειχιστων;;1
αφαιρησεται;;1
απανισταντο;;1
αριστη;;1
οικητορων;;1
θεσσαλια;;1
εγγιγνομεναι;;1
ενεποιουν;;1
αλλοφυλων;;1
επεβουλευοντο;;1
λεπτογεων;;1
αστασιαστον;;1
μετοικιασ;;1
ικανησ;;1
σαμενη;;1
δευκαλιωνοσ;;1
επικλησισ;;1
φθιωτιδι;;1
ισχυσαντων;;1
ομιλιαι;;1
εκνικησαι;;1
τεκμηριοι;;1
αχιλλεωσ;;1
φθιωτιδοσ;;1
δαναουσ;;1
ανακαλει;;1
ειρηκε;;1
αποκεκρισθαι;;1
ξυνιεσαν;;1
κληθεντεσ;;1
αμειξιαν;;1
ξυνεξηλθον;;1
μινωσ;;1
παλαιτατοσ;;1
εκτησατο;;1
ελληνικησ;;1
κυκλαδων;;1
καρασ;;1
εγκαταστησασ;;1
καθηιρει;;1
παραθαλασσιοι;;1
ηγουμενων;;1
αδυνατωτατων;;1
ατειχιστοισ;;1
οικουμεναισ;;1
ηρπαζον;;1
φεροντοσ;;1
πυστεισ;;1
απαξιουντων;;1
ονειδιζοντων;;1
νεμεται;;1
οζολασ;;1
σιδηροφορεισθαι;;1
εμμεμε;;1
νηκεν;;1
εσιδηροφορει;;1
αφαρκτουσ;;1
βαροι;;1
νεμομενα;;1
διαιτηματων;;1
ανειμενηι;;1
τρυφερωτερον;;1
αβροδιαιτον;;1
χιτωνασ;;1
λινουσ;;1
χρυσων;;1
τεττιγων;;1
ενερσει;;1
κρωβυλον;;1
τριχων;;1
εσθητι;;1
κεκτημενοι;;1
ισοδιαιτοι;;1
εγυμνωθησαν;;1
αποδυντεσ;;1
γυμναζεσθαι;;1
ηλειψαντο;;1
ολυμπικωι;;1
διαζωματα;;1
αθληται;;1
ηγωνιζοντο;;1
πεπαυται;;1
ασιανοισ;;1
πυγμησ;;1
τιθεται;;1
διεζωμενοι;;1
αποδειξειε;;1
ομοιοτροπα;;1
βαρβαρικωι;;1
διαιτωμενον;;1
νεωτατα;;1
πλωιμωτερων;;1
αιγιαλοισ;;1
εκτιζοντο;;1
ισθμουσ;;1
απελαμβανον;;1
προσοικουσ;;1
παλαιαι;;1
αντισχουσαν;;1
ηπειροισ;;1
ανωικισμενοι;;1
καθαιρομενησ;;1
θηκων;;1
αναιρεθεισων;;1
εφανησαν;;1
γνωσθεντεσ;;1
ξυντεθαμμενηι;;1
μινω;;1
πλωιμωτερα;;1
κατωικιζε;;1
περιεβαλλοντο;;1
πλουσιωτεροι;;1
τυνδαρεω;;1
ελενησ;;1
μνηστηρασ;;1
αγειραι;;1
δεδεγμενοι;;1
πελοπα;;1
απορουσ;;1
περιποιησαμενον;;1
επηλυν;;1
εκγονοισ;;1
ξυνενεχθηναι;;1
ατρεωσ;;1
μυκηνασ;;1
ατρει;;1
χρυσιππου;;1
τεθεραπευκοτα;;1
ατρεα;;1
περσειδων;;1
πελοπιδασ;;1
πλεισταισ;;1
προσπαρασχων;;1
τεκμηριωσαι;;1
σκηπτρου;;1
παραδοσει;;1
ειρηκεν;;1
πολληισι;;1
νησοισι;;1
ανασσειν;;1
περιοικιδων;;1
ηπειρωτησ;;1
εικαζειν;;1
στρατειαι;;1
μυκηναι;;1
ακριβει;;1
σημειωι;;1
απιστοιη;;1
ειρηκασι;;1
κατεχει;;1
ερημωθειη;;1
λειφθειη;;1
κατασκευησ;;1
εδαφη;;1
μοιρασ;;1
ξυνοικισθεισησ;;1
χρησαμενησ;;1
οικισθεισησ;;1
φαινοιτ;;1
παθοντων;;1
διπλασιαν;;1
εικαζεσθαι;;1
φανερασ;;1
οψεισ;;1
λειπομενην;;1
κανταυθα;;1
πιστευειν;;1
ποιητην;;1
κοσμησαι;;1
ενδεε;;1
στερα;;1
καταλογωι;;1
μαχιμοι;;1
προσκωπουσ;;1
περινεωσ;;1
περαιωσεσθαι;;1
καταφαρκτα;;1
παρεσκευασμενα;;1
ολιγανθρωπια;;1
αχρηματια;;1
βιοτευσειν;;1
ετειχισαντο;;1
γεωργιαν;;1
τρωεσ;;1
διεσπαρ;;1
υπολειπομενοισ;;1
γεωργιασ;;1
απονωτερον;;1
αχρηματιαν;;1
ονομαστοτατα;;1
δηλουται;;1
φημησ;;1
ποιητασ;;1
κατεσχηκοτοσ;;1
μετανιστατο;;1
κατωικιζετο;;1
ησυχασασαν;;1
χρονια;;1
ενεοχμωσε;;1
εκτιζον;;1
εξηκοστωι;;1
αρνησ;;1
καδμηιδα;;1
αποδασμοσ;;1
ιλιον;;1
ογδοηκοστωι;;1
ηρα;;1
κλειδαισ;;1
ησυχασασα;;1
ανισταμενη;;1
εξεπεμψε;;1
εκτισθη;;1
δυνατωτερασ;;1
τυραννιδεσ;;1
γερασι;;1
πατρικαι;;1
αντειχοντο;;1
ναυπηγηθηναι;;1
ναυπηγοσ;;1
παλαιτατη;;1
επιμισγοντων;;1
παλαιοισ;;1
αφνειον;;1
επωνομασαν;;1
επλωιζον;;1
δυνα;;1
κυρου;;1
ισχυων;;1
φωκαησ;;1
μασσαλιαν;;1
οικιζοντεσ;;1
καρχηδονιουσ;;1
ναυτικων;;1
χρωμενα;;1
πεντηκοντοροισ;;1
μακροισ;;1
εξηρτυ;;1
καμβυσην;;1
τειασ;;1
εκεκτηντο;;1
πεντηκοντορουσ;;1
πολεμουντασ;;1
προσδοκιμου;;1
καταστρωματα;;1
περιεποιησαντο;;1
προσσχοντεσ;;1
κατεστρεφοντο;;1
ξυνεστη;;1
εκδημουσ;;1
καταστροφηι;;1
ξυνειστηκεσαν;;1
αστυγει;;1
τονεσ;;1
διεστη;;1
προχωρησαντων;;1
περσικη;;1
κροισον;;1
καθελουσα;;1
αλυοσ;;1
επεστρατευσε;;1
εδουλωσε;;1
δαρειοσ;;1
ελληνικαισ;;1
προορωμενοι;;1
αυξειν;;1
περιοικουσ;;1
κατειχετο;;1
ατολμοτερα;;1
τυραννευθεισησ;;1
στασιασασα;;1
παλαιτατου;;1
ηυνομηθη;;1
ατυραννευτοσ;;1
δουλωσομενοσ;;1
ξυμπολεμησαντων;;1
διανοηθεντεσ;;1
ανασκευασαμενοι;;1
ναυτικοι;;1
απωσαμενοι;;1
ξυμπολεμησαντεσ;;1
εμεινεν;;1
ομαιχμια;;1
διενεχθεντεσ;;1
διασταιεν;;1
σπενδομενοι;;1
πολιτευσουσι;;1
ακραιφνουσ;;1
ηνθησαν;;1
τεκμηριωι;;1
ακοασ;;1
αβασα;;1
νιστωσ;;1
ισασιν;;1
υιεων;;1
θεσσαλοσ;;1
αδελφοι;;1
ξυνειδοτων;;1
προειδοτοσ;;1
ξυλληφθηναι;;1
παναθηναικην;;1
διακοσμουντι;;1
αμνηστουμενα;;1
πιτανατην;;1
αταλαιπωροσ;;1
αμαρτανοι;;1
υμνηκασι;;1
κοσμουντεσ;;1
λογογραφοι;;1
ξυνεθεσαν;;1
προσαγωγοτερον;;1
ανεξελεγκτα;;1
εκνενικηκοτα;;1
ηυρησθαι;;1
επιφανεστατων;;1
αποχρωντωσ;;1
κρινοντων;;1
θαυμαζοντων;;1
δηλωσει;;1
γεγενημενοσ;;1
διαμνημονευσαι;;1
ηκουσα;;1
απαγγελλουσιν;;1
εχομενωι;;1
πραχθεντων;;1
παρατυχοντοσ;;1
ηξιωσα;;1
γραφειν;;1
επιπονωσ;;1
ηυρισκετο;;1
ατερπεστερον;;1
βουλησονται;;1
ανθρωπινον;;1
παραπλησιων;;1
κτημα;;1
ξυγκειται;;1
ναυμαχιαιν;;1
πεζομαχιαιν;;1
προυβη;;1
παθηματα;;1
ληφθεισαι;;1
ηρημωθησαν;;1
αντιπολεμουντων;;1
μετεβαλον;;1
αλισκομεναι;;1
φυγαι;;1
σπανιωτερον;;1
βεβαιουμενα;;1
ισχυροτατοι;;1
εκλειψεισ;;1
μνημονευομενα;;1
αυχμοι;;1
λιμοι;;1
βλαψασα;;1
φθειρασα;;1
λοιμωδησ;;1
ξυνεπεθετο;;1
προυγραψα;;1
ζητησαι;;1
αληθεστατην;;1
αφανεστατην;;1
παρεχοντασ;;1
λεγομεναι;;1
αιδ;;1
επιδαμνοσ;;1
εσπλεοντι;;1
προσοικουσι;;1
ταυλαντιοι;;1
ιλλυ;;1
ρικον;;1
απωικισαν;;1
φαλιοσ;;1
ερατοκλειδου;;1
ηρακλεουσ;;1
κατακληθεισ;;1
δωρικου;;1
πολυανθρωποσ;;1
προσοικων;;1
εστερηθησαν;;1
εξεδιωξε;;1
ξυναλλαξαι;;1
παραδοιεν;;1
οικισταισ;;1
πειρωιντ;;1
υπεδεξαντο;;1
παρημελουν;;1
πανηγυρεσι;;1
κοιναισ;;1
γερα;;1
κορινθιωι;;1
προκαταρχομενοι;;1
περιφρονουντεσ;;1
πλουσιωτατοισ;;1
φαιακων;;1
προενοικησιν;;1
ηρχοντο;;1
οικητορα;;1
επορευθησαν;;1
απολλωνιαν;;1
περαιουμενοι;;1
δεδομενην;;1
επηρειαν;;1
υπηκουσαν;;1
καταξοντεσ;;1
απαθεισ;;1
πολιορκουνται;;1
δαμνον;;1
εκηρυσσον;;1
εθελει;;1
μετεχειν;;1
δραχμασ;;1
καταθεντα;;1
ταργυριον;;1
καταβαλλοντεσ;;1
ξυμπροπεμψαι;;1
κωλυοιντο;;1
κεφαλληνων;;1
τεσσαρσιν;;1
ερμιονησ;;1
τροιζηνιοι;;1
φλειασιουσ;;1
μετον;;1
αντιποιουνται;;1
δικασθηι;;1
μαντειωι;;1
ειων;;1
αναγκασθησεσθαι;;1
βιαζομενων;;1
απαγα;;1
γωσι;;1
βουλευσεσθαι;;1
απαγαγωσι;;1
δικη;;1
προερουντα;;1
πελλιχου;;1
καλλικρατησ;;1
τιμανωρ;;1
τιμανθουσ;;1
αρχετιμοσ;;1
ευρυτιμου;;1
ισαρχιδασ;;1
ισαρχου;;1
ανακτοριασ;;1
απερουντα;;1
ζευξαντεσ;;1
ειρηναιον;;1
επεπληρωντο;;1
επολιορ;;1
κουν;;1
ανταναγαγομενοι;;1
επηλυδασ;;1
αποδοσθαι;;1
δησαντασ;;1
κερκυραιασ;;1
περιιοντι;;1
επονουν;;1
αντεστρατοπεδευοντο;;1
αντικαθεζομενοι;;1
εναυπηγουντο;;1
ερετασ;;1
εσεγραψαντο;;1
ευρισκεσθαι;;1
πρεσβευσομενοι;;1
προσγενομενον;;1
προυφειλομενησ;;1
δεησομενουσ;;1
αναδιδαξαι;;1
επιζημια;;1
καταστησουσι;;1
ατυχωσιν;;1
αιτησεωσ;;1
παρεξεσθαι;;1
τετυχηκε;;1
επιτηδευμα;;1
περιεστηκεν;;1
αβουλια;;1
φαινομενη;;1
απεωσαμεθα;;1
κακιασ;;1
τολμωμεν;;1
καλη;;1
ξυντυχια;;1
ποιησεσθε;;1
καταθησεσθε;;1
ευπραξια;;1
σπανιωτερα;;1
λυπηροτερα;;1
αυτεπαγγελτοσ;;1
διδουσα;;1
φερουσα;;1
επαμυνειτε;;1
επικαλουνται;;1
ειμεν;;1
αμαρτανει;;1
αισθανεται;;1
πολεμησειοντασ;;1
προκαταλαμβανοντασ;;1
στωμεν;;1
αμαρτωσιν;;1
κακωσαι;;1
προτερησαι;;1
προεπιβουλευειν;;1
αντεπιβουλευειν;;1
μαθοντων;;1
πασχουσα;;1
αδικουμενη;;1
αλλοτριουται;;1
εκπεμπονται;;1
προκληθεντεσ;;1
δεομενοισ;;1
μεταμελειασ;;1
λαμβανων;;1
ασφαλεστατοσ;;1
διατελοιη;;1
μηδαμου;;1
ξυμμαχει;;1
αρεσκηται;;1
προκειμενησ;;1
ειρξουσι;;1
αδικηματι;;1
απωσεσθε;;1
κωλυται;;1
γενησεσθε;;1
κακεινων;;1
μισθοφορουσ;;1
πεισθητε;;1
υπειπομεν;;1
αποδεικνυμεν;;1
σαφεστατη;;1
πιστισ;;1
μετασταντασ;;1
ηπειρωτιδοσ;;1
αλλοτριωσισ;;1
δυνασθε;;1
εχυρωτατοσ;;1
πειθομενοσ;;1
λυσηι;;1
γνωτω;;1
φοβησον;;1
θαρσουν;;1
δεξαμενου;;1
ισχυοντασ;;1
προνοων;;1
περισκοπων;;1
ενδοιαζηι;;1
οικειουται;;1
μουται;;1
παραπλου;;1
παραπεμψαι;;1
κεφαλαιωι;;1
τωιδ;;1
μαθοιτε;;1
ναυμαχησετε;;1
ποιησαμενων;;1
προειδητε;;1
κακουργιαι;;1
ταδικηματα;;1
μαρτυρα;;1
αυταρκη;;1
κειμενη;;1
παρεχει;;1
καταιροντασ;;1
ασπονδον;;1
ξυναδικωσιν;;1
προβεβληνται;;1
αδικωσι;;1
προσλαβωσιν;;1
αναισχυντωσιν;;1
φανερωτεραν;;1
διδουσι;;1
δεχομενοισ;;1
εκπεμφθειεν;;1
υβριζεσθαι;;1
τιμωσιν;;1
αποικων;;1
στεργομεθα;;1
αρεσκοντεσ;;1
τοισδ;;1
απαρεσκοιμεν;;1
επιστρατευομεν;;1
εκπρεπωσ;;1
ημαρτανομεν;;1
μετριοτητα;;1
ημαρτηκασι;;1
κακουμενην;;1
προκαλουμενον;;1
διαγωνιζεσθαι;;1
καθισταντα;;1
αμαρτοντεσ;;1
ξυναδικειν;;1
διαφορουσ;;1
ασφαλεστατοι;;1
ηδικημεθα;;1
μεταλαβοντεσ;;1
μεταδωσετε;;1
απογενομενοι;;1
κοινωσαντασ;;1
πλεονεκται;;1
δεχοισθε;;1
αγραφων;;1
ξυνθηκη;;1
αποστερων;;1
δειται;;1
σωφρονουσι;;1
παθοιτε;;1
ιτε;;1
εκποδων;;1
πωποτ;;1
εναντιαν;;1
εψηφισμενων;;1
αντειπομεν;;1
τιμωρησετε;;1
θησετε;;1
δικαιωματα;;1
επιχρησθαι;;1
αντιδοθηναι;;1
σπανισαντεσ;;1
επικρατησιν;;1
κολασιν;;1
απεριοπτοι;;1
υπουργουντα;;1
αντισταντα;;1
πρεσβυτερου;;1
μαθων;;1
αξιουτω;;1
αμαρτανηι;;1
επεται;;1
φοβουντεσ;;1
διδοασι;;1
εφελκεσθαι;;1
εχυρωτερα;;1
ωφεληθεντασ;;1
υπουργων;;1
αντιστασ;;1
κερ;;1
κυραιουσ;;1
αμυνετε;;1
δρασετε;;1
μετεγνωσαν;;1
ελυοντ;;1
ξυγκρουειν;;1
ασθενεστεροισ;;1
διοτιμοσ;;1
στρομβιχου;;1
μελλωσιν;;1
σπον;;1
δασ;;1
πρακιωτων;;1
ανακτοριων;;1
ξενοκλειδησ;;1
κλεουσ;;1
πεμπτοσ;;1
ελαιατιδι;;1
εφυρη;;1
εξιησι;;1
αχερουσια;;1
αχερων;;1
εσβαλλει;;1
θυαμισ;;1
οριζων;;1
θεσπρωτιδα;;1
κεστρινην;;1
στρατο;;1
πεδον;;1
μικιαδησ;;1
αισιμιδησ;;1
ευρυβατοσ;;1
ζακυνθιων;;1
παραβεβοηθηκοτεσ;;1
χειμεριου;;1
μεγαριδεσ;;1
αμπρακιωτιδεσ;;1
απειροτερον;;1
σκευασμενοι;;1
προσφερησ;;1
ησυχαζουσων;;1
ταραχωδησ;;1
παραγιγνομεναι;;1
πιεζοιντο;;1
προρρησιν;;1
σποραδασ;;1
επεκβαντεσ;;1
επεκουρουν;;1
απεχομενοι;;1
εμβαλλειν;;1
διεκεκριτο;;1
ξυνεπεσεν;;1
σκαφη;;1
καταδυσειαν;;1
φονευειν;;1
διεκπλεοντεσ;;1
ηισθημενοι;;1
αγνοουντεσ;;1
επεχουσων;;1
ξυνεμειξαν;;1
διαγνωσιν;;1
οποιοι;;1
προσκομισαι;;1
πλωιμοισ;;1
πειρωσιν;;1
επεπαιανιστο;;1
εκρουοντο;;1
νικηθωσιν;;1
υπανεχωρουν;;1
εθαυμαζον;;1
κρουομε;;1
νουσ;;1
εκειναι;;1
επιπλεουσιν;;1
ξυνεσκοταζε;;1
αποτραπομενοι;;1
γλαυκων;;1
λεαγρου;;1
ανδοκιδησ;;1
λεωγορου;;1
προσκομισθεισαι;;1
αναγαγομεναι;;1
πλωιμοι;;1
προσγεγενημενασ;;1
ακραιφνεισ;;1
ξυμβεβηκοτα;;1
επισκευην;;1
κομισθησονται;;1
κελητιον;;1
εσβιβασαντασ;;1
κηρυκειου;;1
προσπεμψαι;;1
αδικειτε;;1
λυοντεσ;;1
τιμωρουμενοισ;;1
ιστασθε;;1
ανταιρομενοι;;1
λυετε;;1
επηκουσεν;;1
ανεβοησεν;;1
λυομεν;;1
κωλυομεν;;1
πλευσεισθε;;1
αποκριναμενων;;1
εξενεχθεντα;;1
ρου;;1
διεσκεδασεν;;1
προσκομισασθαι;;1
προτεραιαι;;1
συβοτων;;1
εστη;;1
θεραπειαι;;1
προσποιησειαν;;1
κερκυρα;;1
τιμωρησονται;;1
επιδημιουργουσ;;1
ξυναποστησωσι;;1
προπαρεσκευαζοντο;;1
επεπολεμωτο;;1
επολεμωθη;;1
φιλιππωι;;1
αδελφωι;;1
δερδαι;;1
εναντιουμενοισ;;1
πεμπων;;1
προσεποιειτο;;1
βοττιαιοισ;;1
ξυναποστηναι;;1
ομορα;;1
αποστελλοντεσ;;1
επιστελλουσι;;1
ετοιμασαιντο;;1
ξυνομοσαντεσ;;1
εκλιποντασ;;1
καταβαλοντασ;;1
ανοικισασθαι;;1
εκλιπουσι;;1
μυγδονιασ;;1
βολβην;;1
εδωκε;;1
ανωικιζοντο;;1
αφεστηκοτα;;1
ξυναφεστωτα;;1
εξεπεμποντο;;1
δερδου;;1
βεβληκοτων;;1
αφεστηκυιασ;;1
αδειμαντου;;1
τεσσαρακοστηι;;1
επιπαριοντασ;;1
καλλιαν;;1
καλλιαδου;;1
ηιρηκοτασ;;1
κατηπειγεν;;1
παρεληλυθωσ;;1
απανιστανται;;1
βεροιαν;;1
στρεψαν;;1
τριταιοι;;1
γιγωνον;;1
επε;;1
ποιηντο;;1
ηιρηντο;;1
ξυνεμαχει;;1
δεαταισ;;1
ιολαον;;1
επιτηρειν;;1
επιωσι;;1
διακοσιαν;;1
ιππον;;1
ολυνθωι;;1
χωρωσι;;1
ειργωσι;;1
αντικαθισταντο;;1
ξυνεμισγον;;1
κατεφυγεν;;1
επαναχωρων;;1
ησσημενον;;1
ηπορησε;;1
διακινδυνευσηι;;1
δαιαν;;1
ξυναγαγοντι;;1
βαλλομενοσ;;1
αποβαλων;;1
σωσασ;;1
καταφανεσ;;1
βοηθησοντεσ;;1
αντιπαρεταξαντο;;1
κατεσπασθη;;1
αποτειχισαντεσ;;1
επιθωνται;;1
ασωπιου;;1
αφυτιοσ;;1
προσηγαγε;;1
κειρων;;1
επεξηιει;;1
απετειχισε;;1
επολι;;1
ορκειτο;;1
εφορμουσαισ;;1
αποτειχισθεισησ;;1
ξυνεβουλευε;;1
ανεμον;;1
τηρησασι;;1
αντισχηι;;1
ηθελε;;1
παραμενων;;1
λοχησασ;;1
αποτειχισιν;;1
προυγεγενηντο;;1
υποτελη;;1
ξυνερρωγει;;1
πολιορκουμενησ;;1
παρεκαλουν;;1
λελυκοτεσ;;1
αδικοιεν;;1
ηδικησθαι;;1
ειω;;1
θοτα;;1
παροξυναι;;1
επειπον;;1
ομιλιασ;;1
απιστοτερουσ;;1
λεγωμεν;;1
προαγορευοντων;;1
εδιδασκομεν;;1
μαθησιν;;1
εποιεισθε;;1
υπενοειτε;;1
παρεκαλεσατε;;1
υβριζομενοι;;1
αμελουμενοι;;1
διδασκαλιασ;;1
προπαρεσκευασμενουσ;;1
πολεμησονται;;1
επικαιροτατον;;1
αποχρησθαι;;1
κρατυναι;;1
αποστερουντεσ;;1
δουλωσαμενοσ;;1
περιορων;;1
ξυνηλθομεν;;1
φανεροισ;;1
βεβουλευμενοι;;1
διεγνω;;1
κοτασ;;1
αναισθητον;;1
ισχυρωσ;;1
εγκει;;1
αρχομενην;;1
αυξησιν;;1
διπλασιουμενην;;1
καταλυοντεσ;;1
ελεγεσθε;;1
περατων;;1
προαπαντησαι;;1
περιορατε;;1
δυνατωτερουσ;;1
αμαρτημασιν;;1
περιγεγενημενουσ;;1
εχθραι;;1
αμαρτανοντων;;1
αδικησαντων;;1
ψογον;;1
εκλογισασθαι;;1
διαφεροντασ;;1
νεωτεροποιοι;;1
επινοησαι;;1
ταναγκαια;;1
εξικεσθαι;;1
τολμηται;;1
κινδυνευται;;1
απολυθησεσθαι;;1
αοκνοι;;1
μελλητασ;;1
αποδημηται;;1
ενδημοτατουσ;;1
εξερ;;1
αναπιπτουσιν;;1
αλλοτριωτατοισ;;1
οικειοτατηι;;1
επεξελθωσιν;;1
κτησωνται;;1
σφαλωσιν;;1
αντελπισαντεσ;;1
ελπιζουσιν;;1
επινοησωσι;;1
ολου;;1
αιωνοσ;;1
μοχθουσι;;1
απολαυουσιν;;1
φαιη;;1
πεφυκεναι;;1
ειποι;;1
αντικαθεστηκυιασ;;1
διαμελλετε;;1
πρασσωσι;;1
επιτρεψοντεσ;;1
λυπειν;;1
νεμετε;;1
παροικουντεσ;;1
ετυγχανετε;;1
εδηλωσαμεν;;1
αρχαιοτροπα;;1
επιγιγνομενα;;1
ησυχαζουσηι;;1
ακινητα;;1
επιτεχνησεωσ;;1
πολυπειριασ;;1
κεκαινωται;;1
ωρισθω;;1
βραδυτησ;;1
υπεδεξασθε;;1
βοηθησατε;;1
τρεψητε;;1
δρωιμεν;;1
αισθανομενων;;1
ξυνομοσωσιν;;1
μενουμεν;;1
ποιοιμεν;;1
ξυνηθεστε;;1
ευροιμεν;;1
παριτητεα;;1
απολογησομενουσ;;1
ταχεωσ;;1
σκεπτεον;;1
νεωτεροισ;;1
εξηγησιν;;1
μειν;;1
αποκωλυοι;;1
πρεσβευσισ;;1
επεμψεν;;1
καταβοην;;1
παρηλθομεν;;1
αντερουντεσ;;1
βουλευσησθε;;1
ακοαι;;1
μαρτυρεσ;;1
οψισ;;1
ακουσομενων;;1
προβαλλομενοισ;;1
εδρωμεν;;1
εκινδυνευετο;;1
μετεσχετε;;1
στερισκωμεθα;;1
ρηθησεται;;1
παραιτησεωσ;;1
δηλωσεωσ;;1
καταστησεται;;1
βαρβαρωι;;1
ξυνναυμαχησαι;;1
επιπλεοντα;;1
πορθειν;;1
ξυμβαντοσ;;1
δηλωθεντοσ;;1
ωφελιμωτατα;;1
ξυνετωτατον;;1
αοκνοτατην;;1
τετρακοσιασ;;1
μοιρων;;1
εσωσε;;1
ετιμησατε;;1
ξενον;;1
τολμηροτατην;;1
εδειξαμεν;;1
δουλευοντων;;1
περιλοιπων;;1
προλιπειν;;1
σκεδασθεντεσ;;1
αχρειοι;;1
οργισθηναι;;1
προυτιμωρησατε;;1
οικουμενων;;1
εδεισατε;;1
εβοηθησατε;;1
σωοι;;1
παρεγενεσθε;;1
ξυνεσωσαμεν;;1
προσεχωρησαμεν;;1
ετολμησαμεν;;1
διακεισθαι;;1
ελαβομεν;;1
προσελθοντων;;1
δεηθεντων;;1
κατηναγκασθημεν;;1
απηχθημενουσ;;1
κατεστραμμενων;;1
υποπτων;;1
ανεντασ;;1
μεγισ;;1
θαυμαστον;;1
ανθρωπειου;;1
διδομενην;;1
εδεξαμεθα;;1
ανειμεν;;1
υπαρξαντεσ;;1
δυνατωτερου;;1
κατειργεσθαι;;1
προθεισ;;1
απετραπετο;;1
επαινεισθαι;;1
ανθρωπειαι;;1
δικαιοτεροι;;1
μετριαζομεν;;1
επιεικουσ;;1
αδοξια;;1
επαινοσ;;1
ξυμβολαιαισ;;1
φιλοδικειν;;1
ονειδιζεται;;1
εξηι;;1
προσδεονται;;1
ειθισμενοι;;1
ομιλειν;;1
ελασσωθωσιν;;1
ενδεουσ;;1
αποθεμενοι;;1
επλεονεκτουμεν;;1
κρατουντι;;1
εοικεν;;1
οργιζονται;;1
πλεονεκτεισθαι;;1
καταναγκαζεσθαι;;1
βαρυ;;1
αρξαιτε;;1
ειληφατε;;1
μεταβαλοιτε;;1
υπεδειξατε;;1
αμεικτα;;1
χρηται;;1
βραχεων;;1
αλλοτριαισ;;1
προσθησθε;;1
προδιαγνωτε;;1
μηκυνομενοσ;;1
περιιστασθαι;;1
απεχομεν;;1
οποτερωσ;;1
αδηλωι;;1
εχονται;;1
απτονται;;1
αυθαιρετοσ;;1
ευβουλια;;1
λυεσθαι;;1
υφηγησθε;;1
σωφρων;;1
εμπειροσ;;1
επιθυμησαι;;1
ευροιτε;;1
εκλογιζοιτο;;1
παρομοιοσ;;1
εμπειρο;;1
τατοι;;1
εξηρτυνται;;1
ιδιωι;;1
πιστευσαν;;1
επειχθηναι;;1
αντιπαρασκευασομεθα;;1
ενεσται;;1
φερομεν;;1
θαρσοιη;;1
υπερφερομεν;;1
επιφοιτωντεσ;;1
επαξονται;;1
νησιωταισ;;1
κρατησομεν;;1
τρεφουσι;;1
βλαψομεθα;;1
παυσθησεται;;1
τεμωμεν;;1
υπολιπωμεν;;1
απειρουσ;;1
καταπλαγηναι;;1
αναισθητωσ;;1
κελευω;;1
καταφωραν;;1
δηλουντασ;;1
επιτρεψομεν;;1
ημετερ;;1
προσαγωγηι;;1
προσληψομεθα;;1
προσλαβοντασ;;1
διασωθηναι;;1
εκποριζωμεθα;;1
εσακουωσι;;1
πρεσβευομενων;;1
πεφραγμενοι;;1
ιμεν;;1
υποσημαινοντασ;;1
εικοιεν;;1
ατμητον;;1
εφθαρμενων;;1
νομισητε;;1
ομηρον;;1
εξειργασται;;1
φειδεσθαι;;1
αλη;;1
πτοτερουσ;;1
εγκλημασιν;;1
τεμουμεν;;1
απορωτερον;;1
πραξομεν;;1
αραμενουσ;;1
χωρησει;;1
ανανδρια;;1
δοκειτω;;1
θαλασσιουσ;;1
πορισωμεθα;;1
προιδω;;1
βραδυ;;1
μεμφονται;;1
αισχυνεσθε;;1
παυσαισθε;;1
εγχειρειν;;1
ευδοξοτατην;;1
νεμομεθα;;1
εμφρων;;1
εξυβριζομεν;;1
εικομεν;;1
επαινωι;;1
επαιρομεθα;;1
κατηγοριαι;;1
παροξυνηι;;1
αχθε;;1
ανεπεισθημεν;;1
πολεμικοι;;1
ευκοσμον;;1
αιδωσ;;1
ευψυχια;;1
αμαθεστερον;;1
υπεροψιασ;;1
παιδευομενοι;;1
ανηκουστειν;;1
αχρεια;;1
ξυνετοι;;1
μεμφομενοι;;1
ανομοιωσ;;1
παραπλησιουσ;;1
προσπιπτουσασ;;1
διαιρετασ;;1
βουλευομενουσ;;1
παρασκευαζομεθα;;1
αμαρτησομενων;;1
προνοουμενων;;1
αναγκαιοτατοισ;;1
παιδευεται;;1
παρωμεν;;1
βουλευσωμεν;;1
φοβερωτατα;;1
σθενε;;1
λαιδασ;;1
μελλησομεν;;1
παραδοτεα;;1
διακριτεα;;1
βλαπτομενουσ;;1
τιμωρητεα;;1
διδασκετω;;1
ψηφιζεσθε;;1
εατε;;1
καταπροδιδωμεν;;1
επιωμεν;;1
λεξασ;;1
επεψηφιζεν;;1
κλησιαν;;1
κρινουσι;;1
διαγιγνωσκειν;;1
οποτερα;;1
ορμησαι;;1
αναστητω;;1
προσκαλεσαντεσ;;1
δοκοιεν;;1
διαπραξαμενοι;;1
χρηματισαντεσ;;1
διαγνωμη;;1
τριακοντουτιδων;;1
προκεχω;;1
ρηκυιων;;1
ευβοικα;;1
δυνηθωσιν;;1
ευρωπησ;;1
λεωτυχιδησ;;1
μυκαληι;;1
αφεστηκοτεσ;;1
επιχειμασαντεσ;;1
διεκομιζοντο;;1
υπεξεθεντο;;1
περιουσαν;;1
ανοικοδομειν;;1
περιβολου;;1
επεπτωκεσαν;;1
εσκηνωσαν;;1
ξυγκαθελειν;;1
επελθοι;;1
εχυρου;;1
αφορμην;;1
θεμιστοκλεουσ;;1
απηλλαξαν;;1
ελομενουσ;;1
αρωσιν;;1
απομαχεσθαι;;1
αναγκαιοτατου;;1
υψουσ;;1
καθαιρουντασ;;1
υπειπων;;1
πραξοι;;1
διηγε;;1
προυφασιζετο;;1
εροιτο;;1
αναμενειν;;1
ασχολιασ;;1
υπολειφθηναι;;1
θεμιστοκλει;;1
κατηγορουντων;;1
τειχιζεται;;1
απιστησαι;;1
πιστωσ;;1
αναγγε;;1
λουσι;;1
σκεψαμενοι;;1
επιφανωσ;;1
κομισθωσιν;;1
αβρωνιχοσ;;1
λυσικλεουσ;;1
αγγελλοντεσ;;1
ακουσειαν;;1
αφωσιν;;1
επεσταλη;;1
τετειχισται;;1
ενοικουντασ;;1
διαγιγνωσκοντασ;;1
βουλευ;;1
εσθαι;;1
ωφελιμω;;1
κωλυμηι;;1
αμαρτανοντεσ;;1
ανεπικλητωσ;;1
δηλη;;1
οικοδομια;;1
θεμελιοι;;1
παντοιων;;1
υποκεινται;;1
ξυνειργασμενων;;1
σηματων;;1
εγκατελεγησαν;;1
εξηχθη;;1
υπηρκτο;;1
αυτοφυεισ;;1
προφερειν;;1
ετολμησεν;;1
ανθεκτεα;;1
ξυγκατε;;1
παχοσ;;1
εναντιαι;;1
χαλιξ;;1
πηλοσ;;1
ξυνωικοδομημενοι;;1
εντομηι;;1
εγγωνιοι;;1
σιδηρωι;;1
μολυβδωι;;1
δεδεμενοι;;1
λεσθη;;1
παχει;;1
επιβουλασ;;1
αχρειοτατων;;1
αρκεσειν;;1
εσβησεσθαι;;1
ευπορωτεραν;;1
βιασθωσι;;1
ετειχισθησαν;;1
ξυνεπλεον;;1
ηλευθερωντο;;1
ανακρινουντεσ;;1
αδικια;;1
μιμησισ;;1
στρατηγια;;1
μεταταξασθαι;;1
ηυθυνθη;;1
απολυεται;;1
μηδισμοσ;;1
δορκιν;;1
εφιεσαν;;1
ελληνοταμιαι;;1
ωνομασθη;;1
ταχθεισ;;1
ταμιειον;;1
βουλευοντων;;1
επηλθον;;1
διαχειρισει;;1
προστυγχα;;1
νοντασ;;1
εποιησαμην;;1
ξυγγραφηι;;1
ελλανικοσ;;1
χρονοισ;;1
σκυρον;;1
αιγαιωι;;1
δολοπεσ;;1
καρυστιουσ;;1
ναξιοισ;;1
παρεστησαντο;;1
ξυμμαχισ;;1
εδουλωθη;;1
εκαστηι;;1
αποστασεων;;1
φορων;;1
εκδειαι;;1
λιποστρατιον;;1
ειωθοσιν;;1
ταλαιπωρειν;;1
προσαγοντεσ;;1
αποκνησιν;;1
στρατειων;;1
ικνουμενον;;1
αναλωμα;;1
ηυξετο;;1
ξυμφεροιεν;;1
αποσταιεν;;1
παμφυλιαι;;1
πεζομαχια;;1
κοσιασ;;1
θασιουσ;;1
εμποριων;;1
μεταλλου;;1
οικιουντεσ;;1
ηδωνοι;;1
ηδωνικηι;;1
κτιζομενον;;1
διεκωλυθησαν;;1
θουριαται;;1
αιθαιησ;;1
δουλωθεντων;;1
απογονοι;;1
μεταλλον;;1
εμηκυνετο;;1
τειχομαχειν;;1
τολμηρον;;1
νεωτεροποιιαν;;1
παραμεινωσιν;;1
βελτιονι;;1
αποπεμπομενοι;;1
υποπτου;;1
εξιασιν;;1
αλισκηται;;1
πυθικον;;1
ικετην;;1
ιθωμητα;;1
ηιρηκοτεσ;;1
σφοδρον;;1
ψαμμητιχου;;1
μαρειασ;;1
φαρου;;1
απεστησεν;;1
επηγαγετο;;1
στρατευομενοι;;1
αναπλευσαντεσ;;1
νειλον;;1
λευκον;;1
ξυναποσταντεσ;;1
αλιασ;;1
κεκρυφαλειαι;;1
πελοπον;;1
νησιων;;1
λεωκρατουσ;;1
στροιβου;;1
βοηθωσιν;;1
αναστησεσθαι;;1
πρεσβυτατοι;;1
νεωτατοι;;1
ανθιστασαν;;1
εκβοηθησαντεσ;;1
ισταντασ;;1
ξυμβαλοντεσ;;1
προσβιασθεν;;1
διαμαρτον;;1
εσεπεσεν;;1
ιδιωτου;;1
ορυγμα;;1
περιειργον;;1
εξοδοσ;;1
περιστησαντεσ;;1
κατελευσαν;;1
φαληρονδε;;1
στρατευσαντων;;1
βοιον;;1
ελοντων;;1
πολισματων;;1
νικομηδουσ;;1
νεου;;1
μυριοισ;;1
δυσοδοσ;;1
γερανεια;;1
εφρουρειτο;;1
διαπορευσονται;;1
καταπαυσειν;;1
μυριοι;;1
διελθωσιν;;1
υποψιαι;;1
δενδροτομησαντεσ;;1
εξηκοστηι;;1
γουντοσ;;1
οπουντιων;;1
απετελεσαν;;1
περιελοντεσ;;1
μεγαβαζον;;1
απαγαγοι;;1
ανηλουτο;;1
μεγαβαζοσ;;1
ανεκομισθη;;1
μεγαβυζον;;1
ζωπυρου;;1
αιγυπτιουσ;;1
προσωπιτιδα;;1
κατεκληισε;;1
ξηρανασ;;1
παρατρεψασ;;1
ξηρου;;1
πολεμησαντα;;1
κυρηνην;;1
απωλοντο;;1
αιγυπτοσ;;1
ελειοι;;1
ανεσταυρωθη;;1
διαδοχοι;;1
μενδησιον;;1
γεγονοτων;;1
ορεστησ;;1
εχεκρατιδου;;1
ορεστην;;1
πηγαισ;;1
προσμειξαντασ;;1
διαλιποντων;;1
πεντετεισ;;1
εστρατευοντο;;1
μεταπεμποντοσ;;1
κιτιον;;1
κιτιου;;1
κυπρωι;;1
κυπριοισ;;1
κιλιξιν;;1
επεζομαχησαν;;1
εγγενομενου;;1
πορευομενοισ;;1
εξελιπον;;1
κομιουνται;;1
κατελθοντεσ;;1
διαβεβηκοτοσ;;1
αφεστηκε;;1
απεφυγον;;1
εκομιζε;;1
εστιαιασ;;1
εξοικισαντεσ;;1
πριηνησ;;1
δυνατωτατοισ;;1
υστασπου;;1
σαρδεισ;;1
εκκλεψαντεσ;;1
εξεδοσαν;;1
προσκοπην;;1
οιχομεναι;;1
περιαγγελλουσαι;;1
δεκατου;;1
τραγιαι;;1
εσαγγελθεντων;;1
πλεουσιν;;1
στησαγορασ;;1
αφαρκτωι;;1
προφυλακιδασ;;1
ανταναγομενασ;;1
εξεκομισαντο;;1
κατεκληισθησαν;;1
τληπολεμου;;1
αντικλεουσ;;1
εξεπολιορκηθησαν;;1
ενατωι;;1
καθε;;1
λοντεσ;;1
αναλωθεντα;;1
προειρημενα;;1
κερκυραικα;;1
ποτειδεατικα;;1
εγκρατεστεραν;;1
αναγκαζωνται;;1
καθαιρετεα;;1
αραμενοισ;;1
διεγνωστο;;1
επηρωτων;;1
παρακαλου;;1
ακλητοσ;;1
κατηγορουντεσ;;1
προδιαφθαρηι;;1
αιτιασαιμεθα;;1
εψηφισμενοι;;1
νεμοντασ;;1
προσκοπειν;;1
προτιμωνται;;1
ενηλλαγησαν;;1
διδαχησ;;1
φυλαξασθαι;;1
κατωικημενουσ;;1
αμυνωσι;;1
κατακομιδην;;1
ωραιων;;1
αντιληψιν;;1
προοιντο;;1
οκνειν;;1
μεταλαμβανειν;;1
ησυχωι;;1
ηδομενον;;1
οκνων;;1
αφαιρεθειη;;1
ραιστωνησ;;1
οκνει;;1
ησυχαζοι;;1
πλεοναζων;;1
εντε;;1
θυμηται;;1
γνωσθεντα;;1
αβουλοτερων;;1
κατωρθωθη;;1
βουλευθηναι;;1
ενθυμειται;;1
δοξαζομεν;;1
εγειρομεν;;1
αμυνωμεθα;;1
καταθησομεθα;;1
επικρατησαι;;1
πολεμικηι;;1
εξαρτυσομεθα;;1
ολυμπιαι;;1
δανεισμα;;1
ναυβατασ;;1
ωνητη;;1
παθοι;;1
ισχυουσα;;1
αντισχοιεν;;1
καταστησωμεν;;1
διδαχηι;;1
προυχουσι;;1
καθαιρετον;;1
απερουσιν;;1
τιμωρουμενοι;;1
δαπανησομεν;;1
αφαιρεθεντεσ;;1
παραιρεσισ;;1
ισχυουσι;;1
επιτειχισμοσ;;1
προιδοι;;1
χωρει;;1
τεχναται;;1
παρατυγχανον;;1
ευοργητωσ;;1
προσομιλησασ;;1
οργισθεισ;;1
πταιει;;1
ενθυμωμεθα;;1
χειρωσονται;;1
ιστω;;1
ενδοιασθηναι;;1
τοσασδε;;1
κακοπαθειν;;1
δοκοιμεν;;1
δειλιαν;;1
βεβαιουμεν;;1
εωμεν;;1
εγκαθεσταναι;;1
μοναρχουσ;;1
απηλλακται;;1
αμελειασ;;1
πεφευγοτεσ;;1
βλαψασαν;;1
καταφρονησιν;;1
κεχωρηκατε;;1
σφαλλειν;;1
αφροσυνη;;1
μετωνομασται;;1
επιταλαιπωρειν;;1
υποσχομενου;;1
ξυναγωνιουμενησ;;1
παραβεβασθαι;;1
ηδικημεναισ;;1
βεβαιοτατον;;1
περιμενοντασ;;1
γνωσθησομεθα;;1
ψηφισασθε;;1
επιθυμησαντεσ;;1
καθεστηκυιαν;;1
καθεσταναι;;1
παραστησωμεθα;;1
οικωμεν;;1
ελευθερωσωμεν;;1
επηγαγον;;1
δεδογμενον;;1
απαρασκευοισ;;1
καθισταμενοισ;;1
ενιαυτοσ;;1
διετριβη;;1
εσακουωσιν;;1
ολυμπιονικησ;;1
ευγενησ;;1
εγεγαμηκει;;1
χρωμενωι;;1
κυλωνι;;1
αναπεισασ;;1
κατελαβε;;1
νενικηκοτι;;1
διασια;;1
μειλιχιου;;1
θυουσι;;1
ιερεια;;1
αγνα;;1
θυματα;;1
επεχειρησε;;1
τρυχομενοι;;1
προσεδριαι;;1
αυτοκρατορσι;;1
διαθειναι;;1
διαγιγνωσκωσιν;;1
κυλωνοσ;;1
φλαυρωσ;;1
επιτετραμμενοι;;1
αποθνηισκοντασ;;1
σεμνων;;1
βωμοισ;;1
απεχρησαντο;;1
αλιτηριοι;;1
ηλασαν;;1
ηλασε;;1
εξεβαλον;;1
κατηλθον;;1
τιμωρουντεσ;;1
προσεχομενον;;1
εκπεσοντοσ;;1
προχωρειν;;1
υπεικειν;;1
ωρμα;;1
αντεκελευον;;1
ικετασ;;1
μεταπεμφθεισ;;1
κριθεισ;;1
απελυθη;;1
ευεργεσιαν;;1
παρουσιαι;;1
κυπρου;;1
απεδρασαν;;1
γογγυλου;;1
ερετριωσ;;1
επετρεψε;;1
γογγυλον;;1
φεροντα;;1
ενεγεγραπτο;;1
ανηυρεθη;;1
ποιουμαι;;1
υποχειριον;;1
πεμπε;;1
ησθη;;1
επιστοληι;;1
δασκυλιτιν;;1
σατραπειαν;;1
μεγαβατην;;1
απαλλαξαντα;;1
αντεπετιθει;;1
διαπεμψαι;;1
παραγγελληι;;1
πιστοτατα;;1
διεπεμψεν;;1
αντενεγεγραπτο;;1
εσωσασ;;1
κεισεται;;1
οικωι;;1
αναγραπτοσ;;1
αρεσκομαι;;1
επισχετω;;1
υπισχνηι;;1
κεκωλυσθω;;1
αρταβαζου;;1
επεμψα;;1
πρασσε;;1
θαρσων;;1
εμα;;1
σα;;1
ηρτο;;1
βιοτευειν;;1
σκευασ;;1
μηδικασ;;1
ενδυομενοσ;;1
αιγυπτιοι;;1
εδορυφορουν;;1
τραπεζαν;;1
περσικην;;1
παρετιθετο;;1
βραχεσι;;1
προυδηλου;;1
χαλεπηι;;1
ανεκαλεσαν;;1
ερμιονιδι;;1
εκπολιορκηθεισ;;1
κολωνασ;;1
τρωιαδασ;;1
ιδρυθεισ;;1
σκυταλην;;1
διαλυσειν;;1
ειρκτην;;1
εφοροισ;;1
ελεγχειν;;1
ετιμωρουντο;;1
βασιλειου;;1
πλεισταρχον;;1
λεωνιδου;;1
ανεψιοσ;;1
επετροπευεν;;1
παρανομιαι;;1
ισοσ;;1
ανεσκοπουν;;1
εξεδεδιηιτητο;;1
νομιμων;;1
ακροθινιον;;1
επιγραψασθαι;;1
αρχηγοσ;;1
ωλεσε;;1
φοιβωι;;1
μνημ;;1
εξεκολαψαν;;1
τριποδοσ;;1
επεγραψαν;;1
ξυγκαθελουσαι;;1
αναθημα;;1
παρομοιον;;1
ελευθερωσιν;;1
ξυνεπαναστωσι;;1
ξυγκατεργασωνται;;1
μηνυταισ;;1
ειωθασιν;;1
σπαρτιατου;;1
αναμφισβητητων;;1
τελευταιασ;;1
αργιλιοσ;;1
παιδικα;;1
πιστοτατοσ;;1
ενθυμησιν;;1
παρασημηναμενοσ;;1
ψευσθηι;;1
μεταγραψαι;;1
αιτησηι;;1
επιγνωι;;1
λυει;;1
προσεπεσταλθαι;;1
εγγεγραμμενον;;1
δειξαντοσ;;1
αυτηκοοι;;1
ταιναρον;;1
ικετου;;1
σκηνησαμενου;;1
διαφραγματι;;1
καλυβην;;1
εκρυψε;;1
ερωτωντοσ;;1
ικετειασ;;1
αιτιωμενου;;1
γραφεντα;;1
ταλλ;;1
αποφαινοντοσ;;1
διακονιαισ;;1
παραβαλοιτο;;1
προτιμηθειη;;1
διακονων;;1
ξυνομολογουντοσ;;1
εωντοσ;;1
αναστασεωσ;;1
διακωλυειν;;1
ξυλληψιν;;1
νευματι;;1
χρησαμενου;;1
δηλωσαντοσ;;1
υπαιθριοσ;;1
υστερησαν;;1
οροφον;;1
αφειλον;;1
απωικοδομησαν;;1
αποψυχειν;;1
εξαχθεισ;;1
καιαδαν;;1
κακουργουσ;;1
κατορυξαι;;1
εχρησε;;1
μετενεγκειν;;1
προτεμενισματι;;1
γραφηι;;1
χαλκιοικωι;;1
χαλκουσ;;1
ανδριαντασ;;1
κριναντοσ;;1
αντεπεταξαν;;1
μηδισμου;;1
ξυνεπηιτιωντο;;1
ηυρισκον;;1
ωστρακισμενοσ;;1
επιφοιτων;;1
ξυνδιωκειν;;1
ευεργετησ;;1
φασκοντων;;1
απεχθεσθαι;;1
προστεταγμενων;;1
πυστιν;;1
αδμητον;;1
μολοσσων;;1
επιδημων;;1
ικετησ;;1
διδασκεται;;1
καθεζεσθαι;;1
εστιαν;;1
αδμητου;;1
ασθενεστερου;;1
εκδοιη;;1
διωκεται;;1
αποστερησαι;;1
ικετευμα;;1
ειπουσιν;;1
εκδιδωσιν;;1
επιβασ;;1
καταφερεται;;1
αγνωσ;;1
ναυκληρωι;;1
σωσει;;1
αγει;;1
εκβηναι;;1
πειθομενωι;;1
απομνησεσθαι;;1
ναυκληροσ;;1
αποσαλευσασ;;1
υστε;;1
ρον;;1
εθεραπευσε;;1
δοσει;;1
πορευθεισ;;1
εσπεμπει;;1
βασιλευοντα;;1
ειργασμαι;;1
σον;;1
ημυνομην;;1
επικινδυνωι;;1
αποκομιδη;;1
οφειλεται;;1
προαγγελσιν;;1
γεφυρων;;1
ψευδωσ;;1
προσεποιησατο;;1
παρειμι;;1
εθαυμασε;;1
επεσχε;;1
περσιδοσ;;1
προυπαρχουσαν;;1
υπετιθει;;1
δουλωσειν;;1
θαυμασαι;;1
προμαθων;;1
επιμαθων;;1
γενησομενου;;1
εικαστησ;;1
εξηγησασθαι;;1
απηλλακτο;;1
προεωρα;;1
βραχυτητι;;1
αυτοσχε;;1
διαζειν;;1
φαρμακωι;;1
μαγνησιαι;;1
ασιανηι;;1
αρτον;;1
πολυοινοτατον;;1
μυουντα;;1
οψον;;1
τεθηναι;;1
θαπτειν;;1
φευγοντοσ;;1
λαμπροτατουσ;;1
αντεκελευσθησαν;;1
εναγων;;1
ελασεωσ;;1
ενδηλοτατα;;1
προυλεγον;;1
καθελουσι;;1
επεργασιαν;;1
ιερασ;;1
αοριστου;;1
αφισταμενων;;1
τελευταιων;;1
μελησιππου;;1
αφειτε;;1
εχομαι;;1
ξυμβουλευτεα;;1
δοξασιν;;1
σφαλλωμεθα;;1
κατορθουντασ;;1
μεταποιεισθαι;;1
αμαθωσ;;1
επιτασσοντεσ;;1
αιτιωμενοι;;1
κελευουσι;;1
προαγορευουσιν;;1
καθελοιμεν;;1
προυχονται;;1
καθαιρεθειη;;1
υπολιπησθε;;1
επολεμησατε;;1
ξυγχωρησετε;;1
επιταχθησεσθε;;1
υπακουσαντεσ;;1
απισχυρισαμενοι;;1
καταστησαιτε;;1
προσφερεσθαι;;1
διανοηθητε;;1
βλαβηναι;;1
ειξοντεσ;;1
ελαχιστη;;1
επιτασσομενη;;1
χρονιων;;1
διαποντιων;;1
πληρουντεσ;;1
πεζασ;;1
εσφοραι;;1
ανεχουσιν;;1
ετοιμοτεροι;;1
προαναλωσειν;;1
μηκυνηται;;1
αντιπαρασκευην;;1
επιτελωσι;;1
ισοψηφοι;;1
ομοφυλοι;;1
σπευδηι;;1
επιτελεσ;;1
χρονιοι;;1
ξυνιοντεσ;;1
αμελειαν;;1
μελειν;;1
δοξασματι;;1
φθειρομενον;;1
κωλυσονται;;1
ποριζομενοι;;1
διαμελλωσιν;;1
καιροι;;1
μενετοι;;1
επιτειχισισ;;1
κατασκευασασθαι;;1
αντεπιτετει;;1
χισμενων;;1
αυτομολιαισ;;1
επιτειχιζειν;;1
επιστημονασ;;1
εξειργασθε;;1
γεωργοι;;1
μελετησαι;;1
εασομενοι;;1
εφορμεισθαι;;1
δρωιεν;;1
εφορμουσασ;;1
διακινδυνευσειαν;;1
θρασυνοντεσ;;1
μελετωντι;;1
αξυνετωτεροι;;1
μελετασθαι;;1
παρεργον;;1
κινησαντεσ;;1
ολυμπιασιν;;1
υπηρεσιαν;;1
ησσονοσ;;1
δοσεωσ;;1
ξυναγωνιζεσθαι;;1
εμεμψαμην;;1
πλευσουμεθα;;1
διανοηθεντασ;;1
οργισθεντασ;;1
μαχουμεθα;;1
σφαλωμεν;;1
προσαπολλυται;;1
ικανων;;1
ολοφυρσιν;;1
κτωνται;;1
ωιμην;;1
δηιωσαι;;1
υπακουσεσθε;;1
επικτασθαι;;1
πεφοβημαι;;1
δηλωθησεται;;1
αποπεμψωμεν;;1
εασομεν;;1
ξενηλασιασ;;1
κωλυει;;1
αφησομεν;;1
εσπεισαμεθα;;1
αποδωσι;;1
λακεεπιτηδειωσ;;1
αποκρι;;1
νασθαι;;1
δεχωμεθα;;1
εγκεισομενουσ;;1
προηγαγον;;1
εφρασε;;1
κελευομενοι;;1
αρξαμεναι;;1
ακηρυκτωσ;;1
ανυποπτωσ;;1
ξυγχυσισ;;1
β;;1
ακηρυκτει;;1
ιερωμενησ;;1
αινησιου;;1
βοιωταρχουντεσ;;1
πυθαγγελοσ;;1
φυλειδου;;1
διεμποροσ;;1
ονητοριδου;;1
ανεωιξαν;;1
ναυκλειδησ;;1
υπεναντιουσ;;1
ευρυμαχου;;1
λεοντιαδου;;1
δυνατωτατου;;1
προκαθεστηκυιασ;;1
επαγαγομενοισ;;1
κηρυγμασι;;1
επιτηδειοισ;;1
ανειπεν;;1
χωρησειν;;1
κατειλημμενην;;1
εσεληλυθεναι;;1
κατενοησαν;;1
διορυσσοντεσ;;1
υποζυγιων;;1
εξηρτυον;;1
περιορθρον;;1
φωσ;;1
θαρσαλεωτεροισ;;1
φοβερωτεροι;;1
εβαλον;;1
εξηπατημενοι;;1
ξυνεστρεφοντο;;1
απεωθουντο;;1
ολολυγηι;;1
βαλλοντων;;1
υετου;;1
σκοτωι;;1
διοδων;;1
εκφευγειν;;1
μοναι;;1
εκληισε;;1
στυρακιωι;;1
βαλανου;;1
ερριψαν;;1
δουσησ;;1
πελεκυν;;1
διακοψαντεσ;;1
αισθησισ;;1
ταχεια;;1
ξυνεστραμμενον;;1
θυραι;;1
απειλημμενουσ;;1
κατακαυσωσιν;;1
εχου;;1
σιν;;1
χρησωνται;;1
πλανωμενοι;;1
προχωροιη;;1
εσεληλυθοσι;;1
ρηθεισησ;;1
βραδυτερον;;1
ασωποσ;;1
διαβατοσ;;1
υετωι;;1
διεφθαρμενων;;1
εζωγρημενοι;;1
διαβουλευομενων;;1
πεποιημενα;;1
ομολογουσι;;1
υποσχεσθαι;;1
ξυμβαινωσι;;1
ληφθεντεσ;;1
ευρυμαχοσ;;1
βουλευσωσι;;1
τεθνηκοτεσ;;1
εσοδωι;;1
νενικημενων;;1
ξυνειλημμενων;;1
επεστελλον;;1
διεφθαρμενουσ;;1
αχρειοτατουσ;;1
εξεκομισαν;;1
λελυμενων;;1
ελομενοισ;;1
επεταχθη;;1
εσομενων;;1
παρασκευασθηι;;1
εξηταζον;;1
καταπολεμησοντεσ;;1
οξυτερον;;1
αντιλαμβανονται;;1
απειριασ;;1
ηπτετο;;1
ξυνιουσων;;1
λογια;;1
σεισθεισα;;1
μεμνηνται;;1
ανεζητειτο;;1
προειποντων;;1
ελευθερουσιν;;1
ερρωτο;;1
ξυνεπιλαμβανειν;;1
αρχθωσι;;1
σταντο;;1
τικον;;1
τοσοισδε;;1
καρια;;1
καρσι;;1
ηλιον;;1
ανισχοντα;;1
κυκλαδεσ;;1
θηρασ;;1
εκδημον;;1
ξυνειλεγμενον;;1
εξοδου;;1
αξιολογωτατουσ;;1
τησδε;;1
μειζονα;;1
εξηλθομεν;;1
δυνατωτατην;;1
ενδεεστερουσ;;1
επηρται;;1
προσεχει;;1
επινοουμεν;;1
στρατιωτην;;1
αδηλα;;1
καταφρονουντασ;;1
θαρσαλεουσ;;1
ευψυχοτατοι;;1
επιχειρεισθαι;;1
ασφαλε;;1
στατοι;;1
παρεσκευασμενην;;1
φθειροντασ;;1
ομμασι;;1
αηθεσ;;1
οργη;;1
προσπιπτει;;1
οισομενοι;;1
επεσθ;;1
ηγηται;;1
ασφαλεστατον;;1
διαλυσασ;;1
μελησιππον;;1
διακριτου;;1
ενδοιεν;;1
νενικηκυια;;1
εξεστρατευμενων;;1
αναχωρησαντασ;;1
μελησιππωι;;1
αγωγουσ;;1
ξυγγενηται;;1
διαλυσεσθαι;;1
αρξει;;1
ενδωσουσιν;;1
ξυλλεγομενων;;1
δεκατοσ;;1
υποτοπησασ;;1
παραλιπηι;;1
δηιωσηι;;1
αγη;;1
προηγορευε;;1
δηιωσωσιν;;1
εσκομιζεσθαι;;1
κρατεισθαι;;1
επισημου;;1
αποδεοντα;;1
μυρια;;1
προπυλαια;;1
αναθημασιν;;1
δημοσιοισ;;1
προσετιθει;;1
εξειργωνται;;1
περικειμενοισ;;1
χρυσιοισ;;1
αγαλμα;;1
σταθμον;;1
απεφθου;;1
περιαιρετον;;1
χρησαμενουσ;;1
αντικαταστησαι;;1
εθαρσυνεν;;1
φρουριοισ;;1
επαλξιν;;1
πρεσβυτατων;;1
νεωτατων;;1
φυλασσομενον;;1
ετηρειτο;;1
τριη;;1
ρεισ;;1
τριακοσιασ;;1
ξυλωσιν;;1
διεπεμψαντο;;1
ειωθεναι;;1
διαιτασθαι;;1
κεκροποσ;;1
θησεα;;1
ωικειτο;;1
πρυτανεια;;1
δεισειαν;;1
βουλευσομενοι;;1
ελευσινιοι;;1
ευμολπου;;1
ερεχθεα;;1
θησευσ;;1
ξυνετου;;1
καταλυσασ;;1
βουλευτηρια;;1
αποδειξασ;;1
ξυνωικισε;;1
νεμομενουσ;;1
ξυντελουντων;;1
παρεδοθη;;1
θησεωσ;;1
ξυνοικια;;1
δημοτελη;;1
ποιουσιν;;1
πυθιον;;1
λιμναισ;;1
αρχαιοτερα;;1
ανθεστηριωνι;;1
κρηνηι;;1
σκευασαντων;;1
εννεακρουνωι;;1
καλλιρροηι;;1
ωνομασμενηι;;1
νομιζεται;;1
κατοικησιν;;1
αυτονομωι;;1
οικησει;;1
ξυνωικισθησαν;;1
αρχαιων;;1
εποι;;1
ουντο;;1
ανειληφοτεσ;;1
κατασκευασ;;1
καταλειποντεσ;;1
απολειπων;;1
καταφυγη;;1
ηρωια;;1
ελευσινιου;;1
κληιστον;;1
πυθικου;;1
ακροτελευτιον;;1
διεκωλυε;;1
εξωικηθη;;1
παρανομον;;1
ενοικησιν;;1
οικησεωσ;;1
ονομαζον;;1
προηιδει;;1
κατοι;;1
κισθησομενον;;1
κατανειμαμενοι;;1
εξαρτυοντεσ;;1
σομενοι;;1
οινοη;;1
ετετειχιστο;;1
καταλαβοι;;1
ξυναγωγηι;;1
παραινων;;1
επιμονη;;1
σχολαιοτησ;;1
επισχεσισ;;1
καθεδραι;;1
ακεραιου;;1
ενδωσειν;;1
κατοκνησειν;;1
τμηθεισαν;;1
ανειχεν;;1
ογδοηκοστηι;;1
τροπην;;1
ρειτουσ;;1
καλουμενουσ;;1
αιγαλεων;;1
κρωπιασ;;1
καλουμενων;;1
ταξαμενον;;1
καταβηναι;;1
ηλπιζεν;;1
ακμα;;1
ζοντασ;;1
απηντησαν;;1
καθημενοσ;;1
επεξιασιν;;1
ενστρατοπεδευσαι;;1
διαφθαρεντα;;1
επεξελθοιεν;;1
τεμειν;;1
αχαρνεασ;;1
εστερημενουσ;;1
ενεσεσθαι;;1
μεμνημενοι;;1
πλειστοανακτα;;1
τεμνομενησ;;1
εορακεσαν;;1
ξυστασεισ;;1
εωντεσ;;1
παντοιουσ;;1
μοιραν;;1
ετεμνετο;;1
ανηρεθιστο;;1
παρηινεσε;;1
εκακιζον;;1
επεξα;;1
γοι;;1
εξαμαρτειν;;1
εξεπεμπεν;;1
προδρομουσ;;1
εσπιπτοντασ;;1
φρυγιοισ;;1
λαρισαιοι;;1
φαρσαλιοι;;1
παρασιοι;;1
κραννωνιοι;;1
πυρασιοι;;1
γυρτωνιοι;;1
φεραιοι;;1
πολυμηδησ;;1
αριστονουσ;;1
φαρσαλου;;1
αχαρνων;;1
παρνηθοσ;;1
βριλησσου;;1
καρκινοσ;;1
ξενοτιμου;;1
σωκρατησ;;1
αντιγενουσ;;1
γραικην;;1
ωρωπιοι;;1
φυλαξειν;;1
εξαιρετα;;1
ποιησαμενοισ;;1
ειπηι;;1
επιψηφισηι;;1
εξαιρετουσ;;1
βελτιστασ;;1
εκακουν;;1
διαδραμων;;1
εσδρομηι;;1
περιεποιησε;;1
επηινεθη;;1
κοιλησ;;1
περιοικιδοσ;;1
χειμαζομενοι;;1
αλιμενωι;;1
ιχθυν;;1
επιβηναι;;1
περιπλευσασαι;;1
αναλαμβανουσιν;;1
εξαναγονται;;1
κην;;1
παραθαλασσιου;;1
εδηιωσε;;1
θρονιον;;1
αλοπηι;;1
βοηθησαντασ;;1
επικειμενην;;1
πεσουσι;;1
ευεργεται;;1
θυρεατισ;;1
εσπαρησαν;;1
νουμηνιαι;;1
σεληνην;;1
ηλιοσ;;1
εξελιπε;;1
μεσημβριαν;;1
ανεπληρωθη;;1
μηνοειδησ;;1
αστερων;;1
εκφανεντων;;1
νυμφοδωρον;;1
πυθεω;;1
αβδηριτην;;1
δυναμενον;;1
μετεπεμψαντο;;1
οδρυσαισ;;1
σεν;;1
τηρει;;1
προκνην;;1
πανδιονοσ;;1
σχοντι;;1
γυναικα;;1
δαυλιαι;;1
τηρευσ;;1
ιτυν;;1
αηδονοσ;;1
δαυλιασ;;1
ορνισ;;1
επωνομασται;;1
κηδοσ;;1
πανδιονα;;1
ξυναψασθαι;;1
οδρυσασ;;1
ξυνεξελειν;;1
νυμφοδωροσ;;1
υπεδεχετο;;1
θραικιαν;;1
ξυνεβιβασε;;1
ξυνεστρατευσε;;1
παραδιδοασι;;1
παλαιρευσιν;;1
κεφαλληνια;;1
τετραπολισ;;1
κρανιοι;;1
σαμαιοι;;1
προνναιοι;;1
ανακομιζομενοι;;1
ξυνεμειχθησαν;;1
ακμαζουσησ;;1
νενοσηκυιασ;;1
ολιγοσ;;1
ανε;;1
νισαια;;1
αταλαντη;;1
ερημη;;1
ληιστασ;;1
οπουντοσ;;1
ακαρναν;;1
προσεμισθωσατο;;1
τιμοξενοσ;;1
τιμοκρατουσ;;1
ευμαχοσ;;1
προσποιησασθαι;;1
πειραθεντεσ;;1
αποβαλλουσι;;1
πατριωι;;1
προτι;;1
θενται;;1
απογενομενων;;1
προτριτα;;1
σκηνην;;1
επιφερει;;1
εκφορα;;1
λαρνακασ;;1
κυπαρισσινασ;;1
αγουσιν;;1
ενεστι;;1
κλινη;;1
εστρωμενη;;1
ευρεθωσιν;;1
ξυνεκφερει;;1
προσηκουσαι;;1
ολοφυρομεναι;;1
δημοσιον;;1
καλλιστου;;1
θαπτουσι;;1
διαπρεπη;;1
κρυψωσι;;1
προηκηι;;1
σηματοσ;;1
βημα;;1
ακουοιτο;;1
ομιλου;;1
ειρηκοτων;;1
επαινουσι;;1
προσθεντα;;1
θαπτομενοισ;;1
αγορευεσθαι;;1
αρκουν;;1
παρασκευασθεντα;;1
πι;;1
στευθηναι;;1
δοκησισ;;1
ακροατησ;;1
επισταται;;1
νομισειε;;1
πλεοναζεσθαι;;1
φθονον;;1
ακουοι;;1
επαινοι;;1
λεγομενοι;;1
ηκουσεν;;1
υπερβαλλοντι;;1
φθονουντεσ;;1
απιστουσιν;;1
εδοκιμασθη;;1
επομενον;;1
αρξομαι;;1
διαδοχηι;;1
επιγιγνομενων;;1
προσκατελιπον;;1
καθεστηκυιαι;;1
επηυξησαμεν;;1
παρεσκευασαμεν;;1
αυταρ;;1
κεστατην;;1
ελληνα;;1
ημυναμεθα;;1
εασω;;1
επιτηδευσεωσ;;1
απρεπη;;1
λεχθηναι;;1
επακουσαι;;1
ζηλουσηι;;1
μιμουμενοι;;1
πλειονασ;;1
κεκληται;;1
μετεστι;;1
ευδοκιμει;;1
προτιμαται;;1
πενιαν;;1
ματοσ;;1
αφανειαι;;1
κεκωλυται;;1
πολιτευομεν;;1
αζημιουσ;;1
λυπηρασ;;1
αχθηδονασ;;1
προστιθεμενοι;;1
ανεπαχθωσ;;1
προσομιλουντεσ;;1
παρανομουμεν;;1
αδικουμενων;;1
αγραφοι;;1
επορισαμεθα;;1
διετησιοισ;;1
ιδιαισ;;1
ευπρεπεσιν;;1
τερψισ;;1
λυπηρον;;1
επεσερχεται;;1
οικειοτεραι;;1
απολαυσει;;1
καρπουσθαι;;1
διαφερομεν;;1
μελεταισ;;1
παρεχομεν;;1
ξενηλασιαισ;;1
απειργομεν;;1
μαθηματοσ;;1
θεαματοσ;;1
κρυφθεν;;1
ωφεληθειη;;1
παρασκευαισ;;1
απαταισ;;1
ευψυχωι;;1
παιδειαισ;;1
επιπονωι;;1
ασκησει;;1
μετερχονται;;1
ανειμενωσ;;1
διαιτωμενοι;;1
χωρουμεν;;1
στρατευουσι;;1
κρατουμεν;;1
ενετυχε;;1
επιπεμψιν;;1
προσμειξωσι;;1
αυχουσιν;;1
απεωσθαι;;1
ραιθυμιαι;;1
αλγεινοισ;;1
προκαμνειν;;1
ατολμοτερουσ;;1
μοχθουντων;;1
φιλοκαλουμεν;;1
ευτελειασ;;1
φιλοσοφουμεν;;1
κομπωι;;1
πενεσθαι;;1
διαφευγειν;;1
τετραμμενοισ;;1
ενδεωσ;;1
προδιδαχθηναι;;1
επιχειρησομεν;;1
εκλογιζεσθαι;;1
θρασοσ;;1
λογισμοσ;;1
ψυχην;;1
κριθειεν;;1
ενηντιωμεθα;;1
κτωμεθα;;1
δρασασ;;1
οφειλομενην;;1
δεδωκε;;1
αντοφειλων;;1
αμβλυτεροσ;;1
οφειλημα;;1
αποδωσων;;1
πιστωι;;1
ωφελουμεν;;1
παιδευσιν;;1
ειδη;;1
χαριτων;;1
ευτραπελωσ;;1
κομποσ;;1
εκτησαμεθα;;1
επελθοντι;;1
αγανακτησιν;;1
κακοπαθει;;1
καταμεμψιν;;1
αμαρτυρον;;1
θαυμασθησομεθα;;1
επαινετου;;1
τερψει;;1
υπονοιαν;;1
βλαψει;;1
εσβατον;;1
καταναγκασαντεσ;;1
μνημεια;;1
καγαθων;;1
αιδια;;1
ξυγκατοικισαντεσ;;1
γενναιωσ;;1
ετελευτησαν;;1
λειπομενων;;1
καμνειν;;1
εμηκυνα;;1
ευλογιαν;;1
υμνησα;;1
αρεται;;1
εκοσμησαν;;1
ισορροποσ;;1
φανειη;;1
δηλουν;;1
μηνυουσα;;1
βεβαιουσα;;1
καταστροφη;;1
προτιθεσθαι;;1
απολαυσιν;;1
προτιμησασ;;1
εμαλακισθη;;1
πλουτησειεν;;1
αναβολην;;1
ποθεινοτεραν;;1
κατορθωσειν;;1
ορωμενου;;1
πεποιθεναι;;1
ενδοντεσ;;1
προσηκοντωσ;;1
ασφαλεστεραν;;1
ευχεσθαι;;1
ατολμοτεραν;;1
σκοπουντασ;;1
μηκυνοι;;1
ενεστιν;;1
θεωμενουσ;;1
εραστασ;;1
ενθυμουμενουσ;;1
αισχυνομενοι;;1
σφαλειεν;;1
στερισκειν;;1
ερανον;;1
προιεμενοι;;1
επισημοτατον;;1
εντυχοντι;;1
επιφανων;;1
στηλων;;1
επιγραφη;;1
προσηκουσηι;;1
αγραφοσ;;1
ενδιαιταται;;1
ζηλωσαντεσ;;1
ευδαιμον;;1
περιορασθε;;1
πολεμικουσ;;1
κακοπραγουντεσ;;1
αφειδοιεν;;1
μεταβολη;;1
ζην;;1
αλγεινοτερα;;1
αναισθητοσ;;1
θανατοσ;;1
τοκεασ;;1
ολοφυρομαι;;1
παραμυθησομαι;;1
πολυτροποισ;;1
επιστανται;;1
τραφεντεσ;;1
ευτυχεσ;;1
ευπρεπεστατησ;;1
λαχωσιν;;1
τελευτησ;;1
λυπησ;;1
ενευδαιμονησαι;;1
βιοσ;;1
ξυνεμετρηθη;;1
υπομνηματα;;1
ευτυχιαισ;;1
ηγαλλεσθε;;1
λυπη;;1
πειρασαμενοσ;;1
στερισκηται;;1
εθασ;;1
αφαιρεθηι;;1
τεκνωσιν;;1
επιγιγνομενοι;;1
διχοθεν;;1
ερημουσθαι;;1
ξυνοισει;;1
κινδυνευωσιν;;1
παρηβηκατε;;1
ηυτυχειτε;;1
ευκλειαι;;1
κουφιζεσθε;;1
φιλοτιμον;;1
αχρειωι;;1
τερπει;;1
αδελφοισ;;1
ειωθεν;;1
κριθειτε;;1
φθονοσ;;1
αναντα;;1
γωνιστωι;;1
τετιμηται;;1
γυναικειασ;;1
χηρειαι;;1
ψογου;;1
αρσεσι;;1
θαπτομενοι;;1
κεκοσμηνται;;1
ηβησ;;1
θρεψει;;1
στεφανον;;1
προτιθεισα;;1
πολιτευουσιν;;1
απολοφυραμενοι;;1
απιτε;;1
πολλαχοσε;;1
εγκατασκηψαι;;1
φθορα;;1
εμνημονευετο;;1
ιατροι;;1
ηρκουν;;1
ικετευσαν;;1
μαντειοισ;;1
ανωφελη;;1
αιθιοπιασ;;1
εσεπεσε;;1
φαρμακα;;1
εσβεβληκοιεν;;1
λεγετω;;1
αστινασ;;1
λεξω;;1
αγνοειν;;1
ωμολογειτο;;1
ανοσον;;1
προυκαμνε;;1
απεκριθη;;1
προφασεωσ;;1
κεφαλησ;;1
θερμαι;;1
ισχυραι;;1
ερυθηματα;;1
φλογωσισ;;1
φαρυγξ;;1
γλωσσα;;1
αιματωδη;;1
ατοπον;;1
δυσωδεσ;;1
ηφιει;;1
πταρμοσ;;1
βραγχοσ;;1
επεγιγνετο;;1
κατεβαινεν;;1
στηθη;;1
βηχοσ;;1
ισχυρου;;1
καρδιαν;;1
στηριξειεν;;1
ανεστρεφε;;1
αποκαθαρσεισ;;1
χολησ;;1
ιατρων;;1
ωνομασμεναι;;1
λυγξ;;1
ενεπιπτε;;1
σπασμον;;1
ενδιδουσα;;1
λωφησαντα;;1
απτομενωι;;1
θερμον;;1
χλωρον;;1
υπερυθρον;;1
πελιτνον;;1
φλυκταιναισ;;1
μικραισ;;1
ελκεσιν;;1
εξηνθηκοσ;;1
εκαετο;;1
λεπτων;;1
σινδονων;;1
γυμνοι;;1
ψυχρον;;1
ριπτειν;;1
ημελημενων;;1
απαυστωι;;1
ποτον;;1
αγρυπνια;;1
οσονπερ;;1
ακμαζοι;;1
εμαραινετο;;1
αντειχε;;1
ταλαιπωριαι;;1
εναταιοι;;1
εβδομαιοι;;1
καυματοσ;;1
επικατιοντοσ;;1
κοιλιαν;;1
ελκωσεωσ;;1
διαρροιασ;;1
ακρατου;;1
επιπιπτουσησ;;1
διεξηιει;;1
αρξαμενον;;1
ιδρυθεν;;1
περιγενοιτο;;1
ακρωτηριων;;1
αντιληψισ;;1
επεσημαινεν;;1
κατεσκηπτε;;1
ανθρωπειαν;;1
προσεπιπτεν;;1
ξυντροφων;;1
ορνεα;;1
τετραποδα;;1
απτεται;;1
γευσαμενα;;1
ορνιθων;;1
επιλειψισ;;1
σαφησ;;1
κυνεσ;;1
ξυνδιαιτασθαι;;1
παραλιποντι;;1
ατοπιασ;;1
αμελειαι;;1
θεραπευομενοι;;1
ιαμα;;1
προσφεροντασ;;1
ξυνενεγκον;;1
εβλαπτεν;;1
ξυνηιρει;;1
αθυμια;;1
καμνων;;1
προιεντο;;1
αναπιμπλαμενοι;;1
φθορον;;1
θελοιεν;;1
εκενωθησαν;;1
θεραπευσοντοσ;;1
προσιοιεν;;1
μεταποιουμενοι;;1
ηφειδουν;;1
ολοφυρσεισ;;1
απογιγνομενων;;1
εξεκαμνον;;1
διαπεφευγοτεσ;;1
θνηισκοντα;;1
πονουμενον;;1
ωικτιζοντο;;1
προειδεναι;;1
θαρσαλεωι;;1
επελαμβανεν;;1
εμακαριζοντο;;1
περιχαρει;;1
κουφησ;;1
ξυγκομιδη;;1
καλυβαισ;;1
πνιγηραισ;;1
διαιτωμενων;;1
φθοροσ;;1
νεκροι;;1
αποθνηισκοντεσ;;1
εκειντο;;1
εκαλινδουντο;;1
κρηνασ;;1
ημιθνητεσ;;1
εσκηνηντο;;1
πλεα;;1
εναποθνηισκοντων;;1
υπερβιαζομενου;;1
ολιγωριαν;;1
οσιων;;1
νομοι;;1
αναισχυντουσ;;1
συχνουσ;;1
προτεθναναι;;1
πυρασ;;1
νησαντασ;;1
νεκρον;;1
υφηπτον;;1
καιομενου;;1
φεροιεν;;1
ανομιασ;;1
απεκρυπτετο;;1
αγχιστροφον;;1
κεκτημενων;;1
επαυρεσεισ;;1
εφημερα;;1
προσταλαιπωρειν;;1
διαφθαρησεται;;1
ηδυ;;1
κερδαλεον;;1
απειργε;;1
σεβειν;;1
απολλυμενουσ;;1
βιουσ;;1
κατεψηφισμενην;;1
επικρεμασθηναι;;1
εμπεσειν;;1
απολαυσαι;;1
ανεμνησθησαν;;1
επουσ;;1
αιδεσθαι;;1
δωριακοσ;;1
ενικησε;;1
καταλαβηι;;1
δωρικοσ;;1
αισονται;;1
επερωτωσιν;;1
επενειματο;;1
πολυανθρωποτατα;;1
αργυρεια;;1
μεταλλα;;1
ανδρον;;1
παραλιαν;;1
τετρακισχιλιουσ;;1
ποιηθεισαισ;;1
παραλιαι;;1
τροιζηνιδα;;1
ανακεχωρηκοτασ;;1
δεισαντασ;;1
θαπτοντασ;;1
ξυστρατηγοι;;1
επιγενομενη;;1
φθειρουσα;;1
νοσησαι;;1
αγνωνι;;1
υγιαινοντασ;;1
χαλκι;;1
δεασ;;1
ετετμητο;;1
ηλλοιωντο;;1
καθεστηκοτεσ;;1
απαγαγων;;1
οργιζομενον;;1
υπομνησω;;1
μεμψωμαι;;1
χαλεπαινετε;;1
εικετε;;1
ορθουμενην;;1
ευπραγουσαν;;1
αθροαν;;1
σφαλλομενην;;1
διαφθειρομενησ;;1
ξυναπολλυται;;1
κακοτυχων;;1
ευτυχουσηι;;1
διασωιζεται;;1
κακοπραγιαισ;;1
αφιεσθε;;1
παραινεσαντα;;1
ξυνεγνωτε;;1
οργιζεσθε;;1
ερμηνευσαι;;1
ενεθυμηθη;;1
δυσνουσ;;1
φραζοι;;1
νικωμενου;;1
πωλοιτο;;1
μεσωσ;;1
φεροιμην;;1
ευτυχουσι;;1
ειξαντασ;;1
κινδυνευσαντασ;;1
φυγων;;1
υποσταντοσ;;1
μεμπτοτεροσ;;1
εξισταμαι;;1
μεταβαλλετε;;1
ακεραιοισ;;1
μεταμελειν;;1
κακουμενοισ;;1
εμον;;1
λυπουν;;1
απεστιν;;1
δηλωσισ;;1
εμπεσουσησ;;1
ταπεινη;;1
εγκαρτερειν;;1
εγνωτε;;1
απροσδοκητον;;1
πλειστωι;;1
παραλογωι;;1
ηθεσιν;;1
αντιπαλοισ;;1
τεθραμμενουσ;;1
μεγισταισ;;1
δικαιουσι;;1
μαλακιαι;;1
μισειν;;1
θρασυτητι;;1
ορεγομενον;;1
απαλγησαντασ;;1
αντιλαμβανεσθαι;;1
περιγενωμεθα;;1
απεδειξα;;1
υποπτευομενον;;1
εχρησαμην;;1
κομπωδεστεραν;;1
καταπεπληγμενουσ;;1
μονων;;1
χρησιν;;1
κυριωτατουσ;;1
νεμεσθε;;1
βουληθητε;;1
υπαρχουσηι;;1
κωλυσει;;1
εστερησθαι;;1
κηπιον;;1
εγκαλλωπισμα;;1
ολιγωρησαι;;1
αντιλαμβανομενοι;;1
διασωσωμεν;;1
αναληψομενην;;1
υπακουσασι;;1
προκεκτημενα;;1
φιλειν;;1
κτωμενουσ;;1
ατυχησαι;;1
φρονη;;1
ματι;;1
καταφρονηματι;;1
αυχημα;;1
αμαθιασ;;1
ευτυχουσ;;1
δειλωι;;1
εγγιγνεται;;1
καταφρονησισ;;1
υπερφρονοσ;;1
εχυρωτεραν;;1
τιμωμενωι;;1
αγαλλεσθε;;1
στερησεωσ;;1
εκστηναι;;1
ανδραγαθιζεται;;1
απολεσειαν;;1
οικησειαν;;1
απραγμον;;1
σωιζεται;;1
δραστηριου;;1
αρχουσηι;;1
παραγεσθε;;1
ξυνδιεγνωτε;;1
επιγεγενηται;;1
περα;;1
προσεδεχομεθα;;1
μισουμαι;;1
αναθησετε;;1
δαιμονια;;1
αναγκαιωσ;;1
κωλυθηι;;1
κεκτημενην;;1
υπενδωμεν;;1
καταλελειψεται;;1
ηρξαμεν;;1
αντεσχομεν;;1
ευπορωτατην;;1
ωικησαμεν;;1
απραγμων;;1
μεμψαιτ;;1
κεκτηται;;1
φθονησει;;1
υπηρξε;;1
επιφθονον;;1
αντεχει;;1
λαμπροτησ;;1
καταλειπεται;;1
προγνοντεσ;;1
προθυμωι;;1
κτησασθε;;1
επικηρυκευεσθε;;1
πονοισ;;1
βαρυνομενοι;;1
λυπουνται;;1
αντεχουσιν;;1
παραλυειν;;1
παθημασιν;;1
ελυπουντο;;1
εστερητο;;1
κτηματα;;1
οικοδομιαισ;;1
επετρεψαν;;1
ηλγει;;1
αμβλυτεροι;;1
προσεδειτο;;1
προυστη;;1
εξηγειτο;;1
διεφυλαξεν;;1
προγνουσ;;1
επεβιω;;1
εγνωσθη;;1
θεραπευοντασ;;1
επολιτευσαν;;1
κατορθουμενα;;1
διαφανωσ;;1
αδωροτατοσ;;1
ηγετο;;1
κτωμενοσ;;1
κατεπλησσεν;;1
αντικαθιστη;;1
ορεγομενοι;;1
ηδονασ;;1
ημαρτηθη;;1
οιχομενοισ;;1
επιγιγνωσκοντεσ;;1
προστασιασ;;1
αμβλυτερα;;1
προσγενομενωι;;1
πεσοντεσ;;1
επερισσευσε;;1
προεγνω;;1
ξυνεχωρουν;;1
ανηριστοσ;;1
νικολαοσ;;1
πρατοδαμοσ;;1
τεγεατησ;;1
πολλισ;;1
μετασταντα;;1
πολιορκουν;;1
φαρνακην;;1
παρατυχοντεσ;;1
λεαρχοσ;;1
αμεινιαδησ;;1
φιλημονοσ;;1
σιταλκηι;;1
εγχειρισαι;;1
βλαψωσιν;;1
περαιωσειν;;1
ξυμπεμψασ;;1
λεαρχου;;1
αμεινιαδου;;1
λα;;1
βοντεσ;;1
κακουργηι;;1
ακριτουσ;;1
φαραγγα;;1
υπηρξαν;;1
εμπορουσ;;1
φαραγγασ;;1
ξυμπολεμουντασ;;1
εκτισε;;1
αρεσκομενοσ;;1
καταστασει;;1
αμφιλοχοσ;;1
αμπρακικωι;;1
ομωνυμον;;1
ονομασασ;;1
αμφιλοχικηι;;1
ηλληνισθησαν;;1
ξυνοικη;;1
λυκιασ;;1
μελησανδρον;;1
αργυρολογωσι;;1
εωσιν;;1
ορμωμενον;;1
φοινικησ;;1
μελησανδροσ;;1
διεφθειρε;;1
απανιστασαν;;1
βρωσεωσ;;1
εγεγευντο;;1
προσφερουσι;;1
τεταγμενοισ;;1
ξενοφωντι;;1
εστιοδωρωι;;1
αριστοκλειδου;;1
φανομαχωι;;1
χειμερινωι;;1
ανηλωκυιασ;;1
ιματιωι;;1
επηιτιασαντο;;1
δηιωσειν;;1
αρχιδαμε;;1
ποιειτε;;1
ξυναρασθαι;;1
θυσασ;;1
ελευθεριωι;;1
απεδιδου;;1
υμετεροι;;1
εδικαιωσεν;;1
αυτονομεισθε;;1
ξυνελευθερουτε;;1
τοσηδε;;1
εμμεινατε;;1
προυκαλεσαμεθα;;1
αγετε;;1
αρκεσει;;1
κοινωσαντεσ;;1
επιτρεπωσιν;;1
ενορκοι;;1
τερουσ;;1
πειρασωσι;;1
καταλα;;1
βειν;;1
θαρσυνων;;1
παραδοτε;;1
αποδειξατε;;1
μεταχωρησατε;;1
παρελθηι;;1
αποδωσομεν;;1
παραλαβωμεν;;1
παρακαταθηκην;;1
φοραν;;1
κοινωσαι;;1
ετεμνεν;;1
επισκηπτουσι;;1
τεμνομενην;;1
ξυμβαινηι;;1
επιμαρτυριαν;;1
εγχωριων;;1
θεοι;;1
ηρωεσ;;1
ξυνιστορεσ;;1
ξυνωμοτον;;1
παρεσχετε;;1
ευμενη;;1
εναγωνισασθαι;;1
ποιωμεν;;1
αδικησομεν;;1
προκαλεσαμενοι;;1
τυγχανομεν;;1
ξυγγνωμονεσ;;1
επιφερουσι;;1
νομιμωσ;;1
επιθειασασ;;1
περιεσταυρωσαν;;1
δενδρεσιν;;1
εκοψαν;;1
ταχιστην;;1
αιρεσιν;;1
εργαζομενου;;1
κιθαιρωνοσ;;1
παρωικοδομουν;;1
τοιχων;;1
τιθεντεσ;;1
διαχεοιτο;;1
εφορουν;;1
επιβαλλομενον;;1
διηιρημενοι;;1
αιρεισθαι;;1
ξεναγοι;;1
ξυνεφεστωτεσ;;1
αιρομενον;;1
ξυνθεντεσ;;1
επιστησαντεσ;;1
προσεχουτο;;1
πλινθουσ;;1
καθαι;;1
ρουντεσ;;1
ξυνδεσμοσ;;1
δερσεισ;;1
διφθερασ;;1
εργαζομενουσ;;1
πυρφοροισ;;1
οιστοισ;;1
βαλλεσθαι;;1
αντανηιει;;1
επινοουσιν;;1
εσεφορουν;;1
ταρσοισ;;1
καλαμου;;1
ενιλλοντεσ;;1
διηιρη;;1
διαχεομενον;;1
φοροιτο;;1
αποκληιομενοι;;1
υπονομον;;1
ορυξαντεσ;;1
ξυντεκμηραμενοι;;1
υφειλκον;;1
επιβαλλοντασ;;1
υπαγομενου;;1
ιζανοντοσ;;1
κενουμενον;;1
προσεπεξηυρον;;1
μηνοειδεσ;;1
αλισκοιτο;;1
διπλασιον;;1
αμφιβολωι;;1
χωσει;;1
προσαχθεισα;;1
κατεσεισε;;1
βροχουσ;;1
περιβαλλοντεσ;;1
αρτησαντεσ;;1
σιδηραισ;;1
τομησ;;1
κεραιων;;1
επικεκλιμενων;;1
υπερτεινουσων;;1
εγκαρσιασ;;1
προσπεσεισθαι;;1
μηχανη;;1
δοκον;;1
χαλαραισ;;1
εμπιπτουσα;;1
απεκαυλιζε;;1
προυχον;;1
εμβολησ;;1
χωματι;;1
αντιτειχισμα;;1
πυρι;;1
επιφλεξαι;;1
προσαχθειη;;1
φακελουσ;;1
παρεβαλον;;1
πληρουσ;;1
πολυχειριαν;;1
επιπαρενησαν;;1
πισσηι;;1
ηψαν;;1
φλοξ;;1
χειροποιητον;;1
ορεσιν;;1
υλη;;1
τριφθεισα;;1
εδεησε;;1
πελασαι;;1
επιφορον;;1
σβεσαι;;1
παυσθηναι;;1
διημαρτον;;1
ταφροσ;;1
επλινθευ;;1
αρκτουρου;;1
επιτολασ;;1
πρεσβυτατουσ;;1
εκκεκομισμενοι;;1
εγκαταλελειμμενοι;;1
σιτοποιοι;;1
δουλοσ;;1
ελευθεροσ;;1
πολιορκια;;1
κατεσκευασθη;;1
επιστρατειαι;;1
ξενοφων;;1
προσπεμψαντων;;1
επεξελθουσησ;;1
νικωσι;;1
κρουσιδοσ;;1
επιβοηθουσιν;;1
προσγιγνομενοισ;;1
ταξεισ;;1
σκευοφοροισ;;1
προσιππευοντεσ;;1
κομισαμενοι;;1
βοττιαιοι;;1
κεφαλληνιασ;;1
ναυπακ;;1
κνημον;;1
παρασκευα;;1
σαμενωι;;1
ξυμπροθυμουμενοι;;1
σικυωνοσ;;1
ανακτοριου;;1
αμπρακιασ;;1
αφικομενον;;1
εφρου;;1
ρουν;;1
επετησιωι;;1
προστατειαι;;1
αρχικου;;1
φωτιοσ;;1
νικανωρ;;1
θεσπρωτοι;;1
μολοσσουσ;;1
ατιντανασ;;1
σαβυλινθοσ;;1
επιτροποσ;;1
θαρυποσ;;1
παραυαιουσ;;1
οροιδοσ;;1
ορεσται;;1
εβασιλευεν;;1
αντιοχοσ;;1
παραυαιων;;1
οροιδωι;;1
αντιοχου;;1
λιμναιαν;;1
εσβεβληκυιαν;;1
παρεσομενουσ;;1
ερημην;;1
πειθοιεν;;1
δεξιασ;;1
αξιουμενοι;;1
μεμονωμενων;;1
προλοχιζουσι;;1
ενεδραισ;;1
ενεδρων;;1
ουδετερον;;1
οιηθηναι;;1
καταληψομενουσ;;1
ανελαμβανον;;1
ξυμβεβοηθηκεναι;;1
σφενδονωντων;;1
καθισταντων;;1
κινηθηναι;;1
ξυμπαραγενομενων;;1
αναχωρει;;1
ξυμβοηθειαν;;1
ξυμβοηθωσιν;;1
ετηρει;;1
στρατιωτικωτερον;;1
αντιπαρα;;1
διαβαλλοντεσ;;1
ευηνου;;1
αφορμισαμενοι;;1
μαχαων;;1
ισοκρατησ;;1
αγαθαρχιδασ;;1
πρυμνασ;;1
εκπλεοιεν;;1
χρωι;;1
εμβαλειν;;1
ξυμπεσεισθαι;;1
εκπνευσειεν;;1
αναμενων;;1
ησυχασειν;;1
κατηιει;;1
προσκειμενων;;1
εταρασσοντο;;1
κοντοισ;;1
διεωθουντο;;1
αντιφυλακηι;;1
λοιδοριαι;;1
κατηκουον;;1
παραγγελλομενων;;1
κελευστων;;1
κλυδωνι;;1
απειθεστερασ;;1
στρατηγιδων;;1
ταραχησ;;1
πατρασ;;1
δυμην;;1
αναθεντεσ;;1
ποσειδωνι;;1
πακτον;;1
δυμησ;;1
τιμοκρατη;;1
λυκοφρονα;;1
αντιτιθεντεσ;;1
κνημου;;1
προσπεριηγγειλαν;;1
προυπαρχουσασ;;1
αγγελουντασ;;1
φρασοντασ;;1
ναυμαχησειν;;1
κομιζοντι;;1
προσεπεστειλαν;;1
κρησ;;1
γορτυνιοσ;;1
κυδωνιαν;;1
προσποιησειν;;1
πολιχνιταισ;;1
ομοροισ;;1
πολιχνιτων;;1
ενδιετριψεν;;1
παρεπλευσε;;1
μολυκρικον;;1
ωρμισατο;;1
μαχησεν;;1
διεχετον;;1
λασσησ;;1
πανορμου;;1
ριων;;1
ξυνεκαλεσαν;;1
τεκμαρσιν;;1
επλεομεν;;1
ναυμαχουντασ;;1
εσφηλεν;;1
προσεγενετο;;1
αμβλυνεσθαι;;1
τυχαισ;;1
σφαλλεσθαι;;1
ανδρειουσ;;1
ανδρειου;;1
προβαλλομενουσ;;1
προυχετε;;1
φοβεισθε;;1
ανδρειαν;;1
επιτελειν;;1
εμαθεν;;1
ευψυχιασ;;1
ισχυει;;1
αλκησ;;1
εμπειροτερον;;1
αντιταξασθε;;1
παρεσκευασμενων;;1
κρα;;1
ευρισκομεν;;1
σφαλλομενουσ;;1
ημαρτομεν;;1
κυβερνηται;;1
επεσθε;;1
προλειποντεσ;;1
προσταχθηι;;1
παρασκευασομεν;;1
βουληθηι;;1
κολασθησεται;;1
πρεπουσηι;;1
τιμησονται;;1
προσηκουσιν;;1
αθλοισ;;1
ορρωδιαν;;1
προπαρεσκευαζε;;1
επιπλεηι;;1
υπομενετεον;;1
ειληφεσαν;;1
πεφοβημενουσ;;1
ξυνεκαλεσα;;1
ορρωδιαι;;1
προνενικησθαι;;1
προσερχονται;;1
ανδρειοισ;;1
προφερουσι;;1
θρασυτεροι;;1
προσαγουσι;;1
ησσηθεντεσ;;1
δεισητε;;1
προνενικηκεναι;;1
αντιτολμωσιν;;1
επεσεν;;1
ουδετερου;;1
μετεχομεν;;1
εσπλευσομαι;;1
ανεπιστημονασ;;1
εμπειροισ;;1
επιπλευσειε;;1
εμβολην;;1
προσοψιν;;1
αποχωρησειεν;;1
πιεζομενοσ;;1
αναστροφαι;;1
πεζομαχιαν;;1
προνοιαν;;1
ευτακτοι;;1
εφορμησεωσ;;1
σιγην;;1
αμυνεσθε;;1
προειργασμενων;;1
αναμιμνηισκω;;1
ησσημενων;;1
ηγουμενωι;;1
επιβοηθων;;1
παραπλεοι;;1
περικληισειαν;;1
αναγομενουσ;;1
εμβιβασασ;;1
επιστρεψαντεσ;;1
μετωπηδον;;1
αποληψεσθαι;;1
υπεκφευγουσι;;1
επικαταλαβοντεσ;;1
υποφευγουσασ;;1
εξενευσαν;;1
παραβοηθησαντεσ;;1
ελκομενασ;;1
υπεξεφυγον;;1
προκαταφυγουσαι;;1
αντιπρωροι;;1
απολλωνιον;;1
πλεωσιν;;1
επαιανιζον;;1
εδιωκε;;1
λευκαδια;;1
ολκασ;;1
ορμουσα;;1
φθασασα;;1
περιπλευσασα;;1
λευκαδιαι;;1
διωκουσηι;;1
εμβαλλει;;1
μεσηι;;1
καταδυει;;1
καθεισαι;;1
αντεφορμησιν;;1
ωκειλαν;;1
κελευσματοσ;;1
ανεδησαντο;;1
εσφαξεν;;1
εξεπεσεν;;1
ναυπακτιων;;1
υποσπονδα;;1
φορμιωνι;;1
αναχωρησαν;;1
διδαξαντων;;1
αφυλακτοσ;;1
ακληιστοσ;;1
κωπην;;1
υπηρεσιον;;1
τροπωτηρα;;1
καθελκυσαντασ;;1
προφυλασσον;;1
προσδοκια;;1
επιπλευσειαν;;1
αφειλκυσαν;;1
εσπεπλευκεναι;;1
ηιρησθαι;;1
κατοκνησαι;;1
εκωλυσεν;;1
καθελκυσθεισαι;;1
στεγουσαι;;1
κληισει;;1
επιμελειαι;;1
οδρυσησ;;1
υποσχεσεισ;;1
αναπραξαι;;1
διαλλαξειεν;;1
πιεζομενον;;1
αδελφον;;1
καταγαγοι;;1
επετελει;;1
ωμολογηκει;;1
αμυνταν;;1
πλειστηι;;1
ανιστησιν;;1
αιμου;;1
υπερβαντι;;1
αιμον;;1
γετασ;;1
κατωικητο;;1
ιππο;;1
παρεκαλει;;1
ορεινων;;1
διοι;;1
ροδοπην;;1
αγριανασ;;1
παιονικα;;1
αγριανων;;1
ωριζετο;;1
τρηρεσ;;1
ωριζον;;1
τιλαταιοι;;1
παρηκουσι;;1
οσκιου;;1
νεστοσ;;1
εβροσ;;1
εχομενον;;1
ιστηται;;1
στρογγυληι;;1
ιστρον;;1
ευζωνοσ;;1
ταιοσ;;1
ευζωνωι;;1
ανυσαι;;1
προσηξαν;;1
βασιλευσασ;;1
χρυσοσ;;1
αργυροσ;;1
προσεφερετο;;1
υφαντα;;1
λεια;;1
παραδυναστευουσι;;1
γενναιοισ;;1
αιτηθεντα;;1
αιτησαντα;;1
ιονιου;;1
ευδαιμονιαι;;1
σκυθων;;1
εξισουσθαι;;1
ομογνωμονουσι;;1
ευβουλιαν;;1
ομοιουνται;;1
κερκινησ;;1
μεθοριον;;1
σιντων;;1
τεμων;;1
διιοντεσ;;1
σιντουσ;;1
μαιδουσ;;1
δοβηρον;;1
παιονικην;;1
απεγιγνετο;;1
προσεγιγνετο;;1
απαρακλητοι;;1
μυριαδων;;1
τριτημοριον;;1
ιππικου;;1
οδρυσαι;;1
μαχαιροφοροι;;1
ξυμμεικτοσ;;1
φοβερωτατοσ;;1
ηκολουθει;;1
ξυνηθροιζοντο;;1
δοβηρωι;;1
κορυφην;;1
εσβαλουσιν;;1
λυγκησται;;1
ελιμιωται;;1
επανωθεν;;1
αλεξανδροσ;;1
τημενιδαι;;1
εβασιλευσαν;;1
πιεριασ;;1
πιερασ;;1
παγγαιον;;1
φαγρητα;;1
πιερικοσ;;1
κολποσ;;1
παγγαιωι;;1
βοττιασ;;1
παιονιασ;;1
στενην;;1
καθηκουσαν;;1
αξιου;;1
εορδιασ;;1
εορδουσ;;1
φυσκαν;;1
κατωικηται;;1
αλμωπιασ;;1
αλμωπασ;;1
βισαλτιαν;;1
μακεδονια;;1
εσεκομισθησαν;;1
αρχελαοσ;;1
ωικοδομησε;;1
κρεισσονι;;1
βασιλησ;;1
δοβηρου;;1
ειδομενην;;1
γορτυνιαν;;1
αμυντου;;1
προσχωρουντα;;1
ευρωπον;;1
κυρρου;;1
βοττιαιαν;;1
πιεριαν;;1
προσμεταπεμψαμενοι;;1
προσπεσοιεν;;1
υπεμενεν;;1
τεθωρακισμενουσ;;1
περικληιομενοι;;1
πολλαπλασιωι;;1
ομιλωι;;1
καθημενου;;1
μαγνητεσ;;1
παναιοι;;1
οδομαντοι;;1
δρωοι;;1
δερσαιοι;;1
αγομενοι;;1
χωρησωσιν;;1
επεχων;;1
εταλαιπωρει;;1
αδελφιδου;;1
δυναμενου;;1
σευθην;;1
προσποιειται;;1
στρατονικην;;1
σευθηι;;1
αστακου;;1
κοροντων;;1
κυνητα;;1
θεολυτου;;1
κοροντα;;1
καταγαγοντεσ;;1
αχελωιοσ;;1
πινδου;;1
δολοπιασ;;1
ακαρνανικου;;1
εξιεισ;;1
περιλιμναζων;;1
εχιναδων;;1
εκβολων;;1
απεχουσαι;;1
προσχοι;;1
ηπειρωνται;;1
θολερον;;1
σκεδαννυσθαι;;1
ξυνδεσμοι;;1
παραλλαξ;;1
στοιχον;;1
κειμεναι;;1
αλκμεωνι;;1
αλασθαι;;1
φονον;;1
υπειποντα;;1
λυσιν;;1
δειματων;;1
κατοικισηται;;1
εωρατο;;1
μεμιασμενησ;;1
προσχωσιν;;1
κεχωσθαι;;1
διαιτα;;1
κτεινασ;;1
επλανατο;;1
κατοικισθεισ;;1
τοπουσ;;1
εδυναστευσε;;1
ακαρνανοσ;;1
εγκατελιπεν;;1
αλκμεωνα;;1
παρελαβομεν;;1
ελυθησαν;;1
ακμαζοντι;;1
παρεικοι;;1
προεξιοντασ;;1
χωσιν;;1
οικοδομησιν;;1
ποιησιν;;1
τελεσθηναι;;1
μεταπεμπομενοι;;1
προξενοι;;1
μηνυται;;1
ξυνοικιζουσι;;1
επειγονται;;1
προκαταληψεται;;1
στερησεσθαι;;1
τεταλαιπωρημενοι;;1
προσπολεμωσασθαι;;1
ακεραιον;;1
απεδεχοντο;;1
κατηγοριασ;;1
νεμοντεσ;;1
ξυνοικισιν;;1
διαλυειν;;1
κλειππιδησ;;1
δεινιου;;1
μαλοεντοσ;;1
εορταζουσι;;1
επειχθεντασ;;1
επιπεσειν;;1
πειθομενων;;1
γεραιστον;;1
τριταιοσ;;1
μαλοεντα;;1
ημιτελεστα;;1
φαρξαμενοι;;1
εσακουοντων;;1
καταδιωχθεντεσ;;1
επιεικει;;1
αποπεμψασθαι;;1
ανοκωχην;;1
διαβαλλοντων;;1
μετεμελεν;;1
νεωτεριουντων;;1
μαλεαι;;1
προχωρησειν;;1
ταλαιπωρωσ;;1
εβεβοηθηκεσαν;;1
μελεασ;;1
ερμαιωνδασ;;1
θηβαιοσ;;1
προαπεσταλησαν;;1
επιρρωσθεντεσ;;1
προσεκαλουν;;1
περιορμισαμενοι;;1
εφορμουσ;;1
λιμεσιν;;1
μαλεα;;1
ασωπιον;;1
ξυγγενη;;1
παραπλεουσαι;;1
ασωπιοσ;;1
νηρικον;;1
φρου;;1
ρων;;1
εκπεμφθεντεσ;;1
βουλευσωνται;;1
ολυμπιαν;;1
ολυμπιασ;;1
ροδιοσ;;1
καθεστοσ;;1
μονιοι;;1
αξιωσισ;;1
αφισταμενοι;;1
διακρινοιντο;;1
επιεικησ;;1
μηδεμια;;1
υπαρχοι;;1
δοξωμεν;;1
αφισταμεθα;;1
γιγνομενην;;1
κοινωνιαν;;1
δοκουσησ;;1
διαλλασσοντι;;1
απολιποντων;;1
παραμειναντων;;1
ειπομεθα;;1
εωρωμεν;;1
ανιεντασ;;1
επαγομενουσ;;1
αδεεισ;;1
πολυψηφιαν;;1
ξυνεστρα;;1
τευσαμεν;;1
ειχομεν;;1
προγιγνομενοισ;;1
στρεψασθαι;;1
βεβαιοτεροι;;1
ομιλουντεσ;;1
εικον;;1
ημετερου;;1
αντισουμενου;;1
ερημο;;1
τεροι;;1
ελειφθημεν;;1
καταληπτα;;1
μαρτυριωι;;1
ισοψηφουσ;;1
λιποντεσ;;1
περιηιρη;;1
εχειρωσαντο;;1
περιεγιγνομεθα;;1
ελευθερια;;1
πιστη;;1
υπεδεχομεθα;;1
ησυχιαι;;1
εποιουμεν;;1
κατεχομενοι;;1
οποτεροισ;;1
προαποσταντεσ;;1
ανταναμειναντεσ;;1
αντιμελλησαι;;1
προαμυνασθαι;;1
προφασεισ;;1
απεστημεν;;1
σαφεισ;;1
ακουουσι;;1
εδρασαμεν;;1
επεμψαμεν;;1
κωλυθεντασ;;1
προυκαλεσαντο;;1
υπηκουσαμεν;;1
ενομιζομεν;;1
προποιησαι;;1
εφθαραται;;1
τεταχαται;;1
επεσβαλητε;;1
αποχωρησονται;;1
απειναι;;1
προσοδοσ;;1
δεινο;;1
προσληψεσθε;;1
προσδει;;1
καθαιρησετε;;1
υφαιρουντεσ;;1
προσχωρησεται;;1
αποφευξεσθε;;1
αισχυνθεντεσ;;1
ολυμπιον;;1
επαμυνατε;;1
παραβαλλομενουσ;;1
κατορθωσαι;;1
δωσοντασ;;1
κοινοτεραν;;1
σφαλησομεθα;;1
γιγνεσθε;;1
οιουσπερ;;1
προσδεξαμενοι;;1
λεσβιουσ;;1
μερεσιν;;1
ποιησομενοι;;1
ολκουσ;;1
υπεροισοντεσ;;1
ξυγκομιδηι;;1
αρρωστιαι;;1
καταγνωσιν;;1
εγνωκασιν;;1
πεντακοσιομεδιμνων;;1
αναγαγοντεσ;;1
ηγγελλοντο;;1
περιοικιδα;;1
πορθουσαι;;1
επηγγελλον;;1
προσεταξαν;;1
επιπλευσεσθαι;;1
ενεργοι;;1
καλλει;;1
παραπλησιαι;;1
ετεραι;;1
υπανηλωσε;;1
διδραχμοι;;1
υπηρετηι;;1
διεπολιορκησαν;;1
προαπηλθον;;1
υπανηλωθη;;1
αντισσησ;;1
πυρρασ;;1
ερεσου;;1
κρατυναντεσ;;1
εκβοηθειασ;;1
αντισσαιων;;1
επικουρου;;1
περιτειχιζουσι;;1
απλωι;;1
καρτερων;;1
εγκατωικοδομηται;;1
ειργετο;;1
ηρχετο;;1
εσενεγκοντεσ;;1
εσφοραν;;1
αργυρολογουσ;;1
λυσικλεα;;1
ηργυρολογει;;1
μυουντοσ;;1
σανδιου;;1
καρων;;1
αναιιτων;;1
επιλειποντι;;1
επιβου;;1
λευουσιν;;1
ξυμπολιορκουμενοι;;1
υπερβηναι;;1
εσηγησαμενων;;1
θεαινετου;;1
μαντεωσ;;1
ευπομπιδου;;1
δαιμαχου;;1
απωκνησαν;;1
ξυνεμετρησαντο;;1
επιβολαισ;;1
πλινθων;;1
εξαληλιμμενον;;1
ηριθμουντο;;1
αριθμουντεσ;;1
απεχοντεσ;;1
καθορωμενου;;1
ξυμμετρησιν;;1
κλιμακων;;1
παχουσ;;1
πλινθου;;1
εικα;;1
οικοδομησει;;1
περιβολοι;;1
φυλαξιν;;1
διανενεμημενα;;1
ξυνεχη;;1
παχυ;;1
πυργοι;;1
ισοπλατεισ;;1
διηκοντεσ;;1
μετωπον;;1
παροδον;;1
διηισαν;;1
νοτεροσ;;1
απελειπον;;1
στεγανων;;1
περιεφρουρουντο;;1
ασεληνον;;1
περιειχεν;;1
σκοτεινον;;1
προιδοντων;;1
ψοφωι;;1
αντιπαταγουντοσ;;1
κατακου;;1
διεχοντεσ;;1
κρουομενα;;1
αλληλα;;1
παρεχοι;;1
ευσταλεισ;;1
οπλισει;;1
ποδα;;1
υποδεδεμενοι;;1
μεταπυργιον;;1
ξιφιδιωι;;1
θωρακι;;1
αμμεασ;;1
κοροιβου;;1
προσβαινοιεν;;1
αντιλαμβανομενοσ;;1
κεραμιδα;;1
πεσουσα;;1
δουπον;;1
σκοτεινησ;;1
υπολελειμμενοι;;1
τουμπαλιν;;1
τακτο;;1
παραβοηθειν;;1
παρανισχον;;1
φρυκτουσ;;1
ασαφη;;1
φρυκτωριασ;;1
αντιλαβοιντο;;1
υπερβαινοντεσ;;1
πυργου;;1
εκεκρατηκεσαν;;1
ενσταντεσ;;1
επαναβιβασαντεσ;;1
επιβοηθουντασ;;1
απωσαντεσ;;1
μεταπυργιου;;1
διακομιζομενοσ;;1
ιστατο;;1
ηκοντιζον;;1
παραβοηθων;;1
κωλυτησ;;1
διεπεπεραιωντο;;1
καταβαινοντεσ;;1
επεφεροντο;;1
σκοτουσ;;1
εστωτεσ;;1
καθεωρωντο;;1
υστατοι;;1
κρυσταλλοσ;;1
βεβαιοσ;;1
απηλιωτου;;1
βορεου;;1
υδατωδησ;;1
υπονειφομενη;;1
επεποιηκει;;1
διαφευξισ;;1
ανδροκρατουσ;;1
ηρωιον;;1
υποτοπησαι;;1
κιθαιρωνα;;1
δρυοσ;;1
κεφαλασ;;1
λαμπαδων;;1
επειθ;;1
υποστρεψαντεσ;;1
διαφευγουσιν;;1
τοξοτησ;;1
αποτραπομενων;;1
περιεστι;;1
υπερβαντεσ;;1
εκπεμπεται;;1
χαραδραν;;1
υπερβατον;;1
προεδροισ;;1
προαποπεμφθηναι;;1
επιμελησομενοσ;;1
εθαρσουν;;1
θορυβουμενοι;;1
καταπλεουσαισ;;1
τετμημενα;;1
εβεβλαστηκει;;1
εσβολαισ;;1
παρελελειπτο;;1
επιμενοντεσ;;1
πευσεσθαι;;1
πεπεραιωμενων;;1
ενεχρονιζον;;1
οπλιζει;;1
επεξιων;;1
ηκροωντο;;1
ξυλλογουσ;;1
διανεμειν;;1
ξυγχωρησαντεσ;;1
αποκωλυειν;;1
απομονωθησονται;;1
κινδυνευσοντεσ;;1
ελθωσι;;1
δησαι;;1
ηνεσχοντο;;1
κατατιθεται;;1
τενεδον;;1
προσεκτησατο;;1
σχολαιοι;;1
ικαρωι;;1
μυκονωι;;1
μυτιληνηι;;1
εαλωκυιαι;;1
τευτιαπλοσ;;1
ηλειοσ;;1
αλκιδα;;1
εκπυστουσ;;1
ευρησομεν;;1
διεσπαρθαι;;1
προσπεσοιμεν;;1
καταληφθηναι;;1
αποκνησωμεν;;1
κενον;;1
φυλασσοιτο;;1
ενορων;;1
επιχειροιη;;1
ξυμπλεοντεσ;;1
υφελωσι;;1
εφορμωσι;;1
δαπανη;;1
πισσουθνην;;1
υστερηκει;;1
εμβατου;;1
προσσχων;;1
μυοννησωι;;1
ειληφει;;1
απεσφαξε;;1
καθορμισαμενου;;1
αναιων;;1
ανταιρομενουσ;;1
παυσεται;;1
αξεσθαι;;1
επεισθη;;1
αφηκε;;1
βαλειν;;1
εφεσου;;1
παραλου;;1
κλαρον;;1
ορμων;;1
σχησων;;1
παχητι;;1
αφικνειτο;;1
πορθωσιν;;1
αυταγγελοι;;1
ιδουσαι;;1
κλαρωι;;1
εφρασαν;;1
πατμου;;1
καταληψει;;1
ενομισεν;;1
μετεωροισ;;1
περιετυχεν;;1
εγκαταληφθεισαι;;1
παραπλεων;;1
κολοφωνιοι;;1
εαλωκυιασ;;1
ιταμανουσ;;1
επαχθεντων;;1
νοτιωι;;1
κατοικησαντεσ;;1
ξυνεσελθοντεσ;;1
υπεξελθοντεσ;;1
προκαλεσαμενοσ;;1
αρεσκον;;1
λεγηι;;1
υγια;;1
αδεσμωι;;1
προσδεχο;;1
κατατοξευει;;1
κολοφωνιοισ;;1
μηδισαντων;;1
παρεστησατο;;1
κεκρυμμενον;;1
τενεδου;;1
σαλαιθου;;1
παρεχομενον;;1
ηβωσι;;1
προσξυνελαβοντο;;1
τολμησασαι;;1
παρακινδυνευσαι;;1
δεδογμενων;;1
μετανοια;;1
αναλογισμοσ;;1
ωμον;;1
εγνωσθαι;;1
παρεσκευασαν;;1
ενενικηκει;;1
βιαιοτατοσ;;1
εγνων;;1
μεταμελειαι;;1
αδεεσ;;1
ανεπιβουλευτον;;1
αμαρτητε;;1
ενδωτε;;1
επικινδυνωσ;;1
μαλακιζεσθαι;;1
χαριζησθε;;1
περιγενησθε;;1
γνωσομεθα;;1
ακινητοισ;;1
χρωμενη;;1
ακυροισ;;1
δεξιοτησ;;1
ξυνετωτερουσ;;1
σοφωτεροι;;1
δηλωσαντεσ;;1
σφαλλουσι;;1
αμαθεστεροι;;1
αδυνατωτεροι;;1
μεμψασθαι;;1
αγωνισται;;1
ορθουνται;;1
δεινοτητι;;1
επαιρομενουσ;;1
προθεντων;;1
διατριβην;;1
εμποιησαντων;;1
ηδικηκοτων;;1
δρασαντι;;1
αμβλυτεραι;;1
αναλαμβανει;;1
αξιωσων;;1
βλαβασ;;1
καθισταμενασ;;1
ανταποφηναι;;1
εγνωσται;;1
αγωνισαιτ;;1
εκπονησασ;;1
παραγειν;;1
διδωσιν;;1
αναφερει;;1
αγωνοθετουντεσ;;1
θεαται;;1
ακροαται;;1
δρασθεν;;1
ακουσθεν;;1
επιτιμησαντων;;1
καινοτητοσ;;1
απατασθαι;;1
δεδοκιμασμενου;;1
ξυνεπεσθαι;;1
ατοπων;;1
υπεροπται;;1
ανταγωνιζομενοι;;1
ακολουθησαι;;1
προεπαινεσαι;;1
προνοησαι;;1
ζητουντεσ;;1
ζωμεν;;1
σοφιστων;;1
θεαταισ;;1
εοικοτεσ;;1
ηδικηκοτασ;;1
ειργασαντο;;1
πασχοντων;;1
εζητησαν;;1
αντεπολεμησαν;;1
εχειρωθησαν;;1
ευδαιμονια;;1
θρασεισ;;1
ηραντο;;1
ειωθε;;1
απροσδοκητοσ;;1
υβριν;;1
τρεπειν;;1
ευτυχουντα;;1
ασφαλεστερα;;1
απωθουνται;;1
ευδαιμονιαν;;1
τετιμησθαι;;1
εξυβρισαν;;1
θεραπευον;;1
υπερφρονειν;;1
υπεικον;;1
κολασθεντων;;1
προστεθηι;;1
απολυσητε;;1
τραπομενοισ;;1
αναγκασθεισιν;;1
εκουσιν;;1
προσθησετε;;1
οντινα;;1
κατορθωσαντι;;1
ελευθερωσισ;;1
σφαλεντι;;1
αποκεκινδυνευσεται;;1
ψυχαι;;1
στερησεσθε;;1
υπαρχουσιν;;1
καθεστηκοσι;;1
ωνητην;;1
ανθρωπινωσ;;1
διαμαχομαι;;1
προδεδογμενα;;1
αξυμφορωτατοισ;;1
ελεοσ;;1
δικαιοσ;;1
αντιδιδοσθαι;;1
αντοικτιουντασ;;1
τερποντεσ;;1
ρητορεσ;;1
ησθεισα;;1
ζημιωσεται;;1
αντιληψονται;;1
επιτη;;1
δειουσ;;1
διδοται;;1
υπολειπομενουσ;;1
χαριεισθε;;1
δικαιωσεσθε;;1
αρχοιτε;;1
παυεσθαι;;1
ανδραγαθιζεσθαι;;1
αξιωσατε;;1
αναλγητοτεροι;;1
διαφευγοντεσ;;1
επιβουλευσαντων;;1
κρατη;;1
προυπαρξαντασ;;1
επεξερχονται;;1
διολλυναι;;1
υφορωμενοι;;1
υπολειπομενου;;1
χαλεπωτεροσ;;1
προδοται;;1
γενησθε;;1
αμνημονουντεσ;;1
κολασατε;;1
καταστησατε;;1
αφιστηται;;1
θανατωι;;1
ζημιωσομενον;;1
αμελησαντεσ;;1
μαχεισθε;;1
ευκρατουσ;;1
προθεντασ;;1
διαγνωμην;;1
μυτι;;1
ληναιων;;1
αιτιωμαι;;1
μεμφομενουσ;;1
επαινω;;1
εναντιωτατα;;1
ευβουλιαι;;1
απαιδευσιασ;;1
βραχυτητοσ;;1
διαμαχεται;;1
εμφανουσ;;1
εκπληξαι;;1
χαλεπωτατοι;;1
προσκατηγορουντεσ;;1
κατηιτιωντο;;1
αξυνετωτεροσ;;1
αδικωτεροσ;;1
απεχωρει;;1
επιφερομενησ;;1
γι;;1
γνεται;;1
αποστερειται;;1
ξυμβουλων;;1
πεισθειεν;;1
εκφοβουντα;;1
βουλευοντι;;1
προστιθεναι;;1
ελασσουν;;1
ζημιουν;;1
κατορθων;;1
λεγοι;;1
ορεγοιτο;;1
δρωμεν;;1
υποπτευηται;;1
φθονησαντεσ;;1
αφαιρουμεθα;;1
καθεστηκε;;1
ανυποπτοτερα;;1
ψευσαμενον;;1
περινοιασ;;1
εξαπατησαντα;;1
ανθυποπτευεται;;1
αφανωσ;;1
προνοουντασ;;1
υπευθυνον;;1
ανευθυνον;;1
εκρινετε;;1
τυχητε;;1
ζημιουτε;;1
ξυνεξημαρτον;;1
κατηγορησων;;1
ευβουλιασ;;1
αποφηνω;;1
κελευσω;;1
ισχυριζεται;;1
προθεισι;;1
αντισχυριζομενοσ;;1
απωσασθαι;;1
δικαιοτεροσ;;1
επισπασαιτο;;1
δικαζομεθα;;1
βουλευομεθα;;1
προκεινται;;1
καταγνουσ;;1
επιβουλευματι;;1
αφισταμενη;;1
απειρξει;;1
διεξεληλυθασι;;1
ζημιων;;1
προστιθεντεσ;;1
μαλακωτερασ;;1
παραβαινομενων;;1
ανηκουσιν;;1
παραβαινεται;;1
ευρετεον;;1
επισχει;;1
πενια;;1
παρεχουσα;;1
εκαστη;;1
κατεχεται;;1
ανηκεστου;;1
εφεπομενη;;1
εκφροντιζων;;1
ξυμβαλλεται;;1
επαιρειν;;1
παρισταμενη;;1
εδοξασεν;;1
ευηθειασ;;1
ορμωμενησ;;1
αποτροπην;;1
εχεγγυωι;;1
αποστασα;;1
γνωι;;1
περιεσομενη;;1
δυνατη;;1
υποτελειν;;1
παρασκευασεσθαι;;1
παρατενεισθαι;;1
τουσχατον;;1
αξυμβατον;;1
ελωμεν;;1
εξαμαρτανοντων;;1
ακριβεισ;;1
κολαζοντεσ;;1
ισχυουσαισ;;1
επιμελειασ;;1
αποσταντα;;1
χειρωσωμεθα;;1
αμαρτανοιτε;;1
ξυναφισταται;;1
βιασθηι;;1
αποστησασι;;1
αντικαθισταμενησ;;1
διαφθερειτε;;1
μετεσχε;;1
αδικησετε;;1
καταστησετε;;1
αφισταντεσ;;1
προδειξαντων;;1
προσποιεισθαι;;1
ξυμφορωτερον;;1
καθεξιν;;1
παραινουμενων;;1
φοβερα;;1
ανοιαι;;1
ρηθεισων;;1
χειροτονιαι;;1
αγχωμαλοι;;1
διοδοτου;;1
φθασασησ;;1
ευρωσι;;1
προειχε;;1
παρασκευασαντων;;1
υποσχομενων;;1
ησθιον;;1
οινωι;;1
ελαιωι;;1
πεφυραμενα;;1
ηλαυνον;;1
εναντιωθεντοσ;;1
αλλοκοτον;;1
επειγομενησ;;1
εφθασε;;1
ανεγνωκεναι;;1
δρασειν;;1
δεδογμενα;;1
επικαταγεται;;1
παρελα;;1
βον;;1
κληρουσ;;1
ιερουσ;;1
εξειλον;;1
κληρουχουσ;;1
λαχοντασ;;1
κληρου;;1
ενοικοδομησαντεσ;;1
λανθανοντεσ;;1
εκπομπαισ;;1
πυργω;;1
προυχοντε;;1
απετειχιζε;;1
τεναγουσ;;1
επιβοηθεια;;1
χουσηι;;1
ξυγχω;;1
ροιεν;;1
αποδιδοσθαι;;1
αναδοτοσ;;1
ασθενεστατωι;;1
ετρεφον;;1
προυτεθη;;1
επικαλεσαμενοι;;1
προταξαντεσ;;1
αστυμαχον;;1
ασωπολαου;;1
λακωνα;;1
παραδοσιν;;1
εποιησαμεθα;;1
υφεξειν;;1
νομιμωτεραν;;1
ημαρτηκαμεν;;1
δεινοτατων;;1
υποπτευομεν;;1
κοινοι;;1
αποβητε;;1
προκατηγοριασ;;1
προγεγενημενησ;;1
ψευδη;;1
αναγκαζομεθα;;1
ρηθεισ;;1
ωδ;;1
σωτη;;1
ριοσ;;1
αγνωτεσ;;1
επεσενεγκαμενοι;;1
μαρτυρια;;1
ωφελουμεθ;;1
λελεξεται;;1
προκαταγνοντεσ;;1
διεγνωσμενην;;1
καθιστωμεθα;;1
δεδραμενων;;1
ερωτατε;;1
παθοντασ;;1
αμαρτα;;1
επιστρατευσαντασ;;1
ξυνεπιθεμενοι;;1
ελευ;;1
θεριαν;;1
εναυμαχησαμεν;;1
αρτεμισιωι;;1
παρεγενομεθα;;1
μετεσχομεν;;1
εξεπεμψαμεν;;1
απεωσασθε;;1
εκελευετε;;1
αποικουντων;;1
εκπρεπεστερον;;1
επαθετε;;1
εμελλησατε;;1
ηθελησαμεν;;1
ηδικουμεν;;1
απωκνειτε;;1
δεομενοσ;;1
προσηγαγετο;;1
μετελαβεν;;1
εδρατο;;1
πασχομεν;;1
καταλαμβανοντασ;;1
ετιμωρησαμεθα;;1
οσιον;;1
αμυ;;1
νεσθαι;;1
χρησιμωι;;1
ληψεσθε;;1
ορθου;;1
φανεισθε;;1
αληθεισ;;1
επεφερεν;;1
ημαρτηται;;1
αντιθειναι;;1
ευρησετε;;1
σπανιον;;1
αντιταξασθαι;;1
επηινουντο;;1
εθελοντεσ;;1
τιμηθεντεσ;;1
διαφθαρωμεν;;1
κερδαλεωσ;;1
γιγνωσκοντασ;;1
καθιστηται;;1
προσκεψασθε;;1
νομιζεσθε;;1
κρινειτε;;1
επαινουμενοι;;1
αποδεξωνται;;1
ευεργετων;;1
ανατεθηναι;;1
πορθησαι;;1
εξαλειψαι;;1
προκεχωρηκαμεν;;1
απωλλυμεθα;;1
φιλτατοισ;;1
ησσωμεθα;;1
υπεστημεν;;1
διαφθα;;1
ρηναι;;1
περιεωσμεθα;;1
ξυμμαχικων;;1
καμφθηναι;;1
δωρεαν;;1
ανταπαιτησαι;;1
αισχρασ;;1
δοντασ;;1
δυσκλειαν;;1
αφανισαι;;1
τιμωρη;;1
σεσθε;;1
πολεμησαντασ;;1
δικαζοιτε;;1
προνοουντεσ;;1
αποβλεψατε;;1
ταφεντασ;;1
ετιμωμεν;;1
εσθημασι;;1
ανεδιδου;;1
ωραια;;1
απαρχασ;;1
ομαιχμοισ;;1
δρασαιτε;;1
εθαπτεν;;1
τιθεναι;;1
κτενειτε;;1
θηβαιδα;;1
αυθενταισ;;1
καταλειψετε;;1
ηλευθερωθησαν;;1
δουλωσετε;;1
ερημουτε;;1
εσσαμενων;;1
αφαιρησεσθε;;1
προγονουσ;;1
αδικηθεντασ;;1
φεισασθαι;;1
επικλασθηναι;;1
σωφρονι;;1
πεισομεθα;;1
δεινοτητα;;1
κατανοουντασ;;1
ωιτινι;;1
ποτ;;1
αναξιωι;;1
ξυμπεσοι;;1
χρεια;;1
ομοβωμιουσ;;1
προφερομενοι;;1
πατρωιων;;1
ταφων;;1
επικαλουμεθα;;1
κεκμηκοτασ;;1
φιλτατοι;;1
αναμιμνηισκομεν;;1
λαμπροτατα;;1
χαλεπωτατον;;1
τελευταν;;1
παυομενοι;;1
ειλομεθα;;1
αισχιστωι;;1
προσηλθομεν;;1
πειθομεν;;1
ξυντυχοντα;;1
επισκηπτομεν;;1
προθυμοτατοι;;1
πιστεωσ;;1
σωτηρασ;;1
ενδωσι;;1
μακροτεροσ;;1
εδοθη;;1
αποκρισεωσ;;1
εκελευσαν;;1
ερωτηθεν;;1
προκειμενων;;1
ηιτιαμενων;;1
εμεμψατο;;1
κακια;;1
κρινητε;;1
ξυμμεικτουσ;;1
εσχομεν;;1
εταχθη;;1
ηγεμονευεσθαι;;1
προσηναγκαζοντο;;1
αντεπασχον;;1
λοιδορουσιν;;1
αττικισαι;;1
ισονομον;;1
πολιτευουσα;;1
σωφρονεστατωι;;1
εναντιωτατον;;1
δυναστεια;;1
δρων;;1
κατεχοντεσ;;1
επραξεν;;1
ονειδισαι;;1
ημαρτεν;;1
μηδοσ;;1
πειρωμενων;;1
ηλευθερωσαμεν;;1
ξυνελευθερουμεν;;1
απολογουμεθα;;1
ξυνεπιεναι;;1
προσηγεσθε;;1
προβαλλεσθε;;1
αδικωτερον;;1
ξυνωμοσατε;;1
καταδουλουμενουσ;;1
απηλλαγμενην;;1
ξυνεργοι;;1
κατεστητε;;1
χαριτασ;;1
αντιδιδοναι;;1
δικαιοσυνησ;;1
οφειληθεισασ;;1
αδικιαν;;1
αποδιδομενασ;;1
εποιησατε;;1
ξυναγωνιζεσθε;;1
απελιπετε;;1
παραβαντεσ;;1
ξυγκατεδουλουσθε;;1
ξυνομοσαντων;;1
διεκωλυετε;;1
βιασαμενου;;1
τελευταιαν;;1
προκλησιν;;1
εδεχεσθε;;1
μισοιντο;;1
προυθεσθε;;1
επεδειξατε;;1
εξηλεγχθη;;1
εχωρησατε;;1
ζομεν;;1
εδηιουμεν;;1
γενει;;1
παρανομουσι;;1
επομενων;;1
ανοιξαντεσ;;1
φιλιωσ;;1
αλλοτριουντεσ;;1
οικειουντεσ;;1
επρασσομεν;;1
ηδικησαμεν;;1
κατανοησαντεσ;;1
ανεπιεικεστερον;;1
απεκτεινατε;;1
αλγουμεν;;1
διεφθει;;1
ρατε;;1
ειργασθε;;1
λυθεισαν;;1
ψευσθεισαν;;1
υποσχεσιν;;1
αδικωμεν;;1
ορθα;;1
κολασθησεσθε;;1
επεξηλθομεν;;1
ειδητε;;1
καταγνωσομενοι;;1
οσιωτερον;;1
τετιμωρημενοι;;1
επικλασθητε;;1
αμαρτανουσιν;;1
ωφελεισθων;;1
ανταποφαινομεν;;1
παθουσαν;;1
πρεσβυται;;1
λελειμμενοι;;1
δικαιοτεραν;;1
επιχαρτοι;;1
παρενομησαν;;1
προπαθοντεσ;;1
ανταποδοντεσ;;1
εννομα;;1
αμυνατε;;1
παραβαθεντι;;1
ανομα;;1
παθουσιν;;1
περιωσθωμεν;;1
προθησοντεσ;;1
απαγγελια;;1
αρκει;;1
αμαρτανομενων;;1
κοσμηθεντεσ;;1
κεφαλαιωσαντεσ;;1
διαγνωμασ;;1
ποιησησθε;;1
αδικοισ;;1
πεπονθασι;;1
προειχοντο;;1
δικαιαι;;1
εκσπονδοι;;1
δεδρακοτεσ;;1
απαγοντεσ;;1
εξαιρετον;;1
ξυνεπολιορκουντο;;1
εκπεπτωκοσι;;1
θεμελιων;;1
ηραιωι;;1
καταγωγιον;;1
ποδων;;1
οροφαισ;;1
θυρωμασι;;1
επιπλα;;1
χαλκοσ;;1
κλινασ;;1
κατασκευασαντεσ;;1
ηραι;;1
εκατομπεδον;;1
λιθινον;;1
δημοσιωσαντεσ;;1
απεμισθωσαν;;1
αποτετραμμενοι;;1
καθισταμενον;;1
ενενηκοστωι;;1
επιδιωχθεισαι;;1
κρητηι;;1
κατηνεχθησαν;;1
ξυμβουλον;;1
δαιμονιοι;;1
ημαρτηκεσαν;;1
στασιαζουσαν;;1
προφθασωσι;;1
αφεθεντεσ;;1
οκτακοσιων;;1
προξενοισ;;1
διηγγυημενοι;;1
πεπεισμενοι;;1
αγουσων;;1
εθελοπροξενοσ;;1
προειστηκει;;1
υπαγουσιν;;1
γοντεσ;;1
καταδουλουν;;1
αποφυγων;;1
ανθυπαγει;;1
τεμνειν;;1
χαρακασ;;1
αλκινου;;1
ζημια;;1
χαρακα;;1
στατηρ;;1
οφλοντων;;1
αποδωσιν;;1
εξειργοντο;;1
αναπεισειν;;1
κτεινουσι;;1
βουλευτων;;1
πειθιαι;;1
δουλωθειεν;;1
επικυρωσαι;;1
ξυνεφερε;;1
καταπεφευγοτασ;;1
πεισοντασ;;1
ανεπιτηδειον;;1
επιστροφη;;1
ξυλλεγεισ;;1
διαλιπουσησ;;1
νικαι;;1
βαλλουσαι;;1
κε;;1
ραμωι;;1
υπομενουσαι;;1
κρατησειεν;;1
διαφθειρειεν;;1
εμπιπρασι;;1
ξυνοικιασ;;1
εκινδυνευσε;;1
φλογι;;1
επιφοροσ;;1
κορινθια;;1
κεκρατηκοτοσ;;1
υπεξανηγετο;;1
βοηθων;;1
αποπλευσεσθαι;;1
ξυμπεμψειν;;1
ξυνεχωρησεν;;1
κατελεγον;;1
πεμφθωσι;;1
διοσκορων;;1
οπλισθεισ;;1
επετυχον;;1
εκωλυσε;;1
διακομιζει;;1
ηραιου;;1
διεπεμπετο;;1
διακομιδην;;1
κυλληνησ;;1
εφορμοι;;1
ξυμβουλοσ;;1
ορμισαμενοι;;1
πεφοβημενοι;;1
πληρουμενασ;;1
εξεπεμπον;;1
ηυτομολησαν;;1
ετεραισ;;1
εμπλεοντεσ;;1
περικυκλωσιν;;1
προσεπιπτον;;1
τεταγμεναισ;;1
ταξαμενων;;1
επιβοηθουσι;;1
αναλαβωσιν;;1
ισοψηφου;;1
λευκιμμην;;1
περιδεησ;;1
επιπλευσωσιν;;1
ικεταισ;;1
εφρυκτωρηθησαν;;1
προσπλεουσαι;;1
αλκιδου;;1
μελλουσασ;;1
εκομιζοντο;;1
οφθωσιν;;1
αποκομιζονται;;1
οιχομενασ;;1
περιεκομιζοντο;;1
εκβιβαζοντεσ;;1
απεχρωντο;;1
νατον;;1
επεισθησαν;;1
δενδρων;;1
απηγχοντο;;1
ανηλουντο;;1
καταλυουσιν;;1
οφειλο;;1
λαβοντων;;1
απεσπωντο;;1
εκτεινοντο;;1
περιοικοδομηθεντεσ;;1
ωμη;;1
προσταταισ;;1
πολεμουμενων;;1
προσποιησει;;1
επαγωγαι;;1
επορι;;1
εσομενα;;1
ησυχαιτερα;;1
ειδεσι;;1
διηλλαγμενα;;1
ξυντυχιων;;1
εφιστωνται;;1
ακουσιουσ;;1
πιπτειν;;1
υφελων;;1
εφυστεριζοντα;;1
πυστει;;1
προγενομενων;;1
επεφερε;;1
καινουσθαι;;1
επιχειρησεων;;1
περιτεχνησει;;1
τιμωριων;;1
ατοπιαι;;1
ειωθυιαν;;1
αντηλλαξαν;;1
ανδρεια;;1
φιλεταιροσ;;1
προμηθησ;;1
ευπρεπησ;;1
ανανδρου;;1
εμπληκτωσ;;1
οξυ;;1
μοιραι;;1
προσετεθη;;1
επιβουλευσασθαι;;1
αποτροπησ;;1
ευλογοσ;;1
χαλεπαινων;;1
επιβουλευσασ;;1
δεινοτεροσ;;1
προβουλευσασ;;1
εταιριασ;;1
διαλυτησ;;1
επηινειτο;;1
επικελευσασ;;1
αλλοτριωτερον;;1
ετοιμοτερον;;1
τοιαυται;;1
εκρατυνοντο;;1
ενεδεχοντο;;1
προυχοιεν;;1
γενναιοτητι;;1
αντιτιμωρησασθαι;;1
προπαθειν;;1
ξυναλλαγησ;;1
διδομενοι;;1
θαρσησαι;;1
αφαρκτον;;1
ετιμωρειτο;;1
ελογιζετο;;1
προσελαμβανεν;;1
δεξιοι;;1
κεκληνται;;1
αισχυ;;1
νονται;;1
φιλοτιμιαν;;1
φιλονικειν;;1
καθισταμενων;;1
προσταντεσ;;1
ισονομιασ;;1
πολιτικησ;;1
σωφρονοσ;;1
προτιμησει;;1
ξυμφορου;;1
προτιθεντεσ;;1
οριζοντεσ;;1
ψηφου;;1
καταγνωσεωσ;;1
εκπιμπλαναι;;1
ευσεβειαι;;1
διαπραξασθαι;;1
ξυνηγωνιζοντο;;1
κακοτροπιασ;;1
ευηθεσ;;1
καταγελασθεν;;1
ηφανισθη;;1
διηνεγκεν;;1
διαλυ;;1
εχυροσ;;1
προυσκοπουν;;1
πολυτροπου;;1
προεπιβουλευομενοι;;1
προυτολμηθη;;1
σωφροσυνηι;;1
παρασχοντων;;1
ανταμυνομενοι;;1
ειωθυιασ;;1
επιθυμουντεσ;;1
γιγνωσκοιεν;;1
απαιδευσιαι;;1
εκφερομενοι;;1
ωμωσ;;1
απαραιτητωσ;;1
επελθοιεν;;1
ξυνταραχθεντοσ;;1
κρατησασα;;1
ειωθυια;;1
ασμενη;;1
εδηλωσεν;;1
ακρατησ;;1
προυχοντοσ;;1
οσιου;;1
βλαπτουσαν;;1
φθονειν;;1
υποκειται;;1
διασωιζεσθαι;;1
προκαταλυειν;;1
υπολειπεσθαι;;1
δεησεται;;1
οργαισ;;1
πρωταισ;;1
διεσωθησαν;;1
ισχυροσ;;1
απογνοια;;1
ιστωνην;;1
λαχητα;;1
μελανωπου;;1
χαροιαδην;;1
ευφιλητου;;1
δωριδεσ;;1
ξυνεπολεμησαν;;1
χαλκιδικαι;;1
οικειοτητοσ;;1
αγεσθαι;;1
προπειραν;;1
εκλιπουσα;;1
διοκωχη;;1
ταξεων;;1
ανεξευρετοσ;;1
σεισμοι;;1
ορχομενωι;;1
βοιωτιωι;;1
ανυδριαν;;1
επιστρα;;1
τευειν;;1
λιπαραιοι;;1
λιπαρα;;1
γεωργουσι;;1
διδυμην;;1
στρογγυλην;;1
ιεραν;;1
ιεραι;;1
ηφαιστοσ;;1
χαλκευει;;1
αναδιδουσα;;1
καπνον;;1
κατεχοντων;;1
οροβιαισ;;1
επανελθουσα;;1
κυματωθεισα;;1
κατεκλυσε;;1
υπενοστησε;;1
αναδραμοντεσ;;1
επικλυσισ;;1
παρειλε;;1
ανειλ;;1
κυσμενων;;1
κατεαξεν;;1
πεπαρηθωι;;1
κυματοσ;;1
επαναχωρησισ;;1
επεκλυσε;;1
ισχυροτατοσ;;1
επισπωμενην;;1
επικλυσιν;;1
ξυνεβαινεν;;1
αντιπολεμοι;;1
μνησθησομαι;;1
χαροιαδου;;1
μυλασ;;1
φυλαι;;1
μυλαισ;;1
φρουρουσαι;;1
πεποιημεναι;;1
ξυστρατευ;;1
σαι;;1
επελθοντων;;1
θεοδωρου;;1
γραικησ;;1
ιππονικου;;1
ενηυλισαντο;;1
προσβεβοηθηκοτασ;;1
τραχινιαι;;1
τοιασδε;;1
μηλιησ;;1
παραλιοι;;1
ιριησ;;1
εφθαρμενοι;;1
ομορων;;1
πιστοι;;1
τει;;1
σαμενον;;1
μητροπολισ;;1
τραχινιοισ;;1
κτιζειν;;1
δαμαγων;;1
καινησ;;1
ηρακλεια;;1
νεωρια;;1
θερμοπυλασ;;1
ευφυλακτα;;1
ξυνοικιζομενησ;;1
βραχυσ;;1
κηναιον;;1
εκτιζετο;;1
παροικωσιν;;1
νεοκαταστατοισ;;1
εξετρυχωσαν;;1
οικιζοντων;;1
θαρσαλεωσ;;1
αφικνουμενοι;;1
ολιγανθρωπιαν;;1
εκφοβησαντεσ;;1
εξηγουμενοι;;1
ελλομενωι;;1
λοχησαντεσ;;1
λευκασ;;1
αποτειχιζειν;;1
εκπολιορκησαι;;1
ξυνειλεγμενησ;;1
κρατησηι;;1
οικουν;;1
ψιληι;;1
χρωμενον;;1
απεφαινον;;1
ξυμβοηθησαι;;1
αποδωτοισ;;1
οφιονευσι;;1
ευρυτασιν;;1
αγνωστοτατοι;;1
ωμοφαγοι;;1
παρνασσον;;1
καταβαιη;;1
ξυστρατευσειν;;1
προσαχθηναι;;1
ομοροσ;;1
λοιπηι;;1
επιβαταισ;;1
ωρματο;;1
οινεωνοσ;;1
οζολαι;;1
ξυστρατευοντεσ;;1
εμ;;1
πειριαι;;1
αυλισαμενοσ;;1
νεμειου;;1
ησιοδοσ;;1
ποιητησ;;1
χρησθεν;;1
ποτιδανιαν;;1
κροκυλειον;;1
καταστρεψαμενοσ;;1
οφιονεασ;;1
επαναχωρησασ;;1
ελανθανεν;;1
επεβουλευετο;;1
εσεβεβληκει;;1
οφιονεων;;1
μηλιακον;;1
καθηκοντεσ;;1
βωμιησ;;1
καλλιησ;;1
αναδιδασκοντεσ;;1
αιρειν;;1
αναμεινασ;;1
προσβοηθησαι;;1
αιγιτιου;;1
υπεφευγον;;1
υψηλων;;1
αιγιτιον;;1
καταθεοντεσ;;1
υπαγωγαι;;1
βελη;;1
τοξευομενοι;;1
ανεστελλοντο;;1
τοξαρχου;;1
διεσκεδασθησαν;;1
εκεκμηκεσαν;;1
ανεκβατουσ;;1
χρομων;;1
μεσσηνιοσ;;1
τεθνηκωσ;;1
αιρουντεσ;;1
ποδωκεισ;;1
αμαρτανοντασ;;1
εσφερομενουσ;;1
διεξοδοι;;1
κομισα;;1
περιεπιμπρασαν;;1
βελτιστοι;;1
πεπραγμενοισ;;1
περιπολιον;;1
αληκι;;1
τολοφον;;1
οφιονεα;;1
βοριαδην;;1
ευρυτανα;;1
τεισανδρον;;1
αποδωτον;;1
επαγωγην;;1
ηρακλειασ;;1
νεοκτιστου;;1
μακαριοσ;;1
ξυλλεγεντοσ;;1
οζολαισ;;1
αμφισσησ;;1
μυονεασ;;1
δυσεσβολωτατοσ;;1
λοκρισ;;1
ιπνεασ;;1
μεσσαπιουσ;;1
τριταιεασ;;1
χαλαιουσ;;1
τολοφωνιουσ;;1
ησσιουσ;;1
οιανθεασ;;1
ολπαιοι;;1
υαιοι;;1
ναυπακτιαι;;1
περιεποιησαν;;1
αντισχωσιν;;1
εσεληλυθυιαν;;1
καλυδωνα;;1
πλευρωνα;;1
προσχιον;;1
αμφιλοχικωι;;1
αμφιλοχιαι;;1
ακαρνανιαι;;1
κρατησωσι;;1
εκστρατευσαμενοισ;;1
ινησσαν;;1
καικινον;;1
καπατωνοσ;;1
εκαθηραν;;1
χρησμον;;1
εκαθηρε;;1
εφεωρατο;;1
εκαθαρθη;;1
θηκαι;;1
εναποθνηισκειν;;1
εντικτειν;;1
διακομιζεσθαι;;1
ρηνεια;;1
αρξασ;;1
αλυσει;;1
δησασ;;1
πεντετηριδα;;1
καθαρσιν;;1
δηλια;;1
περικτιονων;;1
εφεσια;;1
γυμνικοσ;;1
μουσικοσ;;1
ανηγον;;1
φοιβε;;1
θυμον;;1
ετερφθησ;;1
ελκεχιτωνεσ;;1
ιαονεσ;;1
ηγερεθονται;;1
συν;;1
σφοισιν;;1
τεκεεσσι;;1
αγυιαν;;1
πυγμαχιηι;;1
ορχηστυι;;1
αοιδηι;;1
μνησαμενοι;;1
τερπουσιν;;1
καθεσωσιν;;1
μουσικησ;;1
αγωνιουμενοι;;1
δηλιακον;;1
χορον;;1
υμνησασ;;1
επη;;1
αγεθ;;1
ιληκοι;;1
απολλων;;1
χαιρετε;;1
εμειο;;1
μετοπισθε;;1
μνησασθ;;1
οπποτε;;1
κεν;;1
επιχθονιων;;1
ενθαδ;;1
ανειρηται;;1
ταλαπειριοσ;;1
κουραι;;1
υμμιν;;1
ηδιστοσ;;1
αοιδων;;1
πωλειται;;1
τερπεσθε;;1
υποκρινασθαι;;1
αφημωσ;;1
τυφλοσ;;1
οικει;;1
παιπαλοεσσηι;;1
ετεκμηριωσεν;;1
κατελυθη;;1
ιπποδρομιασ;;1
ευρυλοχωι;;1
εκστρατευονται;;1
τειχισαμενοι;;1
επιθαλασσιασ;;1
εστρα;;1
τοπεδευσαντο;;1
στρατηγησαντα;;1
αριστοτελησ;;1
τιμοκρα;;1
ιεροφων;;1
αντιμνηστου;;1
μονωθεισιν;;1
προσχιου;;1
ακαρνα;;1
νιαν;;1
φυτιασ;;1
μεδεωνοσ;;1
λιμναιασ;;1
θυαμου;;1
αγραικον;;1
διεξελθοντεσ;;1
κρηναισ;;1
αμπρακικον;;1
ξυνεληλυθοτεσ;;1
αιρουνται;;1
προσαγαγων;;1
διειργεν;;1
περιεσχε;;1
λοχιζει;;1
κοιλην;;1
λοχμωδη;;1
υπερεχον;;1
εξανασταντεσ;;1
αναμιξ;;1
φοβηθεντασ;;1
ευρυλοχον;;1
απεδιωξαν;;1
τυγχανουσιν;;1
επαναχωρουντεσ;;1
νενικημενον;;1
διεσωιζοντο;;1
μακαριου;;1
παρειληφωσ;;1
ησσησ;;1
πολιορκησεται;;1
αποκεκληιμενοσ;;1
διασωθησεται;;1
αναιρεσεωσ;;1
ξυστρατηγων;;1
σπενδονται;;1
μενεδαιωι;;1
αξιολογωτατοι;;1
ψιλωσαι;;1
μισθοφορον;;1
διαβαλειν;;1
χρηιζων;;1
καταπροδοντεσ;;1
προυργιαι;;1
εδεδοτο;;1
ολπων;;1
αγγε;;1
προλοχιουντασ;;1
προκαταληψομενουσ;;1
εσπειστο;;1
λαχανισμον;;1
φρυγανων;;1
ξυλλογην;;1
υπαπηισαν;;1
ξυλλεγοντεσ;;1
προκεχωρηκοτεσ;;1
ξυνεξελθοντεσ;;1
επικαταλαβειν;;1
φασκοντασ;;1
ηκοντισε;;1
καταπροδιδοσθαι;;1
αγνοια;;1
αμπρακιωτησ;;1
πελοποννησιοσ;;1
αγραιδα;;1
σαλυνθιοσ;;1
ιδομενην;;1
εστον;;1
λοφω;;1
ιδομενη;;1
υψηλω;;1
τουτοιν;;1
προαποσταλεντεσ;;1
προκαταλαβοντεσ;;1
προαναβαντεσ;;1
δειπνησασ;;1
αμφιλοχικων;;1
ορθρωι;;1
επιπιπτει;;1
αμπρα;;1
κιωταισ;;1
προηισθημενοισ;;1
νομισασι;;1
επιτηδεσ;;1
προυταξε;;1
προσαγορευειν;;1
δωριδα;;1
ιεντασ;;1
προφυλαξι;;1
καθορωμενουσ;;1
προκατειλημμενων;;1
εμπειρων;;1
ανεπιστημονων;;1
τραπωνται;;1
προλελοχισμενασ;;1
παραπλεουσασ;;1
προσενευσαν;;1
αμφιλο;;1
χων;;1
κακωθεντεσ;;1
απεχω;;1
αιτησων;;1
υποσπονδων;;1
ξυνεξηισαν;;1
ασπονδοι;;1
εθαυμαζε;;1
ηρετο;;1
θαυμαζοι;;1
τεθνασιν;;1
ιδομεναισ;;1
ταυτι;;1
μαχομενων;;1
ιδομενηι;;1
εμαχεσθε;;1
πρωιην;;1
αποχωρησει;;1
βοηθησασι;;1
διεφθαρται;;1
ανοιμωξασ;;1
εκπλαγεισ;;1
απηιτει;;1
ελληνιδι;;1
χαλεπωτεροι;;1
παροικοι;;1
σκυλων;;1
διειλοντο;;1
ανακειμενα;;1
αττικοισ;;1
τριακοσιαι;;1
πανοπλιαι;;1
πραξεωσ;;1
αδεεστερα;;1
καθοδοσ;;1
καταφυγουσιν;;1
μετανεστησαν;;1
σαλυνθιου;;1
διελυσαν;;1
ξενοκλειδαν;;1
ευθυκλεουσ;;1
κομιζομενοι;;1
ιμεραιαν;;1
ιμεραιασ;;1
ισολοχου;;1
ξυναγει;;1
ροντεσ;;1
καταλυθησεσθαι;;1
σωστρατιδου;;1
αποπεμψειν;;1
ρυαξ;;1
αιτνησ;;1
αιτνηι;;1
πεντηκοστωι;;1
ρυηναι;;1
οικειται;;1
πλευσασαι;;1
λοκριδεσ;;1
ισαι;;1
επελθωσιν;;1
εσεβεβληκεσαν;;1
επιβοηθωσι;;1
ξυνεπαγοντων;;1
εγκαθορμισαμεναι;;1
ευρυμε;;1
προαφικτο;;1
επιμεληθηναι;;1
παρεπεπλευκεσαν;;1
τιμωροι;;1
κατασχησειν;;1
δεηθεντι;;1
κατηνεγκε;;1
τειχιζεσθαι;;1
ξυνεκπλευσαι;;1
μεσσηνιαι;;1
καλουσι;;1
καταλαμβανων;;1
ομοφωνουσ;;1
ορμωμενουσ;;1
ταξιαρχοισ;;1
σχολαζουσιν;;1
ορμη;;1
περιστασιν;;1
εκτειχισαι;;1
εγχειρησαντεσ;;1
σιδηρια;;1
λιθουργα;;1
αγγειων;;1
εγκεκυφοτεσ;;1
επιμενειν;;1
χειρε;;1
τουπισω;;1
ξυμπλεκοντεσ;;1
αποπιπτοι;;1
επιμαχωτατα;;1
εξελθωσιν;;1
υπομενουντασ;;1
καταλειπουσι;;1
κατειλημμενησ;;1
χλωρου;;1
εσπανιζον;;1
καθεστη;;1
κυιαν;;1
βραχυτατην;;1
σιμωνιδησ;;1
φρουριων;;1
κατελαβεν;;1
επιβοηθησαντων;;1
απεβαλε;;1
βραδυτερα;;1
υπερενεχθεισαι;;1
υπεκπεμπει;;1
αγγειλαι;;1
κινδυνευοντοσ;;1
ειργασμενον;;1
ελωσι;;1
εμφαρξαι;;1
εφορμισασθαι;;1
σφακτηρια;;1
παρατεινουσα;;1
επικειμενη;;1
στενουσ;;1
διαπλουν;;1
υλωδησ;;1
ατριβησ;;1
βυζην;;1
αλιμενα;;1
ωφελησουσι;;1
ενοντοσ;;1
κατειλημμενον;;1
διεβιβαζον;;1
αποκληρωσαντεσ;;1
λοχων;;1
εγκαταληφθεντεσ;;1
μολοβρου;;1
καταλειφθεισων;;1
ανασπασασ;;1
προσεσταυρωσε;;1
ωπλισεν;;1
ασπισι;;1
φαυλαισ;;1
οισυιναισ;;1
πορισασθαι;;1
ληιστρικησ;;1
τριακοντορου;;1
αοπλων;;1
ωπλισμενων;;1
τετειχισμενα;;1
προειπων;;1
πετρωδη;;1
ασθενεστατου;;1
εσβιασασθαι;;1
θυμησεσθαι;;1
κρατησεσθαι;;1
βιαζομενοισ;;1
αλωσιμον;;1
ειρξων;;1
βουλεσθω;;1
εκλογιζομενοσ;;1
περιεστοσ;;1
ευελπισ;;1
αφικται;;1
ενδεχομενα;;1
ταχιστου;;1
προσδειται;;1
εθελωμεν;;1
πλαγεντεσ;;1
δυσεμβατον;;1
υποχωρησασι;;1
ραιστοι;;1
μαχειται;;1
προσορμισεωσ;;1
καιρια;;1
υπομενοι;;1
ροθιου;;1
καταπλου;;1
υποχωροιη;;1
ραχιαν;;1
εθαρσησαν;;1
θρασυμηλιδασ;;1
κρατησικλεουσ;;1
προσεβαλλε;;1
προσσχειν;;1
αναπαυοντεσ;;1
παρακελευσμωι;;1
φανερωτατοσ;;1
χαλεπου;;1
αποκνουντασ;;1
φυλασσομενουσ;;1
ξυντριψωσιν;;1
εβοα;;1
πεποιημενουσ;;1
βιαζομενουσ;;1
καταγνυναι;;1
ευεργεσιων;;1
επιδουναι;;1
οκειλαντασ;;1
αποβαντασ;;1
επεσπερχε;;1
κυβερνητην;;1
αναγκασασ;;1
οκειλαι;;1
αποβαθραν;;1
ανεκοπη;;1
τραυματισθεισ;;1
ελιποψυχησε;;1
πεσοντοσ;;1
παρεξειρεσιαν;;1
ασπισ;;1
περιερρυη;;1
εξενεχθεισησ;;1
αποβηναι;;1
πεζα;;1
θαλασσιοισ;;1
υστεραιασ;;1
επεπαυντο;;1
αποβασεωσ;;1
φρουριδων;;1
περιπλεων;;1
εκπλεουσασ;;1
καθορμισωνται;;1
αντεκπλειν;;1
επεσπλευσουμενοι;;1
φαρξαι;;1
εσπλεηι;;1
σμικρωι;;1
ετρωσαν;;1
καταπεφευγυιαισ;;1
ενεβαλλον;;1
εκοπτοντο;;1
περιαλγουντεσ;;1
οτιπερ;;1
απελαμβανοντο;;1
ανθειλκον;;1
επιλαμβανομενοι;;1
αντηλλαγμενου;;1
επεζομαχουν;;1
παρασχοντεσ;;1
τραυματισαντεσ;;1
ληφθεισων;;1
απειλημμενων;;1
μεμαγμενον;;1
χοινικασ;;1
αλφιτων;;1
κρεασ;;1
θεραποντι;;1
ημισεα;;1
ορωντων;;1
αποβαινοντασ;;1
παραβαινωσιν;;1
επανελθωσιν;;1
οιασπερ;;1
παραλαβωσιν;;1
παρεδοθησαν;;1
πειθωμεν;;1
μακροτερουσ;;1
μηκυνουμεν;;1
βραχεισ;;1
αρκωσι;;1
προυργου;;1
λαβετε;;1
αξυνετοι;;1
διδασκομενοι;;1
κρατειτε;;1
προσλαβουσι;;1
αηθωσ;;1
λαμβανοντεσ;;1
ορεγονται;;1
απιστοτατοι;;1
προσειη;;1
αξιωμα;;1
κυριωτεροι;;1
επαθομεν;;1
υβρισαντεσ;;1
προσγεγενημενων;;1
αμφιβολον;;1
ευξυνετωτερον;;1
νομισωσι;;1
μεταχειριζειν;;1
ξυνειναι;;1
τυχαι;;1
ελαχιστ;;1
πταιοντεσ;;1
ορθουμενωι;;1
καταλυοιντο;;1
σφαλητε;;1
προχωρησαντα;;1
οικειοτητα;;1
ανταιτουντεσ;;1
διακινδυνευεσθαι;;1
φυγοιεν;;1
παρατυχουσησ;;1
εκπολιορκη;;1
χειρωθειεν;;1
ανταμυνομενοσ;;1
επικρατησασ;;1
εγκαταλαμβανων;;1
επιεικεσ;;1
νικησασ;;1
ξυναλλαγηι;;1
οφειλων;;1
ανταμυνεσθαι;;1
βιασθεισ;;1
ανταποδουναι;;1
ετοιμοτεροσ;;1
ξυνεθετο;;1
εκουσιωσ;;1
ενδουσιν;;1
ανθησσασθαι;;1
ηδονησ;;1
υπεραυχουντα;;1
ξυναλλαγη;;1
ακριτων;;1
προσγιγνομενησ;;1
αισχρου;;1
κατατιθεμενησ;;1
διαλλαγωμεν;;1
ελωμεθα;;1
αναπαυσιν;;1
ποιησωμεν;;1
αιτιωτερουσ;;1
ηγησονται;;1
κυριοι;;1
προσθησουσιν;;1
προκαλεσα;;1
χαρισαμενοισ;;1
βιασαμενοισ;;1
τιμησει;;1
δημαγωγοσ;;1
ξυγχωρησαντων;;1
οποσον;;1
αποκρισιν;;1
ξυνεδρουσ;;1
διαβληθωσιν;;1
ποιησοντασ;;1
προυκαλουντο;;1
επιδρομην;;1
παρασπονδον;;1
ισχυριζομενοι;;1
παραβαθηι;;1
εναντιαιν;;1
περιωρμουν;;1
στρατοπεδευομενοι;;1
παραπεσοι;;1
φρουρουσαισ;;1
προσκομισαντεσ;;1
εσεβεβλη;;1
κεσαν;;1
μελλουσαισ;;1
ξυνεγγυσ;;1
ακρωτηριου;;1
πορθμοσ;;1
χαρυβδισ;;1
οδυσσευσ;;1
διαπλευσαι;;1
στενοτητα;;1
πελαγων;;1
τυρσηνικου;;1
σικελικου;;1
εσπιπτουσα;;1
ροωδησ;;1
διαπλεοντοσ;;1
αντεπαναγομενοι;;1
ρηγινασ;;1
απολεσαντεσ;;1
πελωριδα;;1
ξυλλεγεισαι;;1
ενεβαλον;;1
σιδηραι;;1
επιβληθεισηι;;1
απωλεσαν;;1
αποκολυμβησαντων;;1
παραπλεοντων;;1
καλω;;1
αποσιμωσαντων;;1
προεμ;;1
βαλοντων;;1
απολλυουσιν;;1
τοιουτοτροπωι;;1
παρεκομισθησαν;;1
αγγελθεισησ;;1
προδιδοσθαι;;1
αρχιου;;1
κιδικην;;1
ναξιουσ;;1
ακεσινην;;1
ακρων;;1
παρακελευομενοι;;1
εκδραμοντεσ;;1
κεκακωμενην;;1
επειρων;;1
επεκδρομην;;1
δημοτελουσ;;1
εγκατελειφθησαν;;1
τεταραγμενοισ;;1
εμενεν;;1
επιπονοσ;;1
κρηνη;;1
διαμωμενοι;;1
καχληκα;;1
επινον;;1
επιγιγνομενοσ;;1
αλμυρωι;;1
προειποντεσ;;1
εσαγειν;;1
αληλεμενον;;1
τυρον;;1
βρωμα;;1
ξυμφερηι;;1
εσαγαγοντι;;1
παρακινδυνευοντεσ;;1
απαιροντεσ;;1
καταπλεοντεσ;;1
καταφερεσθαι;;1
περιορμειν;;1
αφειδησ;;1
καταπλουσ;;1
επωκελλον;;1
τετιμημενα;;1
καταρσεισ;;1
γαληνηι;;1
κινδυνευσειαν;;1
ηλι;;1
σκοντο;;1
εσενεον;;1
υφυδροι;;1
καλωιδιωι;;1
ασκοισ;;1
εφελκοντεσ;;1
μηκωνα;;1
μεμελιτωμενην;;1
λινου;;1
κεκομμενον;;1
λανθανοντων;;1
φυλακαι;;1
ετεχνωντο;;1
ταλαιπωρειται;;1
εσπλει;;1
εδεδοικεσαν;;1
επιλαβοι;;1
κομιδην;;1
περιπεμπειν;;1
αλιμενων;;1
περιγενησεσθαι;;1
τηρησαντασ;;1
εκπλευσεσθαι;;1
κωλυμησ;;1
ταληθη;;1
εξαγγελλοντασ;;1
πιστευουσι;;1
κατασκοποσ;;1
αναγκασθησεται;;1
διεβαλλεν;;1
ψευδησ;;1
φανησεσθαι;;1
παριεντασ;;1
αγγελλομενα;;1
απεσημαινεν;;1
επιτιμων;;1
υποθορυβησαντων;;1
κλεωνα;;1
επιτιμωντα;;1
παραδωσειοντα;;1
στρατηγειν;;1
εξιστατο;;1
υπεφευγε;;1
εξανεχωρει;;1
επεκελευοντο;;1
επεβοων;;1
εξαπαλλαγηι;;1
υφισταται;;1
πλευσεσθαι;;1
λημνιουσ;;1
ιμβριουσ;;1
αινου;;1
γελωτοσ;;1
κουφολογιαι;;1
σωφροσι;;1
απαλλαγησεσθαι;;1
προσελομενοσ;;1
προσελαβε;;1
εμπρησθεισα;;1
υλωδουσ;;1
ατριβουσ;;1
προσβαλλοντασ;;1
δηλα;;1
καταφανη;;1
προσπιπτειν;;1
δασυ;;1
προσοψεωσ;;1
αιτωλικου;;1
αναγκασθεντων;;1
εσχατοισ;;1
προσισχοντασ;;1
αριστοποιεισθαι;;1
προφυλακησ;;1
εμπρησαντοσ;;1
κατακαυθεν;;1
κατιδων;;1
υπονοων;;1
ευαποβατωτεραν;;1
μεταπεμπων;;1
προπεμψασ;;1
ηξων;;1
τηρησονται;;1
ξυμβαθηι;;1
κτηριον;;1
διετεταχατο;;1
ομαλωτατον;;1
αποκρημνον;;1
καταλαμβανοι;;1
βιαιοτερα;;1
επεδραμον;;1
διαφθειρουσιν;;1
αναλαμβανοντασ;;1
οιομενων;;1
θαλαμιων;;1
ταξαν;;1
μετεωροτατα;;1
πλειστη;;1
κεκυκλωμενοισ;;1
πλαγιοισ;;1
εκατε;;1
ρωθεν;;1
απορωτατοι;;1
σφενδοναισ;;1
εταξεν;;1
επιταδαν;;1
φυλακτηριον;;1
διεφθαρμενον;;1
καθειστηκεσαν;;1
επιθεοντεσ;;1
προσκεοιντο;;1
υποστρεφοντεσ;;1
κουφωσ;;1
προλαμβανοντεσ;;1
τραχεων;;1
δυναμενων;;1
βραδυτερουσ;;1
ειληφοτεσ;;1
φαινομενοι;;1
ξυνειθισμενοι;;1
δεδουλωμενοι;;1
προχειρον;;1
ενεπεσεν;;1
αηθεσι;;1
κονιορτοσ;;1
κεκαυμενησ;;1
κονιορτου;;1
φερομενων;;1
πιλοι;;1
εστεγον;;1
τοξευματα;;1
δορατια;;1
εναπεκεκλαστο;;1
βαλλομενων;;1
αποκεκληιμενοι;;1
εσακουοντεσ;;1
τραυματιζομενων;;1
αναστρεφεσθαι;;1
ξυγκληισαντεσ;;1
απειχε;;1
υποχωρουντεσ;;1
εγκατελαμβανοντο;;1
περιοδον;;1
ωσασθαι;;1
ταλαιπωρουμενοι;;1
διψησ;;1
κυκλωσεωσ;;1
απεραντον;;1
πονειν;;1
περιιεναι;;1
ευρηι;;1
βιασεσθαι;;1
ορμησασ;;1
παρεικον;;1
προσβαινων;;1
περιελθων;;1
αναφανεισ;;1
εξεπληξε;;1
επερρωσεν;;1
ξυμπτωματι;;1
θερμοπυλαισ;;1
ατραπωι;;1
περιελθοντων;;1
σιτοδειαν;;1
εφοδων;;1
οποσονουν;;1
ενδωσουσι;;1
διαφθαρησομενουσ;;1
απειρξαν;;1
κηρυγματοσ;;1
επικλασθειεν;;1
παρηκαν;;1
ανεσεισαν;;1
προσιεσθαι;;1
κεκηρυγμενα;;1
φαρακοσ;;1
επιταδου;;1
ιππαγρετου;;1
εφηιρημενου;;1
ζωντοσ;;1
εφηιρημενοσ;;1
πασχοιεν;;1
διακηρυκευσασθαι;;1
αφεντων;;1
καλουντων;;1
επερωτησεων;;1
διεσκευαζοντο;;1
τριηραρχοισ;;1
διεδιδοσαν;;1
ψαντεσ;;1
διεκομισαντο;;1
αποδεοντεσ;;1
σταδαια;;1
ξυμπασ;;1
επολιορκηθησαν;;1
εσιτοδοτουντο;;1
διετρεφοντο;;1
βρωματα;;1
μανιωδησ;;1
υποσχεσισ;;1
μαχομενουσ;;1
τεθνεωσιν;;1
ερομενου;;1
αχθηδονα;;1
τεθνεωτεσ;;1
καλοι;;1
καγαθοι;;1
ατρακτον;;1
διεγιγνωσκε;;1
εντυγχανων;;1
κομισθεντων;;1
εβουλευσαν;;1
μεσσηνιδοσ;;1
επιτηδειοτατουσ;;1
ομοφωνοι;;1
νεωτερισθηι;;1
κομι;;1
φοιτωντων;;1
κορινθιαν;;1
ιππευσιν;;1
ρειτου;;1
σολυγειοσ;;1
ιδρυθεντεσ;;1
αιολευσιν;;1
σολυγεια;;1
προπυθομενοι;;1
αμπρακιαι;;1
απησαν;;1
κατασχησουσιν;;1
βαττοσ;;1
φυλαξων;;1
ξυνεβαλεν;;1
αποβεβηκοτι;;1
παρατεταγμενοι;;1
εωσαντο;;1
υποχωρησαντεσ;;1
αιμασιαν;;1
προσαντεσ;;1
λοχοσ;;1
επιβοηθησασ;;1
ετρεψε;;1
ανεστρεψαν;;1
εμαχετο;;1
ημυνετο;;1
ενδιδοντεσ;;1
ξυμμαχομενοι;;1
εβιασθη;;1
ημισεσι;;1
πλευσωσι;;1
καταδηλοσ;;1
ονειου;;1
κονιορτον;;1
σκυλευματα;;1
επικηρυκευσαμενοι;;1
τροιζηνοσ;;1
μεθωνη;;1
εληιστευον;;1
τροιζηνιαν;;1
εξετειχισαν;;1
ιστωνησ;;1
καθιδρυμενουσ;;1
καταπεφευγοτεσ;;1
πτυχιαν;;1
πεμφθωσιν;;1
αλωι;;1
αποδιδρασκων;;1
αποκτεινωσι;;1
υποπεμψαντεσ;;1
αποδραναι;;1
ετοιμασειν;;1
μηχανησαμενων;;1
εκπλεοντεσ;;1
ελελυντο;;1
παρεδιδοντο;;1
ξυνελαβοντο;;1
ακριβη;;1
τεχνησαμενουσ;;1
εγχειρησαι;;1
καταδηλοι;;1
κομισθεντασ;;1
αγουσι;;1
κατειρξαν;;1
εξαγοντεσ;;1
στοιχοιν;;1
δεδεμενουσ;;1
παιομενουσ;;1
κεντουμενουσ;;1
μαστιγοφοροι;;1
επεταχυνον;;1
προιοντασ;;1
μεταστησοντασ;;1
τεγοσ;;1
οροφην;;1
εφυλασσοντο;;1
οιστουσ;;1
σφαγασ;;1
καθιεντεσ;;1
κλινων;;1
ενουσαι;;1
σπαρτοισ;;1
παραιρηματα;;1
απαγχομενοι;;1
παθηματι;;1
αναλουντεσ;;1
ηνδραποδισαντο;;1
στρατευσαμενοι;;1
αρχιππου;;1
κομισθεντοσ;;1
μεταγραψαμενοι;;1
ασσυριων;;1
γραμματων;;1
ανεγνωσαν;;1
γεγραμμενων;;1
τεθνηκοτα;;1
υποπτευσαντων;;1
βεβαιοτητα;;1
νουμηνιαν;;1
ισταμενου;;1
εσεισεν;;1
στατηρασ;;1
φωκαιτασ;;1
λαμβα;;1
νουσι;;1
ακταιασ;;1
νεμομενων;;1
κρατυναμενοι;;1
ευπορια;;1
αιολικα;;1
επικειται;;1
κυθηροδικησ;;1
διεβαινεν;;1
προσβολη;;1
ελυπουν;;1
κακουργεισθαι;;1
εστρατοπεδευμενουσ;;1
υπεστησαν;;1
επιτηδειοτερον;;1
ελοσ;;1
εναυλιζομενοι;;1
διεπεμψαν;;1
ταχεοσ;;1
απροφυλακτου;;1
πολεμικα;;1
επιχειρουμενον;;1
ξυμβαντα;;1
περιτυχηι;;1
ατολμοτεροι;;1
κινησειαν;;1
ανεχεγγυον;;1
γεγε;;1
νησθαι;;1
αηθειασ;;1
κακοπραγειν;;1
παραθαλασσιον;;1
δηιουσι;;1
αποβασισ;;1
κοτυρταν;;1
αφροδιτιαν;;1
υπεχωρησε;;1
εκπεσουσιν;;1
υπακουοντεσ;;1
εστασαν;;1
εκλειπουσιν;;1
ξυνετειχιζε;;1
ξυνεσελθειν;;1
κατακληιεσθαι;;1
εξεπορθησαν;;1
πατροκλεουσ;;1
εζωγρηθη;;1
τετρωμενοσ;;1
καταδησαι;;1
ξυναλλαγειεν;;1
πονουμενησ;;1
δοκουσαν;;1
βελτιστην;;1
αποφαινομενοσ;;1
ενον;;1
εκλεγων;;1
μακρηγοροιη;;1
ελασ;;1
σουσθαι;;1
ξυναλλαγων;;1
επολεμησαμεν;;1
αντιλογιων;;1
προχωρησηι;;1
κρινω;;1
δυνησομεθα;;1
αναγκαιοτερουσ;;1
τηρουσιν;;1
εννομωι;;1
αιρομενων;;1
επιστρατευουσι;;1
προκοπτοντων;;1
τετρυχωμενουσ;;1
πειρασασθαι;;1
βλαπτοντασ;;1
προσλαμβανειν;;1
ενοικοι;;1
διεσταμεν;;1
παρεσταναι;;1
ιαδι;;1
ξυγγενειαι;;1
εθνεσιν;;1
επιασιν;;1
εδηλωσαν;;1
χαλκιδικου;;1
παρακλησει;;1
ουδεπωποτε;;1
προσβοηθησασιν;;1
πλεονεκτειν;;1
προνοεισθαι;;1
μεμφομαι;;1
ετοιμοτεροισ;;1
εικοντοσ;;1
προσκοπουμεν;;1
ηκει;;1
κρινασ;;1
αμαρτανομεν;;1
ξυμβαιμεν;;1
ορμωνται;;1
παυονται;;1
επικλητοι;;1
αδικοι;;1
ευλογωσ;;1
ξυνδιασωσαι;;1
λαμπροτητασ;;1
ακινδυνοτερασ;;1
μηκει;;1
διελθοι;;1
σκεψαμενουσ;;1
εμουσ;;1
υπεριδειν;;1
σφαλλεσθω;;1
πλεονεκτησειν;;1
προσκαταλιπειν;;1
τιμωρια;;1
ευτυχει;;1
αδικειται;;1
ευελπι;;1
σφαλερωτατον;;1
προμηθιαι;;1
ατεκμαρτον;;1
φοβερουσ;;1
ωιηθημεν;;1
κωλυμαισ;;1
ειρχθηναι;;1
εφεστωτασ;;1
αποπεμπωμεν;;1
ξυμβωμεν;;1
αναβαλωμεθα;;1
γνωμεν;;1
δρωντα;;1
υπακουσωμεν;;1
τυχοιμεν;;1
γιγνοιμεθα;;1
αρχομενοσ;;1
παρεχομενοσ;;1
αμυνουμενοσ;;1
προιδομενοσ;;1
μωριαι;;1
αρχω;;1
δωρια;;1
δωριωσ;;1
γειτονασ;;1
περιρρυτου;;1
κεκλημενουσ;;1
ξυγχωρησομεθα;;1
επαξομεθα;;1
στερησομεν;;1
νεμουμεθα;;1
σικε;;1
λιωται;;1
ξυνηνεχθησαν;;1
απαλλασσεσθαι;;1
μοργαντινην;;1
αποδουσιν;;1
κοιναι;;1
επαινεσαντων;;1
επραξαντο;;1
δωροισ;;1
αποχωρησειαν;;1
απορωτερα;;1
ενδεεστεραι;;1
εσβαλλοντων;;1
εκπεσοντεσ;;1
ληιστευοντεσ;;1
τερωθεν;;1
αριφρονοσ;;1
εκπεσοντασ;;1
ορυγματι;;1
επλινθευον;;1
κημοσθενουσ;;1
ενηδρευσαν;;1
ενυαλιον;;1
ακατιον;;1
αμφηρικον;;1
τεθεραπευκοτεσ;;1
ανοιξιν;;1
κατακομιζειν;;1
μινωιασ;;1
αφανησ;;1
πυλαισ;;1
ξυγκληισθηναι;;1
εσεδραμον;;1
επιφερο;;1
αντισχοντεσ;;1
προσπεπτωκοτων;;1
αντιμαχομενων;;1
προδεδω;;1
ξυνεπεσε;;1
θησομενον;;1
ανεμενον;;1
εαλωκοτων;;1
ξυνηιδει;;1
ανοιγειν;;1
εσπιπτειν;;1
διαδηλοι;;1
αλειψεσθαι;;1
ανοιξεωσ;;1
ελευσινοσ;;1
ξυγκειμενον;;1
αληλιμμενων;;1
επιβουλευμα;;1
πεισεται;;1
εδηλουν;;1
ισχυριζοντο;;1
παρεμενον;;1
βουλευουσι;;1
εναντιωμα;;1
εξελοιεν;;1
διοικοδομησαντεσ;;1
διελομενη;;1
πλινθοισ;;1
λαμβανουσαι;;1
ρητου;;1
αρχοντι;;1
απορρηξαντεσ;;1
παρασκευαζομενοσ;;1
γερανειαι;;1
καταλη;;1
ψεσθαι;;1
αναλωτον;;1
απολεξασ;;1
προσηλθε;;1
φοβουμεναι;;1
εκβαληι;;1
επιθηται;;1
αποληται;;1
τεροισ;;1
ησυχασασι;;1
ασφαλεστερωσ;;1
διανενοημενοι;;1
αλλοτριου;;1
ερρωσθησαν;;1
αποστειλαντεσ;;1
εσκεδασμενων;;1
ουδαμοθεν;;1
αντεπεξελασαντεσ;;1
προσελασαντασ;;1
εσκυλευσαν;;1
τελευτησαντεσ;;1
απεκριθησαν;;1
περιορωμενουσ;;1
ακονιτι;;1
ησσηθεντων;;1
βουληθεντασ;;1
αμαχητι;;1
αρξασι;;1
σφαλεντασ;;1
βελτιστωι;;1
επισχοντεσ;;1
επεχειρειτο;;1
επικρατησαντι;;1
ανοιγουσι;;1
καταπεπληγμενων;;1
διαλυθεντων;;1
επανελθων;;1
κοινολογησαμενοι;;1
καταγουσι;;1
ορκωσαντεσ;;1
πιστεσι;;1
μνησικακησειν;;1
διαστησαντεσ;;1
εξελεξαντο;;1
ξυμπραξαι;;1
διενεγκειν;;1
κατεγνωσθησαν;;1
εκτειναν;;1
ελαχιστων;;1
κατασκευαζεσθαι;;1
δημοδοκοσ;;1
εσεπεπλευκει;;1
εξιοντασ;;1
ηρακλεωτιδι;;1
ορμισασ;;1
καλητα;;1
απολλυσι;;1
ρευματοσ;;1
βιθυνων;;1
καλχηδονα;;1
πτοιοδωρου;;1
φυγαδοσ;;1
εσηγου;;1
θεσπικησ;;1
κρισαιωι;;1
επιθαλασσιδιοι;;1
μινυειον;;1
βοιωτιον;;1
ξυντελει;;1
ορχομενιων;;1
εμισθουντο;;1
φανοτιδι;;1
ταναγραιαι;;1
ξυμβοηθησωσιν;;1
κινουμενα;;1
κατορθοιτο;;1
νεωτεριζοιτο;;1
αποστροφησ;;1
αθροασ;;1
επιβουλη;;1
προαπεστειλε;;1
πλεοι;;1
προδοθησομενασ;;1
κατηναγκασμενουσ;;1
ητοιμαζετο;;1
απαντησομενοσ;;1
ηρακλειαι;;1
προπεμψαντοσ;;1
διαγειν;;1
μελιτειαν;;1
παναιροσ;;1
δωροσ;;1
ιππολοχιδασ;;1
τορυλαοσ;;1
στροφακοσ;;1
κιδεων;;1
νικονιδασ;;1
αγωγου;;1
θεσ;;1
σαλων;;1
δυναστειαι;;1
ισονομιαι;;1
εγχωριον;;1
προηλθεν;;1
απαντησαντεσ;;1
ενιπει;;1
διαξειν;;1
αγωγων;;1
ξυστηναι;;1
κωλυσον;;1
μελιτειασ;;1
αφωρμησεν;;1
ετελεσε;;1
απιδανωι;;1
φακιον;;1
περραιβιαν;;1
αγωγοι;;1
περραιβοι;;1
ολυμπωι;;1
διεδραμε;;1
εξηγαγον;;1
κακο;;1
πραγια;;1
εγκειμενων;;1
αντιπαραλυποιεν;;1
εκπεμψαι;;1
σκαιοτητα;;1
ελευθερωσοντεσ;;1
φρονηματοσ;;1
προκριναντεσ;;1
εστεφανωσαντο;;1
περιηλθον;;1
ηλευθερωμενοι;;1
ηφανισαν;;1
διεφθαρη;;1
εξηγαγεν;;1
δραστηριον;;1
απεστησε;;1
ανταποδοσιν;;1
αποδοχην;;1
λωφησιν;;1
αρετη;;1
νομισαντων;;1
εγκατελιπε;;1
βρομερου;;1
μαχον;;1
αρραβαιοσ;;1
δικαστηι;;1
ξυμπαροντεσ;;1
υπεξελειν;;1
προθυμοτερωι;;1
ειρηκεσαν;;1
ποιησοι;;1
δικαστην;;1
καθαιρετην;;1
αποφαινηι;;1
αδικησειν;;1
τρεφοντοσ;;1
ξυνεσται;;1
αρραβαιωι;;1
ακανθον;;1
τρυγητου;;1
ξυνεπαγοντεσ;;1
πεισθεν;;1
δεχεται;;1
εκπεμψισ;;1
επαληθευουσα;;1
επηλθομεν;;1
υμετερου;;1
ηλπισαμεν;;1
μεμφθηι;;1
αποκληισει;;1
αφιγμαι;;1
ανερριψαμεν;;1
εναντιωσεσθε;;1
ανθιστασθε;;1
επιω;;1
δυσχερεσ;;1
εδεξασθε;;1
τιμωρησαι;;1
επιωσιν;;1
τηιδ;;1
βοηθησαντοσ;;1
παρεληλυθα;;1
προσαγαγωμαι;;1
εχωμεν;;1
δεδου;;1
λωμενοισ;;1
ξυμμαχησοντεσ;;1
τιμωροσ;;1
θαρση;;1
προσθω;;1
απροθυμοσ;;1
πιστευ;;1
σατω;;1
ξυστασιασων;;1
δουλωσαιμι;;1
αλλοφυλου;;1
καθισταιτο;;1
καταπολεμουμεν;;1
φαινοιμεθα;;1
εχθιονα;;1
κατακτωμενοι;;1
πλεονεκτησαι;;1
επιβουληι;;1
περιωπην;;1
ποιουμεθα;;1
λαβοιτε;;1
αναθρουμενα;;1
προισχομενου;;1
φησετε;;1
αξιωσετε;;1
κακουμενοι;;1
ακοντα;;1
ηρωσ;;1
δηιων;;1
νομιω;;1
ευνωι;;1
προσαχθησεσθε;;1
φερομενοισ;;1
βλαπτωνται;;1
λαγηναι;;1
πρασσοιμεν;;1
οφειλομεν;;1
εφιεμεθα;;1
αδικοιμεν;;1
εναντιουμενουσ;;1
περιιδοιμεν;;1
αγωνισασθε;;1
διαψηφισαμενοι;;1
πιστωσαντεσ;;1
ομοσαντα;;1
ξυναπεστη;;1
ενεδιδοτο;;1
διαμαρτιασ;;1
μηνυθεντοσ;;1
επιβουλευματοσ;;1
νικομαχου;;1
φωκεωσ;;1
φανοτεωσ;;1
προκαταλαμβανονται;;1
μετοικουσ;;1
ανακεχωρηκοτων;;1
σιφων;;1
εσκαπτον;;1
ορυγματοσ;;1
ανεβαλλον;;1
παρακαταπηγνυντεσ;;1
αμπελον;;1
πλινθον;;1
οικοπεδων;;1
εμετεωριζον;;1
στοα;;1
κατεπεπτωκει;;1
τεταρτην;;1
πεμπτησ;;1
προαπεχωρησεν;;1
ξυνεπαινουντων;;1
ωρωπιασ;;1
αιολαδου;;1
αριανθιδου;;1
λυσιμαχιδου;;1
προσκαλων;;1
εκλιποιεν;;1
καταλαβωμεν;;1
ομορου;;1
καταληφθωσι;;1
μεταγνωτω;;1
προμηθεσ;;1
αλλοφυλον;;1
επελθοντα;;1
καθισταται;;1
αγωνοσ;;1
ευβοεασ;;1
διακειται;;1
νικηθωμεν;;1
αντιλεκτοσ;;1
παγησεται;;1
επικινδυνοτεραν;;1
παροικησιν;;1
ησυχαζοντα;;1
αμυνομενον;;1
επιστρατευειν;;1
προαπαντωντα;;1
κατεστησαμεν;;1
αισχυναι;;1
προσηκουσασ;;1
ανομωσ;;1
θυσαμενοισ;;1
κτασθων;;1
ανανταγωνιστοι;;1
προσεμειξεν;;1
ετασσε;;1
επιγενοιντο;;1
αντικατεστησαν;;1
αμυνουμενουσ;;1
υπερεφανησαν;;1
επτακισχιλιοι;;1
πελ;;1
τασται;;1
ξυμμοροι;;1
μεσοι;;1
αλιαρτιοι;;1
κορωναιοι;;1
κωπαιησ;;1
θεσπιησ;;1
ταναγραιοι;;1
διακοσμοσ;;1
ωπλισμενοι;;1
αοπλοι;;1
ηκολουθησαν;;1
πανστρατιασ;;1
παραινεσισ;;1
επικελευσιν;;1
παραστηι;;1
αναρριπτουμεν;;1
νικησωμεν;;1
προσκτασθε;;1
ελευθερουτε;;1
χωρησατε;;1
ιπποκρατουσ;;1
παρακελευομενου;;1
επελθοντοσ;;1
φθασαντοσ;;1
ρυακεσ;;1
καρτεραι;;1
ωθισμωι;;1
ξυνειστηκει;;1
επιεσαν;;1
θεσπιασ;;1
κυκλωθεντων;;1
κατεκοπησαν;;1
ταραχθεντεσ;;1
λουσ;;1
μαχομενον;;1
κατεφυγε;;1
περιπεμψαντοσ;;1
υπερφανεντων;;1
νομισαν;;1
εφεπομενων;;1
παραρρηγνυντων;;1
παρνηθα;;1
επιλαβουσησ;;1
διεσωθη;;1
βοιωτωι;;1
αποστρεψασ;;1
πραξει;;1
αναχωρησηι;;1
απεχεσθαι;;1
τειχισαντασ;;1
βεβηλωι;;1
αψαυστον;;1
χερνιβι;;1
ανασπασαντασ;;1
υδρευεσθαι;;1
επικαλουμενουσ;;1
ομωχετασ;;1
δαιμονασ;;1
αδι;;1
κουντασ;;1
αμυνωνται;;1
βραχυτερασ;;1
τροποισ;;1
ειωθοσι;;1
εξαναστησαντεσ;;1
αλλοτριοισ;;1
κινησαι;;1
προσθεσθαι;;1
κατειργομενον;;1
ακουσιων;;1
ονομασθηναι;;1
τολμησασιν;;1
αξιουντασ;;1
ασεβειν;;1
σπενδουσιν;;1
αναιρεισθαι;;1
ωρωπιαν;;1
απαιτουσιν;;1
μεταπεμψαμενοι;;1
βεβοηθηκοτων;;1
δισχιλιων;;1
εξεληλυθοτων;;1
προσηγαγον;;1
κεραιαν;;1
πρισαντεσ;;1
εκοιλαναν;;1
ξυνηρμοσαν;;1
αυλον;;1
ηρτησαν;;1
ακροφυσιον;;1
σιδηρουν;;1
νευον;;1
εσεσιδηρωτο;;1
ξυλου;;1
αμαξαισ;;1
αμπελωι;;1
φυσασ;;1
εσθεντεσ;;1
εφυσων;;1
πνοη;;1
ιουσα;;1
στεγανωσ;;1
ανθρακασ;;1
ημμενουσ;;1
πισσαν;;1
ηψε;;1
απολιποντασ;;1
αλωναι;;1
εσβαν;;1
επτακαιδεκατηι;;1
ληφθεντοσ;;1
επισταμενου;;1
σκευοφορων;;1
πλευσαντι;;1
σικυ;;1
ωνιαν;;1
αποβεβηκοτασ;;1
σευθησ;;1
αδελφιδουσ;;1
εβασιλευσεν;;1
ησπερ;;1
επειρασε;;1
αρισταγορασ;;1
μιλησιοσ;;1
τριακοστωι;;1
εκπεμφθεντοσ;;1
περιρρεοντοσ;;1
μακρωι;;1
περιφανη;;1
ωικισεν;;1
αρνων;;1
αυλωνα;;1
βορμισκον;;1
βολβη;;1
εξιησιν;;1
δειπνοποιησαμενοσ;;1
υπενειφεν;;1
ωρμησε;;1
οικητορεσ;;1
προσοικουντεσ;;1
παρετυχεν;;1
εμπολιτευοντασ;;1
ενδοθησεται;;1
οικουντων;;1
αλισκομενων;;1
καταφευγοντων;;1
ηθελησε;;1
ιδρυσασ;;1
επεδραμε;;1
προδιδουσι;;1
ανοιγεσθαι;;1
ευκλεουσ;;1
φυλαξ;;1
ολορου;;1
προκαταλαβων;;1
θασου;;1
χρυσειων;;1
εργασιασ;;1
προκατασχειν;;1
αφικνουμενου;;1
ελπισαν;;1
αγειραντα;;1
προσχωροιη;;1
μετριαν;;1
ανειπων;;1
εθελοντα;;1
εκφερομενον;;1
αλλοιοτεροι;;1
εμπολιτευον;;1
ξυμμεικτον;;1
συχνοισ;;1
αφιεμενοι;;1
διαδικαιουντων;;1
ακροωμενον;;1
εκηρυξεν;;1
εθελησαντασ;;1
επιχωρησαι;;1
καταπλευσασ;;1
προυχουσαν;;1
κρατοιη;;1
αποπειρασασ;;1
απεκρουσθη;;1
μυρκινοσ;;1
προσεχωρησεν;;1
ηδωνικη;;1
πιττακου;;1
γοαξιοσ;;1
βραυρουσ;;1
γαληψοσ;;1
οισυμη;;1
ναυπηγησιμων;;1
παροδοσ;;1
διαγοντων;;1
γεφυρασ;;1
λιμνησ;;1
τηρουμενων;;1
ελευθερωσων;;1
εκπεμφθειη;;1
πραοτητα;;1
επιπαριεναι;;1
εψευσμενοισ;;1
ασαφει;;1
επιθυμουσιν;;1
απερισκεπτωι;;1
προσιενται;;1
αυτοκρατορι;;1
πεπληγμενων;;1
εφολκα;;1
εθαρ;;1
σουν;;1
οργωντων;;1
προσαποστελλειν;;1
υπηρετησαν;;1
κατεσκαψαν;;1
ακτην;;1
διορυγματοσ;;1
αθωσ;;1
αιγαιον;;1
σανην;;1
κλεωνασ;;1
ακροθωιουσ;;1
ολοφυξον;;1
οικουνται;;1
διγλωσσων;;1
οικησαντων;;1
βισαλτικον;;1
κρηστωνικον;;1
ηδωνεσ;;1
μικρα;;1
σανη;;1
εμμεινασ;;1
κατεχομενην;;1
διοσκορειον;;1
εμφρουρουντασ;;1
ηξοι;;1
εσκομιζουσι;;1
ταχθεντων;;1
κατεδεισαν;;1
λυσιστρατοσ;;1
ολυνθιοσ;;1
διαδυντεσ;;1
ανωτατω;;1
φυλακτηριου;;1
καναστραιον;;1
διηιρουν;;1
προπεμπει;;1
ανοιχθειεν;;1
αρθειη;;1
εσδραμοιεν;;1
θαυμαζοντεσ;;1
παρασκευαζοντεσ;;1
εσεληλυθοτων;;1
πυλισ;;1
διηιρητο;;1
μοχλου;;1
διακοπεντοσ;;1
ανεωιγοντο;;1
περιαγαγοντεσ;;1
ανεσχον;;1
εσεδεχοντο;;1
εμβοησαντασ;;1
παρασχοντασ;;1
εσεπιπτον;;1
τετραγωνουσ;;1
πεπτωκοτι;;1
οικοδομουμενωι;;1
ανολκην;;1
προσκειμεναι;;1
εσκεδαννυντο;;1
αλωσεωσ;;1
εθορυβειτο;;1
καθευδοντεσ;;1
απειλημμενον;;1
τορωναιοισ;;1
καταπεφευγοσι;;1
εξελθοντα;;1
προσπεμψασ;;1
ληκυθου;;1
εκλειψειν;;1
ανελεσθαι;;1
εκρατυνατο;;1
πεισθεντασ;;1
διαφθερων;;1
καταπεφευ;;1
γοσιν;;1
δικαιοτερα;;1
πρασσουσιν;;1
πεφοβησθαι;;1
αμαρτανωσιν;;1
διελθουσων;;1
τειχι;;1
σματοσ;;1
μηχανησ;;1
ενησειν;;1
ξυλινα;;1
προσκομιειν;;1
επιμαχωτατον;;1
αμφορεασ;;1
πιθουσ;;1
ανεφορησαν;;1
ανεβησαν;;1
λαβον;;1
αχθοσ;;1
κατερραγη;;1
ψοφου;;1
ελυπησε;;1
επιφερομενοσ;;1
εγκατελαβε;;1
εφθειρεν;;1
κηρυξασ;;1
επιβαντι;;1
απεδωκεν;;1
καθελων;;1
ανασκευασασ;;1
επεβουλευεν;;1
προσαποστησαι;;1
παρασκευασαιντο;;1
επιθυμησειν;;1
χωρησαντοσ;;1
καταστησαντοσ;;1
κινδυ;;1
νευσειν;;1
κηρυκευομενοι;;1
εξευρησομεν;;1
κορυφασιωι;;1
βουφραδοσ;;1
τομεωσ;;1
μενοντασ;;1
κυθηροισ;;1
μινωιαι;;1
υπερβαινοντασ;;1
νισου;;1
ποσειδωνιου;;1
μηδετερωσε;;1
τροιζηνι;;1
κωπηρει;;1
πεντακοσια;;1
αγοντι;;1
μετρα;;1
ακολουθοισ;;1
οποσοισ;;1
δικων;;1
ιουσι;;1
αυτομολουσ;;1
αμφιλογα;;1
διαλυοντασ;;1
διδασκετε;;1
λεγητε;;1
κελευετε;;1
ακαμαντισ;;1
επρυτανευε;;1
φαινιπποσ;;1
εγραμματευε;;1
νικιαδησ;;1
επεστατει;;1
αγαθηι;;1
ξυγχωρουσι;;1
τετραδα;;1
λυσισ;;1
εσιηι;;1
δαιμονι;;1
γεραστιου;;1
ξυνετιθεντο;;1
ταυροσ;;1
εχετιμιδα;;1
περικλειδα;;1
ερυξιλαιδα;;1
αινεασ;;1
ωκυτου;;1
δαμοτιμοσ;;1
ναυκρατουσ;;1
ονασιμοσ;;1
μεγακλεουσ;;1
νικασοσ;;1
κεκαλου;;1
μενεκρατησ;;1
αμφιδωρου;;1
αμφιασ;;1
ευπαιιδα;;1
επηρχοντο;;1
κατενεχθηναι;;1
αχαιοι;;1
προπλεουσηι;;1
κελητιωι;;1
εφεπομενοσ;;1
περιτυγχανοι;;1
αμυνοι;;1
τρεψεσθαι;;1
διασωσειν;;1
αξιωτατουσ;;1
απειλημμενησ;;1
αυτεπαγγελτοι;;1
ανεμειναν;;1
θησεται;;1
πιστοτατουσ;;1
αληθειαι;;1
τιμησειν;;1
χρυσωι;;1
στεφανωι;;1
ανεδησαν;;1
ελευθερουντα;;1
εταινιουν;;1
προσηρχοντο;;1
αθλητηι;;1
επεραιωσε;;1
εγχειρησειν;;1
περιαγγελλοντεσ;;1
ανηγγελλον;;1
κατηινει;;1
αφεστηκοιεν;;1
απηγγελλεν;;1
αντεποιουντο;;1
ανωφελει;;1
εδικαιουν;;1
μενδη;;1
προυδιδου;;1
καταδηλον;;1
καταβιασαμενων;;1
αμφοτερασ;;1
υπεκκομιζει;;1
διεπεμψε;;1
πολυδαμιδαν;;1
λυγκον;;1
ακανθιουσ;;1
ευροντεσ;;1
αντεστρατοπεδευμενουσ;;1
αντεκαθεζοντο;;1
ιππομαχησαν;;1
προελθοντων;;1
αντεπαγαγοντεσ;;1
καθησθαι;;1
περιορωμενοσ;;1
επιπλευσαντων;;1
παθηι;;1
ιλλυριων;;1
ιλλυριοι;;1
μαχιμων;;1
κυρωθεν;;1
οπηνικα;;1
εκπληγνυσθαι;;1
πολλαπλασιουσ;;1
αισθανομενον;;1
προαπελθειν;;1
ξυναγαγων;;1
τετραγωνον;;1
εκδρομουσ;;1
προσβαλλοιεν;;1
νεωτατουσ;;1
υποχωρων;;1
προσκεισομενοισ;;1
ισταμενοσ;;1
μεμονωσθαι;;1
διδαχην;;1
παρακελευσει;;1
εποιουμην;;1
απολειψιν;;1
υπομνηματι;;1
παραι;;1
νεσει;;1
παρουσιαν;;1
πεφο;;1
βησθαι;;1
πολιτειων;;1
δυναστειαν;;1
δεδιτε;;1
προηγωνισθε;;1
μακεδοσιν;;1
διδαχη;;1
αληθησ;;1
προσγενομενη;;1
προσεστιν;;1
απειροισ;;1
φοβεραν;;1
αφορητοι;;1
κενησ;;1
επανασεισισ;;1
απειλησ;;1
υπομενουσιν;;1
αισχυνθειεν;;1
λιπειν;;1
ανεξελεγκτον;;1
πρεποντωσ;;1
πορισειε;;1
προυπαρχον;;1
σπερχον;;1
επιφερομενον;;1
υπαγαγοντεσ;;1
αφιζεσθε;;1
οχλοι;;1
απειλαισ;;1
επικομπουσιν;;1
ειξωσιν;;1
ενδεικνυνται;;1
υπηγε;;1
διαφθερειν;;1
εκδρομαι;;1
υφιστατο;;1
επακολουθουν;;1
λοφοιν;;1
στενη;;1
προκατελαβον;;1
κυκλουνται;;1
αποληψομενοι;;1
προειπε;;1
ταξεωσ;;1
εκκρουσαι;;1
ουκετ;;1
θοριοισ;;1
αντελαβετο;;1
μετεωρων;;1
ιων;;1
αρνισαν;;1
προαναχωρησει;;1
ενετυχον;;1
ζευγεσιν;;1
βοεικοισ;;1
σκευει;;1
εκπεπτωκοτι;;1
νυκτερινηι;;1
φοβεραι;;1
υπολυοντεσ;;1
κατεκοπτον;;1
οικειωσιν;;1
ενομισε;;1
αναγκαιων;;1
διαναστασ;;1
καταλαμβανει;;1
ησυχαζων;;1
λυγκωι;;1
εξεπλευσαν;;1
μισθωτοισ;;1
πελτασταισ;;1
νικο;;1
εξεστρατοπεδευμενοι;;1
μεθωναιουσ;;1
ατραπον;;1
τραυματιζομενοσ;;1
εδυνηθη;;1
δυσπροσβατωι;;1
εθορυβηθη;;1
νικηθηναι;;1
επελθουσησ;;1
επεξιοντοσ;;1
στασιασμου;;1
ημισει;;1
προσεκαθητο;;1
μενδαιοισ;;1
κειμενα;;1
διατασσει;;1
δαιοισ;;1
στασιωτικον;;1
επεξεισιν;;1
επισπασθεντοσ;;1
θορυβηθεντοσ;;1
περιοργησ;;1
ανοιγομενων;;1
φοβηθεντων;;1
προειρημενου;;1
ναιοι;;1
επαναστρεψασ;;1
ανοιχθεισαν;;1
διαφθειρεσθαι;;1
απετειχισαν;;1
επικαθισταντο;;1
αντεπεξελθοντεσ;;1
ιδρυθησαν;;1
περιτειχισισ;;1
εκκρουσαντεσ;;1
μενδηι;;1
περιτειχιζομενησ;;1
επικηρυκευσαμενοσ;;1
πορευσειν;;1
αφικνεισθαι;;1
θεσσαλιαι;;1
αμεινιασ;;1
ηβωντων;;1
εντυχουσιν;;1
κλεωνυμου;;1
ηγησανδρου;;1
παρεσχηκοσ;;1
ανθοσ;;1
ηρασ;;1
ιερειασ;;1
λυχνον;;1
θεισησ;;1
ημμενον;;1
στεμματα;;1
επικαταδαρθουσησ;;1
αφθεντα;;1
φλεχθεντα;;1
δεισασα;;1
ιερειαν;;1
νομου;;1
προκειμενου;;1
φαεινιδα;;1
επελαβεν;;1
επεφευγει;;1
περιετετειχιστο;;1
επιοντι;;1
λαοδοκειωι;;1
ορεσθιδοσ;;1
αμφιδηριτοσ;;1
διαφθαρεντων;;1
αγχωμαλου;;1
αφελομενησ;;1
βουκολιωνα;;1
απεπειρασε;;1
κλιμακα;;1
κωδωνοσ;;1
παρενεχθεντοσ;;1
επανελθειν;;1
παραδιδοντα;;1
προσθεσισ;;1
ανεμεινεν;;1
ε;;1
ενιαυσιοι;;1
πυθιων;;1
καθαρουσ;;1
ιερωσθαι;;1
δηλιοι;;1
εξεπλευσε;;1
μαχων;;1
σχων;;1
κωφον;;1
τορω;;1
ενοντεσ;;1
περιεπεμψε;;1
προσπεριεβαλε;;1
διελων;;1
εβιαζοντο;;1
περιπεμφθεισαι;;1
εγκατα;;1
απολιπων;;1
διηιρημενον;;1
ξυνεσπεσων;;1
εαλωκυιαν;;1
αποσχων;;1
πελοποννησιον;;1
ολυνθιων;;1
λυθεισ;;1
καταστησαμενοσ;;1
αθων;;1
ερασιστρατου;;1
εξεπλευσεν;;1
επεγραψαντο;;1
αναδασασθαι;;1
ερημωσαντεσ;;1
αρεσκεσθαι;;1
φωκαιασ;;1
εκπεσοντων;;1
φαιακα;;1
ξικελιωτασ;;1
περιποιουμενων;;1
επιστρατευσαι;;1
διασωσειαν;;1
καμαριναιουσ;;1
ακραγαντινουσ;;1
αντισταντοσ;;1
παρακομιδηι;;1
εχρηματισε;;1
εντυγχανει;;1
εποικοισ;;1
εκπεπτωκοσιν;;1
εποικοι;;1
εντυχων;;1
κομιζομενοισ;;1
ηδικησεν;;1
ξυνηλλασσοντο;;1
κατειχεν;;1
ιππωνιασ;;1
μεδμαιουσ;;1
περιεπλευσεν;;1
σταγιρωι;;1
προσβαλλει;;1
γαληψον;;1
οδομαντων;;1
αξοντασ;;1
περιμενων;;1
αντεκαθητο;;1
κατεφαινετο;;1
υπεριδοντα;;1
αναβησεσθαι;;1
μισθωτουσ;;1
παρακαλων;;1
μυρκινιων;;1
ηθροισθη;;1
εκαθητο;;1
ηναγκασθη;;1
αχθομενων;;1
εδραι;;1
αναλογιζομενων;;1
ανεπιστημοσυνησ;;1
γενησοιτο;;1
καθη;;1
βαρυνεσθαι;;1
επιστευσε;;1
ηλπισεν;;1
αναβαινειν;;1
αναγκαζηται;;1
περισχησων;;1
περιστασ;;1
αιρησων;;1
εθεατο;;1
λιμνωδεσ;;1
κεκληιμεναι;;1
ανηλθεν;;1
κινουμενουσ;;1
καταβασ;;1
επεξοδον;;1
καθαρον;;1
λημνιων;;1
ιμβριων;;1
επιθησο;;1
δειξειε;;1
οπλισιν;;1
προοψεωσ;;1
καταφρονησεωσ;;1
κλεαριδαι;;1
εβουλευετο;;1
μεμονωμενουσ;;1
ελθουσα;;1
παραθαρσυναι;;1
ελευθερασ;;1
δεδηλωμενον;;1
διανοουμαι;;1
φαινομενον;;1
ατολμιαν;;1
καταφρονησει;;1
ελπισαντασ;;1
επεξελθοι;;1
αναβηναι;;1
τετραμμενουσ;;1
ολιγωρειν;;1
αντιπαραταχθεντοσ;;1
κλεμματα;;1
απατησασ;;1
μεγιστ;;1
ωφελησειεν;;1
υπαπιεναι;;1
μενοντοσ;;1
ανειμενωι;;1
ξυνταθηναι;;1
δυνωμαι;;1
προσπεσουμαι;;1
οραισ;;1
προσκειμενον;;1
φοβουντα;;1
σεαυτου;;1
αμφιπολιτασ;;1
ανοιξασ;;1
μιοισ;;1
μαχομενου;;1
γιγνου;;1
ακολουθησατε;;1
κεκλησθαι;;1
δουλοισ;;1
θανατωσεωσ;;1
κωλυταισ;;1
μαλακισθητε;;1
δειξω;;1
επεξιοιεν;;1
καταβαντοσ;;1
επιφανει;;1
θυομενου;;1
πρασσοντοσ;;1
εξιοντων;;1
υποφαινονται;;1
φθησεσθαι;;1
σημαινειν;;1
παρηγγειλε;;1
υπαγειν;;1
σχολη;;1
επιστρεψασ;;1
απηγε;;1
κινουμενον;;1
δορατων;;1
κεφαλων;;1
ανοιγετω;;1
επεξιωμεν;;1
πρωτασ;;1
ευθειαν;;1
καρτερωτατον;;1
ιοντι;;1
εστηκε;;1
πεφοβημενοισ;;1
εκπεπλη;;1
γμενοισ;;1
επεφερετο;;1
θορυβηθηναι;;1
απορραγεν;;1
εφευγεν;;1
υποχωρουντοσ;;1
τιτρωσκεται;;1
πεσοντα;;1
απηνεγκαν;;1
καταληφθεισ;;1
μυρκινιου;;1
πελταστου;;1
προσβαλοντα;;1
μυρκινια;;1
χαλκιδικη;;1
φυγον;;1
διαλιπων;;1
αναχωρησασα;;1
εσκυλευσε;;1
εστησεν;;1
εθαψαν;;1
περιειρξαντεσ;;1
ηρωι;;1
εντεμνουσι;;1
δεδωκασιν;;1
ετησιουσ;;1
οικιστηι;;1
αγνωνεια;;1
μνημοσυνον;;1
οικισεωσ;;1
σωτηρα;;1
παραταξεωσ;;1
προεκφοβησεωσ;;1
ραμφιασ;;1
αυτοχαριδασ;;1
επικυδιδασ;;1
ενακοσιων;;1
ενδιατριβοντων;;1
πιεριου;;1
ραμφιαν;;1
απεληλυθοτων;;1
καθυ;;1
περτεροι;;1
αποστωσι;;1
τεμνοιεν;;1
κυνουριαν;;1
αποδωσει;;1
γενεισ;;1
ουπωσ;;1
φερομενοι;;1
ενδεξαμενουσ;;1
ησσα;;1
καταφανεστεροσ;;1
απιστοτεροσ;;1
εκατεραι;;1
στρατηγιαισ;;1
απαθησ;;1
ηξιουτο;;1
πεπαυσθαι;;1
μελλοντι;;1
σφηλασ;;1
διεγενετο;;1
διαβαλλομενοσ;;1
ενθυμιαν;;1
προβαλλομενοσ;;1
πταισειαν;;1
παρανομηθεισαν;;1
προμαντιν;;1
αριστοκλεουσ;;1
θεωροισ;;1
αφικνουμενοισ;;1
υιου;;1
ημιθεου;;1
αργυρεαι;;1
ευλακαι;;1
ευλαξειν;;1
προτρεψαι;;1
δωρων;;1
οικουντα;;1
χοροισ;;1
κτιζοντεσ;;1
σφαλματοσ;;1
ανεπιληπτοσ;;1
διαβαλλεσθαι;;1
προεπανεσεισθη;;1
περιαγγελλομενη;;1
εσακουοιεν;;1
δικαιωσεισ;;1
προενεγκοντων;;1
ξυνεχωρειτο;;1
ανταπαιτουντων;;1
προδοντων;;1
μαντευεσθαι;;1
θεωρειν;;1
αυτοτελεισ;;1
αυτοδικουσ;;1
χρησθων;;1
ξυνθωνται;;1
φερουσασ;;1
αριστειδου;;1
αποδιδοντων;;1
αργιλοσ;;1
σκωλοσ;;1
ολυνθοσ;;1
σπαρτωλοσ;;1
βουλομενασ;;1
μηκυβερναιουσ;;1
σαναιουσ;;1
σιγγαιουσ;;1
πτελεον;;1
εσεπεμψε;;1
ουστινασ;;1
στηλασ;;1
πυθοι;;1
ισθμοι;;1
αθηνησιν;;1
αμνημονουσιν;;1
οποτεροιουν;;1
δικαιοισ;;1
χρωμενοισ;;1
μεταθειναι;;1
αρτεμισιου;;1
αλκαιοσ;;1
φθι;;1
νοντοσ;;1
διονυσιων;;1
αστικων;;1
αυτοδεκα;;1
παρενεγκουσων;;1
σκοπειτω;;1
σημαινοντων;;1
απαριθμησιν;;1
αρχο;;1
μεσουσι;;1
αριθμων;;1
ελαχον;;1
μηναν;;1
φιλοχαριδαν;;1
επιτηδειασ;;1
απολογησομενοσ;;1
κατηγορωσιν;;1
επειθετο;;1
μετακινητη;;1
ενεισιν;;1
δικαιοτερασ;;1
αμπελιδου;;1
λιχου;;1
επισπενδεσθαι;;1
ποιωσιν;;1
δουλεια;;1
επανιστηται;;1
επικουρειν;;1
ομουνται;;1
δαιμονα;;1
αθηναι;;1
ενδεκατου;;1
δεκετη;;1
πλειστολα;;1
αλκαιου;;1
διεκινουν;;1
προιοντοσ;;1
ξυγκει;;1
γεγραφε;;1
κατεπαυσαν;;1
διηιρηται;;1
αθρειτω;;1
κριθηναι;;1
μαντινικον;;1
επιδαυριον;;1
δεχημερον;;1
δεκετει;;1
ανο;;1
κωχηι;;1
λογιζομενοσ;;1
παρενεγκουσασ;;1
χρησμων;;1
ισχυρισαμενοισ;;1
εχυρωσ;;1
ξυμβαν;;1
μεμνημαι;;1
ετελευτησε;;1
προφερομενον;;1
επεβιων;;1
προσεχων;;1
εισομαι;;1
στρατηγιαν;;1
γενομενωι;;1
πραγμασι;;1
ξυγχυσιν;;1
επολεμηθη;;1
εξηγησομαι;;1
πεντηκοντουτεισ;;1
παρεκληθησαν;;1
εχθιστουσ;;1
βουλομενην;;1
αυτονομοσ;;1
επιμαχειν;;1
καταφανεισ;;1
προσχωρησεσθαι;;1
ανηνεγκαν;;1
εκκαρπωσαμενοι;;1
κατεστραπτο;;1
σχολην;;1
εγεγραπτο;;1
γραμμα;;1
διεθορυβει;;1
δουλωσασθαι;;1
γεγραφθαι;;1
μεταθεσιν;;1
σπεισεσθαι;;1
ηιτιωντο;;1
εσηγησιν;;1
ψηφισηται;;1
παρεκαλεσαν;;1
ηδικουντο;;1
απελαβον;;1
αφισταντο;;1
ομοσαντεσ;;1
ευορκειν;;1
διαφερομενοι;;1
λεπρεου;;1
παρακληθεντων;;1
λυσαντων;;1
νεμομενοισ;;1
ολυμπιωι;;1
αποφερειν;;1
απεφερον;;1
επηναγκαζον;;1
επιτραπεισησ;;1
ανεντεσ;;1
εδικασαν;;1
λεπρεατασ;;1
εμμειναντων;;1
επιτροπηι;;1
προφεροντεσ;;1
αττικον;;1
ολιγαρχουμενοισ;;1
σκιω;;1
εκπολιορκησαντεσ;;1
πλαταιευσιν;;1
φορασ;;1
ανεισαν;;1
ωρρωδησαν;;1
προσχωρηι;;1
επισπονδασ;;1
πεντηκοντουτιδων;;1
ακολουθησαντασ;;1
απειπειν;;1
ξυνθεσθαι;;1
ασπονδοσ;;1
αναιρησοντεσ;;1
παρρασικηι;;1
σκιριτιδι;;1
παρρασιων;;1
φυλαξι;;1
παρρασιοισ;;1
εξελθοντων;;1
μαχεσαμενουσ;;1
ελασσωθησεσθαι;;1
πριαμενουσ;;1
πωλουντασ;;1
κυριουσ;;1
αθω;;1
ακτηι;;1
επιμειξιαι;;1
αποδοσιν;;1
απεδεδωκεσαν;;1
θελωσι;;1
αναγκασουσιν;;1
προυθεντο;;1
εσιοντασ;;1
απαιτουντων;;1
αποδεδωκοτεσ;;1
πεποιηκεναι;;1
εγκρατεισ;;1
εσαγαγειν;;1
κρανιοισ;;1
κεφαλ;;1
ληνιασ;;1
ησυχια;;1
εφοδοι;;1
ελθουσων;;1
πρεσβειων;;1
ξυμβαντων;;1
ιδιουσ;;1
παραινουντεσ;;1
αναγκασθηναι;;1
διαλυσεωσ;;1
επιθυμουντασ;;1
παραδωσουσι;;1
στωνται;;1
επεσταλμενοι;;1
ξεναρουσ;;1
κλεοβουλου;;1
απαγγειλαι;;1
ξυγγενομενοι;;1
προχωρησαντοσ;;1
χρω;;1
ακουουσιν;;1
επεσταλκεσαν;;1
ψουσιν;;1
ξυγγενομενων;;1
ηρεσκοντο;;1
προθυμοτεροι;;1
σπευδειν;;1
αποστελειν;;1
ξυνομνυναι;;1
ποιησωσι;;1
αφεστωσι;;1
ξυνομνυντεσ;;1
ειπωσιν;;1
προδιαγνοντεσ;;1
βουλασ;;1
αμελεια;;1
διατριβη;;1
μηκυβερναν;;1
φρουρουντων;;1
επιδραμοντεσ;;1
απολαβοιεν;;1
κομισωνται;;1
αδικησουσιν;;1
κομιουμενοι;;1
ξυγχεαι;;1
σπευδοντων;;1
προθυμουμενων;;1
καθηιρειτο;;1
ενδεκατον;;1
καθαιρουμενον;;1
μονωθωσι;;1
πεπεισθαι;;1
μεινειαν;;1
απορουντεσ;;1
τεγεαταισ;;1
ευστροφον;;1
αισωνα;;1
προσφιλεστατοι;;1
ξυγχωρηι;;1
διαφερονται;;1
ανθηνην;;1
εωντων;;1
οποτεροισουν;;1
προκαλεσαμενοισ;;1
μωρια;;1
επεθυμουν;;1
ξυνεγραψαντο;;1
επαναχωρησαντασ;;1
αρεσκοντα;;1
ανδρομενησ;;1
φαιδιμοσ;;1
αντιμενιδασ;;1
παραλαβοντασ;;1
καθηιρημενον;;1
νεμειν;;1
ανδρομενη;;1
καθαιρεσιν;;1
καθαιρεσει;;1
προσαναγκασειν;;1
εξελελοιπεσαν;;1
νεοσ;;1
τιμωμενοσ;;1
τιμησαντεσ;;1
απειποντοσ;;1
αιχμαλω;;1
ανανεωσασθαι;;1
προκαλουμενουσ;;1
ξυμπραξων;;1
πραχθεισαν;;1
ημελουν;;1
ξυμπολεμησειν;;1
απαιτησοντεσ;;1
απολογησομενοι;;1
αυτοκρα;;1
τορεσ;;1
επαγαγωνται;;1
απωσθηι;;1
ομολογησωσιν;;1
αντιλεγειν;;1
ξυναλλαξειν;;1
επερωτωμενοι;;1
καταβοωντοσ;;1
επικυρωθηναι;;1
ανεβληθη;;1
ηπατημενων;;1
εξηπατημενοσ;;1
ομολογησαι;;1
επισχοντασ;;1
απρεπει;;1
αναβαλλεσθαι;;1
ευπραγιαν;;1
δυστυχουσιν;;1
ευρημα;;1
διακινδυ;;1
νευσαι;;1
εσιωσι;;1
πεποιησθαι;;1
ανησουσι;;1
εσιουσιν;;1
ανησειν;;1
επικρατουντων;;1
ξεναρη;;1
εφορον;;1
δεομενου;;1
ατελη;;1
απελθηι;;1
διαβληθηι;;1
παραγαγοντοσ;;1
βοηθουσιν;;1
πεμπουσα;;1
παρεχετω;;1
επαγγειλασαν;;1
διδοτω;;1
οπλιτηι;;1
ψιλωι;;1
τοξοτηι;;1
οβολουσ;;1
αιγιναιουσ;;1
ιππει;;1
αιγιναιαν;;1
εχετω;;1
μετειναι;;1
τελειων;;1
αβλαβωσ;;1
παραβησομαι;;1
ενδημοι;;1
αρτυναι;;1
πολεμαρχοι;;1
ηλιδι;;1
θεσμοφυλακεσ;;1
ολυμπιων;;1
παναθηναιων;;1
λιθινηι;;1
καταθεντων;;1
ολυμπιοισ;;1
ξυγκειμενοισ;;1
βουλευομεναισ;;1
απειρηντο;;1
ξυνεπι;;1
ανδροσθενησ;;1
αρκασ;;1
παγκρατιον;;1
ειρχθησαν;;1
εκτινοντεσ;;1
ολυμπιακωι;;1
κατεδικασαντο;;1
φυρκον;;1
ολυμπιακαισ;;1
εσπεμψαι;;1
καταδικη;;1
δισχιλιαι;;1
οπλιτην;;1
καταδεδικασθαι;;1
επηγγελθαι;;1
επαγγελλουσιν;;1
αδικη;;1
ουδαμοσε;;1
εκτισειν;;1
καταδικην;;1
πρεατων;;1
θυσωσι;;1
αρπινηι;;1
πανηγυρει;;1
ραβδουχων;;1
πληγασ;;1
νικωντοσ;;1
ζευγουσ;;1
ανακηρυχθεντοσ;;1
αγωνισεωσ;;1
ανεδησε;;1
ηνιοχον;;1
αρμα;;1
επεφοβηντο;;1
ηρακλεωταισ;;1
αινιανασ;;1
δολοπασ;;1
μηλιασ;;1
προσοικουντα;;1
καθισταμενηι;;1
φθειροντεσ;;1
ηρακλεωτασ;;1
κνιδιοσ;;1
ηρακλεωτων;;1
δωδεκατον;;1
εφθειρετο;;1
διαπορευομενοσ;;1
πατρεασ;;1
καθειναι;;1
τειχισθεν;;1
πυθαεωσ;;1
βοταμιων;;1
κυριωτατοι;;1
βραχυτεραν;;1
σκυλλαιον;;1
εσπραξιν;;1
λευκτρα;;1
επεμφθη;;1
θυομενοισ;;1
καρνειοσ;;1
ιερομηνια;;1
στρατευσομενουσ;;1
καρνειου;;1
τετραδι;;1
μηνα;;1
προυφασισαντο;;1
μεθοριαν;;1
παρακαλεσαντων;;1
ξυγκαθησθαι;;1
καρυασ;;1
επανε;;1
εξεστρατευσθαι;;1
χοντα;;1
επεκαλουν;;1
γεγραμμενον;;1
εασειαν;;1
παραπλευσαι;;1
κομιουσιν;;1
μεσ;;1
σηνιουσ;;1
υπεγραψαν;;1
ενεδραι;;1
καταδρομαι;;1
αμιπποι;;1
προαισθομενοι;;1
απαντωσι;;1
μεθυδριωι;;1
μεμονωμενοισ;;1
καταβησεσθαι;;1
νεμεαν;;1
ορθιον;;1
καταβαινειν;;1
χρωιντο;;1
διαταξασ;;1
σαμινθον;;1
δηιουμενα;;1
παρετασσοντο;;1
αντιπαρεσκευαζοντο;;1
απειλημμενοι;;1
απειληφεναι;;1
αλκιφρων;;1
προσελθοντε;;1
διελεγεσθην;;1
επικαλουσιν;;1
σαμενουσ;;1
βουλευσαμενοσ;;1
ξυστρατευομενων;;1
αποκεκληιμενων;;1
ξυνηλθεν;;1
αρκαδεσ;;1
προσγενομενηι;;1
σπεισαμενουσ;;1
χαραδρωι;;1
κρινουσιν;;1
λευειν;;1
καταφυγων;;1
εδημευσαν;;1
εστρατηγουν;;1
ωκνουν;;1
χρηματισαι;;1
κατηναγκασαν;;1
πρεσβευτου;;1
αρκαδικον;;1
υπελειποντο;;1
ομηροι;;1
κειμενοι;;1
προαπολωνται;;1
προσεθεντο;;1
τετραμηνουσ;;1
χειρωσαμενον;;1
κατασκαψαι;;1
μυριασι;;1
δραχμων;;1
ζημιωσαι;;1
παρηιτειτο;;1
ρυσεσθαι;;1
τευσαμενοσ;;1
κατασκαφην;;1
τεγεα;;1
οξεια;;1
ορεσθειον;;1
μαιναλιασ;;1
αθροισθεισιν;;1
ορεσθειου;;1
αποπεμψαντεσ;;1
πρεσβυτερον;;1
λοιπωι;;1
ξυνεκληιε;;1
ηρακλειωι;;1
λιθου;;1
βολησ;;1
επεβοησεν;;1
διανοειται;;1
ιασθαι;;1
επαιτιου;;1
αναληψιν;;1
επιβοημα;;1
απηγεν;;1
τεγεατιν;;1
βλαπτοντοσ;;1
εσπιπτηι;;1
εκτροπην;;1
πυθωνται;;1
καταβιβασαι;;1
ομαλωι;;1
καταπλαγεντεσ;;1
εικασωσιν;;1
απεκρυψαν;;1
αποδιδρασκοντασ;;1
επιδιωκει;;1
σωιζονται;;1
προδιδονται;;1
απαγουσιν;;1
ηρακλειον;;1
προεληλυθοτασ;;1
εξεπλαγησαν;;1
μελλησεωσ;;1
εξη;;1
γουμενου;;1
αγοντοσ;;1
πολεμαρχοισ;;1
λοχαγοισ;;1
πεντηκοντηρσιν;;1
ενωμοταρχοισ;;1
παραγγελσεισ;;1
σκιριται;;1
βρασιδειοι;;1
ηραιησ;;1
μαιναλιοι;;1
ασκησιν;;1
εχομενοι;;1
κλεωναιοι;;1
ορνεαται;;1
γραψαι;;1
εδυναμην;;1
κρυπτον;;1
ηγνοειτο;;1
κομπωδεσ;;1
πληθη;;1
ηπιστειτο;;1
τοιουδε;;1
λοχωι;;1
πεντηκοστυεσ;;1
πεντηκοστυι;;1
ενωμοτιασ;;1
ζυγωι;;1
βαθοσ;;1
λοχαγοσ;;1
δεοντεσ;;1
ισομοιριασ;;1
στερισκομενουσ;;1
παρηινεθη;;1
παρακελευσιν;;1
σωιζουσαν;;1
ρηθεισαν;;1
εντονωσ;;1
αυλητων;;1
εγκαθεστωτων;;1
ομαλωσ;;1
ρυθμου;;1
βαινοντεσ;;1
προσελθοιεν;;1
διασπασθειη;;1
προσοδοισ;;1
εβουλευσατο;;1
δεξια;;1
κερατα;;1
ξυνοδοισ;;1
εξωθειται;;1
περιισχουσι;;1
προσστελλειν;;1
παρατεταγμενου;;1
ασπιδι;;1
πυκνοτητα;;1
ξυγκληισεωσ;;1
ευσκεπαστοτατον;;1
πρωτοστατησ;;1
προθυμουμενοσ;;1
εξαλλασσειν;;1
γυμνωσιν;;1
επονται;;1
σκιριταισ;;1
βρασιδειοισ;;1
εσημηνεν;;1
επεξαγαγοντασ;;1
εξισωσαι;;1
παρηγγελλεν;;1
πολεμαρχων;;1
ιππονοιδαι;;1
αριστοκλει;;1
τετα;;1
ξεσθαι;;1
παραγγειλαντι;;1
αριστοκλεα;;1
ιππονοιδαν;;1
θελησαι;;1
αιτιαμα;;1
δοξαντασ;;1
προσμειξει;;1
κληισαι;;1
ελασσωθεντεσ;;1
βρασιδειουσ;;1
ξυγκληισθεν;;1
κυκλωσαμενοι;;1
επιτεταγμενων;;1
λοχοισ;;1
ωνομασμενοισ;;1
κλεωναιοισ;;1
ορνεαταισ;;1
παρατεταγμενοισ;;1
καταπατηθεντασ;;1
εγκαταληψιν;;1
ενεδεδωκει;;1
παρερρηγνυντο;;1
εκατερα;;1
τεγεατων;;1
εκυκλουτο;;1
περιεχοντι;;1
κυκλουμενουσ;;1
πονουν;;1
παραγγειλαι;;1
νικω;;1
εξεκλινεν;;1
ησσηθεν;;1
εγκεισθαι;;1
νενικημενουσ;;1
λογαδων;;1
εσωθη;;1
αποχωρησισ;;1
χρονιουσ;;1
αξιολογωτατων;;1
ξυνελθουσα;;1
προθεμενοι;;1
ιστασαν;;1
εταφησαν;;1
ορνεατων;;1
κλεωναιων;;1
απογενεσθαι;;1
εβοηθησε;;1
απεστρεψαν;;1
επιφερομενην;;1
αβουλιαν;;1
βραδυτητα;;1
απελυσαντο;;1
θοντων;;1
εξεπαυσαντο;;1
προσεταχθησαν;;1
ξυγκαταλιποντεσ;;1
προυπεμπον;;1
ξυμβατηριουσ;;1
λογω;;1
αντιλογιασ;;1
προσδεξασθαι;;1
ξυμβατηριον;;1
ποττωσ;;1
ορχομενιοισ;;1
μαιναλιοισ;;1
εκβωντασ;;1
αναιριοντασ;;1
εικωντι;;1
αποδομεν;;1
σιω;;1
συματοσ;;1
λην;;1
δομεν;;1
αυτωσ;;1
πολιασ;;1
μικρασ;;1
αυτονομωσ;;1
πελοποννασον;;1
γαν;;1
αλεξεμεναι;;1
αμοθι;;1
βωλευσαμενωσ;;1
πελοποννασιοισ;;1
οικαδ;;1
απιαλλην;;1
επιμειξιασ;;1
αφεντασ;;1
διδοντασ;;1
πολιεσ;;1
κοινανεοντω;;1
σπονδαν;;1
αυτοπολιεσ;;1
τοισπερ;;1
λακεδαιμονιωσ;;1
πολιων;;1
αμφιλλογα;;1
αλλω;;1
διακριθημεν;;1
πολι;;1
εριζοι;;1
ελθην;;1
αντινα;;1
ισαν;;1
δοκειοι;;1
ετασ;;1
διελυσαντο;;1
τιθεμενοι;;1
εξιωσι;;1
ανεπεισαν;;1
ξυνομοσαι;;1
παλαιουσ;;1
ξυμφυλακασ;;1
εξαξοντα;;1
γυμνικον;;1
απεκληισε;;1
αντεχοντεσ;;1
ξυστρατευσαντεσ;;1
σικυωνι;;1
ξυναμφοτεροι;;1
κατελυσαν;;1
ληγοντοσ;;1
αθωι;;1
ξυνισταμενοσ;;1
αναθαρσησασ;;1
επεκρατησεν;;1
εξηλασεν;;1
αναβαλομενοι;;1
τεγεαι;;1
νενικηνται;;1
διαπεφευγοτων;;1
γυμνο;;1
ρηθεντων;;1
διατριβαι;;1
μελλησεισ;;1
προσαγομενοσ;;1
τειχιζει;;1
ειργωνται;;1
επαγωγη;;1
ξυνηιδεσαν;;1
τεκτονεσ;;1
τειχιζοντων;;1
πρασσομενον;;1
προυπαρχειν;;1
υπεδεχοντο;;1
κατεκληισαν;;1
παρασκευασαμενων;;1
εψευστο;;1
απαραντοσ;;1
υποπτουσ;;1
λεσβιαιν;;1
δηιουντεσ;;1
κλεομηδησ;;1
τεισιασ;;1
τεισιμαχου;;1
ξυνεχει;;1
ρησει;;1
ανελεγκτα;;1
εσαπαξ;;1
απατηθωσιν;;1
γιγνωσκομεν;;1
φρονει;;1
αγωγη;;1
καθημενοι;;1
γομεν;;1
ειπατε;;1
διδασκειν;;1
ψεγεται;;1
λεχθησομενων;;1
περιγενομενοισ;;1
ενδουσι;;1
πεισθεισι;;1
υπονοιασ;;1
λογιουμενοι;;1
ξυνηκετε;;1
βουλευσοντεσ;;1
παυοιμεθ;;1
λεγοιμεν;;1
παρεστι;;1
προκαλεισθε;;1
γιγνεσθω;;1
καταλυσαντεσ;;1
επεξερχομεθα;;1
παρεξομεν;;1
ξυνεστρατευσατε;;1
φρονουμεν;;1
διαπρασσεσθαι;;1
κρινεται;;1
ξυγχωρουσιν;;1
υπεθεσθε;;1
γιγνομενωι;;1
ακριβουσ;;1
ωφεληθηναι;;1
παυθηι;;1
αθυμουμεν;;1
νικηθεισιν;;1
αφεισθω;;1
ερουμεν;;1
δηλωσομεν;;1
κερδαινοιμεν;;1
δεξαισθε;;1
βλαπτει;;1
αρχομενοισ;;1
δηλουμενον;;1
κεχειρωνται;;1
ουδετερουσ;;1
ελλειπειν;;1
παρασχοιτε;;1
ασθενεστεροι;;1
περιγενοισθε;;1
ξυμφορωι;;1
πειθετε;;1
ξυμμαχουσι;;1
πολεμωσεσθε;;1
υπαρχοντασ;;1
μεγαλυνετε;;1
μελλησαντασ;;1
επαγεσθε;;1
δεινοτερουσ;;1
ελευθερωι;;1
διαμελλησιν;;1
αναρκτουσ;;1
αναγκαιωι;;1
παροξυνομενουσ;;1
αλογιστωι;;1
προυπτον;;1
καταστησειαν;;1
παυθηναι;;1
παρακινδυνευσιν;;1
ελευθεροισ;;1
κακοτησ;;1
οφλειν;;1
κρεισσονασ;;1
κοινοτερασ;;1
λαμβανοντα;;1
διαφερον;;1
παραμυθιον;;1
αναρριπτουσι;;1
δαπανοσ;;1
γιγνωσκεται;;1
γνωρισθεισαν;;1
ροπησ;;1
ανθρωπειωσ;;1
επιλιπωσιν;;1
μαντικην;;1
λυμαινεται;;1
οσιοι;;1
δικαιουσ;;1
ισταμεθα;;1
θρασυνομεθα;;1
ευμενειασ;;1
λελειψεσθαι;;1
νομισεωσ;;1
δικαιουμεν;;1
πρασσομεν;;1
ηγουμεθα;;1
κρατηι;;1
κειμενωι;;1
καταλειψοντεσ;;1
πιστευετε;;1
μακαρισαντεσ;;1
απειροκακον;;1
ζηλουμεν;;1
αφρον;;1
δηλωσειεν;;1
επιφανεστατα;;1
αλογου;;1
ξυμφεροντι;;1
προδοντασ;;1
ευνοισ;;1
απιστουσ;;1
δρασθαι;;1
ηγουμεθ;;1
εγχειρισασθαι;;1
βεβαιοτερουσ;;1
νομιειν;;1
κειμεθα;;1
ξυγγενει;;1
πιστοτεροι;;1
ξυναγωνιουμενοισ;;1
προυχηι;;1
σκοπουσιν;;1
απορωτεροσ;;1
σφαλλοιντο;;1
τραποιντ;;1
οικειοτερασ;;1
πεπειραμενοισ;;1
ανεπιστημοσιν;;1
φησαντεσ;;1
ειρηκατε;;1
νομισειαν;;1
ισχυροτατα;;1
ελπιζομενα;;1
μελλεται;;1
αντιτεταγμενα;;1
αλογιαν;;1
αισχροισ;;1
προυπτοισ;;1
διαφθειρουσαν;;1
τρεψεσθε;;1
προορωμενοισ;;1
φερονται;;1
επαγωγου;;1
επεσπασατο;;1
ησσηθεισι;;1
ρηματοσ;;1
ανηκεστοισ;;1
αισχιω;;1
φυλαξεσθε;;1
νομιειτε;;1
προκαλουμενησ;;1
δοθεισησ;;1
φιλονικησαι;;1
εικουσι;;1
κρεισσοσι;;1
μετριοι;;1
ορθοιντο;;1
μετασταντων;;1
τυχουσαν;;1
κατορθωσασαν;;1
μετεχωρησαν;;1
επτακοσια;;1
αφαιρησομεθα;;1
σωιζουσηι;;1
διαλυομενοι;;1
βουλευματων;;1
θεασθε;;1
ελπισι;;1
σφαλησεσθε;;1
λειπομενοι;;1
παραμενοντεσ;;1
λοχισθεντεσ;;1
εσενεγκαμενοι;;1
γειοι;;1
υποπτευσαντεσ;;1
φιλοκρατησ;;1
δημεου;;1
ζ;;1
ολκαδι;;1
εικοσισταδιωι;;1
μετρωι;;1
διειργεται;;1
ηπειροσ;;1
παλαιτατοι;;1
κυκλωπεσ;;1
λαιστρυγονεσ;;1
σικανοι;;1
ενοικισαμενοι;;1
αυτοχθονεσ;;1
ιβηρεσ;;1
σικανου;;1
ιβηριαι;;1
λιγυων;;1
σικανια;;1
τρινακρια;;1
εσπεραν;;1
τρωων;;1
σικανοισ;;1
ελυμοι;;1
ερυξ;;1
εγεστα;;1
προσξυνωικησαν;;1
οπικουσ;;1
σχεδιων;;1
εσπλευσαντεσ;;1
ιταλου;;1
επωνομασθη;;1
σικανουσ;;1
ανεστειλαν;;1
μεσημβρινα;;1
εσπερια;;1
σικανιασ;;1
βορραν;;1
επικειμενα;;1
νησιδια;;1
ενεκεν;;1
επεσεπλεον;;1
μοτυην;;1
σολοεντα;;1
ξυνοικησαντεσ;;1
καρχηδων;;1
αρχηγετου;;1
ιδρυσαντο;;1
θυουσιν;;1
εχομενου;;1
αρχιασ;;1
ωικισε;;1
περικλυζομενηι;;1
προστειχισθεισα;;1
θουκλησ;;1
οικισθεισασ;;1
οικιζουσι;;1
ευαρχον;;1
λαμισ;;1
παντακυου;;1
τρωτιλον;;1
ξυμπολιτευσασ;;1
εκπεσων;;1
υβλωνοσ;;1
σικελου;;1
προδοντοσ;;1
καθηγησαμενου;;1
υβλαιουσ;;1
κληθεντασ;;1
οικισαι;;1
παμιλλον;;1
κτιζουσι;;1
ξυγκατωικισεν;;1
αντιφημοσ;;1
εντιμοσ;;1
τεσσαρακοστωι;;1
γελα;;1
λινδιοι;;1
δωρικα;;1
ονομασαντεσ;;1
αριστονουν;;1
πυστιλον;;1
οπικιαι;;1
ελθον;;1
ξυγκατενειμαντο;;1
περιηρησ;;1
κραταιμενησ;;1
δρεπανοειδεσ;;1
δρεπανον;;1
ζαγκλον;;1
καλουσιν;;1
αναξιλασ;;1
εκβαλων;;1
ξυμμεικτων;;1
αντωνομασεν;;1
ιμερα;;1
ζαγκλησ;;1
ευκλειδου;;1
σιμου;;1
σακωνοσ;;1
μυλητιδαι;;1
φωνη;;1
δωριδοσ;;1
εκραθη;;1
κιδικα;;1
δασκων;;1
μενεκωλοσ;;1
αναστατων;;1
γελασ;;1
λυτρα;;1
κατωικισε;;1
αναστατοσ;;1
κατωικισθη;;1
αληθεστατηι;;1
προσγεγενημενοισ;;1
εξωρμησαν;;1
αμφισβητητου;;1
επαγομενοι;;1
κατειργον;;1
προτερου;;1
αναμιμνηισκοντεσ;;1
γενησονται;;1
διαφθειροντεσ;;1
εκπεμψασι;;1
ξυγκαθελωσιν;;1
παρεξοντων;;1
εκκλησιαισ;;1
ξυναγορευοντων;;1
σκεψομενουσ;;1
εισομενουσ;;1
ανεκομισαντο;;1
ζευγη;;1
κατοικισαντεσ;;1
παρακαταλιποντεσ;;1
ορνεατασ;;1
ορνεαισ;;1
αυλισαμενου;;1
ορνεων;;1
κατασκαψαντεσ;;1
μακεδονιαι;;1
εκακουργουν;;1
δεησεσθαι;;1
λαμαχον;;1
ξενοφανουσ;;1
ξυγκατοικισαι;;1
περιγιγνηται;;1
προσδεοιντο;;1
ψηφισθηναι;;1
ακουσιοσ;;1
βεβουλευσθαι;;1
αποτρεψαι;;1
πειθομενουσ;;1
τιμωμαι;;1
ορρωδω;;1
προνοηται;;1
τοιουτοσ;;1
βουλοιτο;;1
προτιμασθαι;;1
ερω;;1
τροπουσ;;1
παραινοιην;;1
ετοιμοισ;;1
σπευδετε;;1
επαγαγεσθαι;;1
αισχιονοσ;;1
αμφισβη;;1
τουμενα;;1
ασθενεστατοι;;1
δεχημεροισ;;1
κατεχονται;;1
σπευδομεν;;1
ξυνεπιθοιντο;;1
ετιμησαντο;;1
μετεωρωι;;1
ορεγεσθαι;;1
αχειρωτοι;;1
ηπειρουσ;;1
βοηθουμεν;;1
αφεστωτων;;1
κατεργασαμενοι;;1
κατασχοιμεν;;1
κρατησαιμεν;;1
ανοητον;;1
κατασχησει;;1
επιχει;;1
ρησαι;;1
αρξειαν;;1
εκφο;;1
βουσιν;;1
τευσαι;;1
αφελωνται;;1
καθαιρεθηναι;;1
αφικοιμεθα;;1
δειξαντεσ;;1
απελθοιμεν;;1
θαυμαζομενα;;1
σφαλειημεν;;1
επιθοιντο;;1
πεπονθατε;;1
εφοβεισθε;;1
περιγεγενησθαι;;1
εφιεσθε;;1
ηγησασθαι;;1
σφηλαντεσ;;1
στου;;1
μελετωσιν;;1
επιβουλευουσαν;;1
φυλαξομεθα;;1
λελωφηκαμεν;;1
ηυξησθαι;;1
ψευσασθαι;;1
παρασχομενουσ;;1
κατορθωσαντασ;;1
πταισαντασ;;1
ξυναπολεσαι;;1
αιρεθεισ;;1
παραινει;;1
θαυμασθηι;;1
πολυτελειαν;;1
ωφεληθηι;;1
εμπαρασχητε;;1
ελλαμπρυνεσθαι;;1
νεωτερωι;;1
παρακελευστουσ;;1
καθημενουσ;;1
αντιπαρακελευομαι;;1
καταισχυνθηναι;;1
παρακαθηται;;1
ψηφιζηται;;1
δυσερωτασ;;1
αποντων;;1
κατορθουνται;;1
αναρριπτουσησ;;1
αντιχειροτονειν;;1
οροισ;;1
μεμπτοισ;;1
πλεηι;;1
νεμο;;1
ξυμφερεσθαι;;1
ξυνηψαν;;1
πραξασιν;;1
αμυνουμεν;;1
τευξομεθα;;1
πρυτανι;;1
ηγει;;1
βουλει;;1
επιψηφιζε;;1
προτιθει;;1
ορρωδεισ;;1
αναψηφισαι;;1
τοσωνδ;;1
μαρτυρων;;1
βουλευσαμενησ;;1
ωφελησηι;;1
εψηφισμενα;;1
διαβολωσ;;1
στρατηγησαι;;1
επιθυμων;;1
επιθυμιαισ;;1
ουσιαν;;1
δαπανασ;;1
παρανομιασ;;1
επιθυμουντι;;1
διαθεντι;;1
επιτηδευμασιν;;1
αχθεσθεντεσ;;1
εσφηλαν;;1
αρξασθαι;;1
καθηψατο;;1
επιβοητοσ;;1
εμωι;;1
διαπρεπει;;1
καταπεπολεμησθαι;;1
αρματα;;1
καθηκα;;1
ενικησα;;1
τεταρτοσ;;1
εγενομην;;1
παρεσκευασαμην;;1
υπονοειται;;1
χορηγιαισ;;1
λαμπρυνομαι;;1
αστοισ;;1
φθονειται;;1
αχρηστοσ;;1
ηδ;;1
φρονουντα;;1
ισομοιρει;;1
δυστυχουντεσ;;1
προσαγορευομεθα;;1
ανεχεσθω;;1
ευπραγουντων;;1
υπερφρονουμενοσ;;1
νεμων;;1
ανταξιουτω;;1
προεσχον;;1
βιωι;;1
ξυνοντασ;;1
αυχησιν;;1
αλλοτριων;;1
αμαρτοντων;;1
επιβοωμενοσ;;1
μεταχειριζω;;1
ξυστησασ;;1
κατεστησα;;1
εμη;;1
πρεπουσιν;;1
ωμιλησε;;1
παρασχομενη;;1
πεφοβησθε;;1
ακμαζω;;1
ευτυχησ;;1
αποχρησασθε;;1
μεταγιγνωσκετε;;1
οχλοισ;;1
πολυανδρουσιν;;1
επιδοχασ;;1
εξηρτυται;;1
στασιαζων;;1
ετοιμαζεται;;1
στασιαζουσιν;;1
πυνθανομεθα;;1
οσοιπερ;;1
κομπουνται;;1
διεφανησαν;;1
ηριθμουν;;1
εψευσμενη;;1
ωπλισθη;;1
ευπορωτερα;;1
ξυνεπιθησονται;;1
επικωλυσει;;1
υπολειποντασ;;1
ερρωνται;;1
εκπλευσωμεν;;1
αποκνοιμεν;;1
σκηπτομενοι;;1
βοηθοιμεν;;1
ξυνωμοσαμεν;;1
αντιτιθεναι;;1
αντιβοηθωσι;;1
κωλυωσιν;;1
εκτη;;1
σαμεθα;;1
ησυχαζοιεν;;1
φυλοκρινοιεν;;1
προσκτωμενοι;;1
κινδυνευοιμεν;;1
αμυνεται;;1
επεισι;;1
ταμιευεσθαι;;1
επιβουλευειν;;1
αρχθηναι;;1
αρχοιμεν;;1
επισκεπτεον;;1
μεταληψεσθε;;1
λογισαμενοι;;1
αυξησειν;;1
ιωμεν;;1
στορεσωμεν;;1
κακωσομεν;;1
ωφελησομεθα;;1
παρεξουσιν;;1
ναυκρατορεσ;;1
απραγμοσυνη;;1
διαστασισ;;1
νεοισ;;1
αποτρεψηι;;1
ειωθοτι;;1
γεραιτεροισ;;1
ηραν;;1
γηρασ;;1
φαυλον;;1
ξυγκραθεν;;1
ισχυειν;;1
ησυχαζηι;;1
εγγηρασεσθαι;;1
ζομενην;;1
απραγμοσυνησ;;1
ηθεσι;;1
πολιτευωσιν;;1
υπομιμνηισκοντεσ;;1
ικετευον;;1
αποτρεψειε;;1
επιταξειε;;1
μεταστησειεν;;1
ξυνενεγκοι;;1
προσδεξαμενασ;;1
ομοιοτροπωσ;;1
πλεομεν;;1
σελινουσ;;1
ενεισι;;1
πληρωσων;;1
απαρχη;;1
εσφερεται;;1
προυχουσιν;;1
οικειωι;;1
επακτωι;;1
ξυστωσιν;;1
φοβηθεισαι;;1
αντιπαρασχωσιν;;1
επιμεταπεμπεσθαι;;1
ασκεπτωσ;;1
στρατευσομενοι;;1
ηλθετε;;1
ραιδιαι;;1
κομιδαι;;1
αλλοτριαν;;1
απαρτησοντεσ;;1
μηνων;;1
χειμερινων;;1
δυνωμεθα;;1
εσκομιζωμεθα;;1
πυρουσ;;1
πεφρυγμενασ;;1
κριθασ;;1
μυλωνων;;1
ηναγκασμενουσ;;1
εμμισθουσ;;1
απολαμβανωμεθα;;1
υποδεξασθαι;;1
ετοιμασασθαι;;1
ελθωμεν;;1
υπερβαλλοντεσ;;1
οικιουντασ;;1
κατασχωσιν;;1
εικοτων;;1
στρατευσομενοισ;;1
παριημι;;1
επιθυμουν;;1
οχλωδουσ;;1
καταστρεψομενοισ;;1
ποθωι;;1
προσκτησεσθαι;;1
υπαρξειν;;1
αντιχειροτονων;;1
κακονουσ;;1
δοξειεν;;1
παρακαλεσασ;;1
προφασιζεσθαι;;1
ψηφι;;1
σωνται;;1
βουλευσοιτο;;1
πλευστεα;;1
μεταπεμπτεασ;;1
σφενδονητων;;1
ετοιμασαμενοι;;1
καταλογουσ;;1
ανειληφει;;1
ξυνεχουσ;;1
επιγεγενημενησ;;1
αθροισιν;;1
εποριζετο;;1
ερμαι;;1
λιθινοι;;1
τετραγωνοσ;;1
εργασια;;1
προθυροισ;;1
περιεκοπησαν;;1
προσωπα;;1
δρασαντασ;;1
μηνυτροισ;;1
εζητουντο;;1
ασεβημα;;1
μηνυειν;;1
δουλων;;1
οιωνοσ;;1
μηνυεται;;1
αγαλματων;;1
περικοπαι;;1
γεγενημεναι;;1
οικιαισ;;1
αχθομενοι;;1
προεσταναι;;1
εξελασειαν;;1
εμεγαλυνον;;1
καταλυσει;;1
περικοπη;;1
επιλεγοντεσ;;1
τεκμηρια;;1
δημοτικην;;1
μηνυματα;;1
απελογειτο;;1
ειργασμενοσ;;1
επεποριστο;;1
ειργαστο;;1
απολυθειη;;1
επεμαρτυρετο;;1
διαγνωσι;;1
αγωνιζηται;;1
μαλακιζηται;;1
απετρεπον;;1
απεσπευδον;;1
ρητορασ;;1
ενιεντεσ;;1
ρηταισ;;1
ποριειν;;1
μεταπεμπτον;;1
κομισθεντα;;1
αναγωγη;;1
ξυνειπετο;;1
ξυλλεγεσθαι;;1
διαβαλουσιν;;1
αναξομενοι;;1
ξυγκατεβη;;1
επιχωριοι;;1
προπεμποντεσ;;1
υιεισ;;1
ολοφυρμων;;1
κτησοιντο;;1
οψοιντο;;1
απεστελλοντο;;1
εψηφιζοντο;;1
εκπλευσασα;;1
ελληνικηι;;1
πολυτελεστατη;;1
ευπρεπεστατη;;1
τετρακισ;;1
ξυνεπλευσαν;;1
φαυληι;;1
χρονιοσ;;1
εσομενοσ;;1
εξαρτυθεισ;;1
δαπαναισ;;1
εκπονηθεν;;1
ναυτηι;;1
παρασχοντοσ;;1
κρατιστασ;;1
επιφορασ;;1
θρανιταισ;;1
υπηρεσιαισ;;1
χρησαμενων;;1
μακροτατα;;1
προθυμηθεντοσ;;1
προεξει;;1
ταχυναυτειν;;1
καταλογοισ;;1
χρηστοισ;;1
εκκριθεν;;1
αμιλληθεν;;1
εριν;;1
εικασθηναι;;1
ελογισατο;;1
αναλωσιν;;1
δημοσιαν;;1
στρατευομενων;;1
προετετελεκει;;1
απεστελλε;;1
τριηραρχοσ;;1
ανηλωκει;;1
αναλωσειν;;1
χρονιον;;1
εμποροσ;;1
εξαγομενα;;1
θαμβει;;1
περιβοητοσ;;1
υπερβοληι;;1
εσεκειτο;;1
αναξεσθαι;;1
σαλπιγγι;;1
σιωπη;;1
υπεσημανθη;;1
ευχασ;;1
νομιζομενασ;;1
αναγωγησ;;1
κρατηρασ;;1
κερασαντεσ;;1
εκπωμασι;;1
χρυσοισ;;1
αργυροισ;;1
σπενδοντεσ;;1
ξυνεπηυχοντο;;1
τελεωσαντεσ;;1
αμιλλαν;;1
ενθαπερ;;1
επιστευετο;;1
ελεχθησαν;;1
πιστευοντων;;1
δοξω;;1
αφρονεσ;;1
καταφοβηθεισ;;1
επισχησω;;1
κινδυνευουσησ;;1
θαυμαζετε;;1
κατοικισει;;1
ηγου;;1
σχοιεν;;1
αμυνεισθε;;1
ληφθησεσθε;;1
αμελησετε;;1
εκπλαγηι;;1
ανωφελεισ;;1
κατεργασωμεθα;;1
απωσωμεν;;1
προσδε;;1
στολοι;;1
απαραντεσ;;1
σφαλωσι;;1
επιβουλευθεισιν;;1
καταλειπουσιν;;1
σφαλεντοσ;;1
παρασκευαζωμεθα;;1
δεχωνται;;1
προησονται;;1
εθελησειαν;;1
χρυσον;;1
αργυρον;;1
ευπορει;;1
επικαιρον;;1
πειθοισθε;;1
ειρησεται;;1
εθελοιμεν;;1
μηνοιν;;1
εκπληξαιμεν;;1
καταστησαιμεν;;1
ορμωμεθα;;1
υποδεχεται;;1
ευεπιθετοσ;;1
βραδεια;;1
προσπιπτουσα;;1
ταχυναυτουντι;;1
αθροωτερωι;;1
κουφισαντεσ;;1
κωπαισ;;1
χρησαιντο;;1
επιθοιμεθ;;1
κεκμηκοσιν;;1
εφοδιων;;1
περαιωθεντεσ;;1
αποροιεν;;1
πολιορκοιντο;;1
απολειποιεν;;1
υποδεξοιντο;;1
αθυμοιεν;;1
αποκληιομενουσ;;1
απαραι;;1
διαβουλευσαμενουσ;;1
κατασκοπαισ;;1
εξωσθηναι;;1
καταπλαγεντασ;;1
εμπειροτατου;;1
ακουω;;1
ασμενου;;1
οφθειη;;1
αγγελλοιμεθα;;1
ιστανται;;1
προεπιχειρουντασ;;1
επιχειρουσι;;1
προδηλουντασ;;1
ισοκινδυνουσ;;1
αμυνουμενοισ;;1
κατεγνωκοτεσ;;1
εφθειρομεν;;1
τολμησαντασ;;1
καταπλαγειεν;;1
τολμησαντεσ;;1
παραστηναι;;1
αλκηι;;1
δεικνυσθαι;;1
ασφαλεστατασ;;1
αντιπαθοιεν;;1
γελωτα;;1
πιστευον;;1
φοβουμενον;;1
φρονησαι;;1
δειλοσ;;1
περιφοβουσ;;1
επηλυγαζωνται;;1
κινουσι;;1
λογιεισθε;;1
καταλελυμενουσ;;1
αγαπαν;;1
ικανωτεραν;;1
ηρτυται;;1
ακολουθησοντασ;;1
πορισθησομενουσ;;1
ισοπληθεισ;;1
κουφαισ;;1
πορισθηναι;;1
οικισαντεσ;;1
ποιοιντο;;1
πανταπασι;;1
ξυστησεται;;1
ιδρυθεντι;;1
σκηνιδιων;;1
σωιζουσι;;1
λογοποιουσιν;;1
τοιοισδε;;1
κακουργοτεροισ;;1
καταπληξαντασ;;1
πειρωντεσ;;1
κατορθωσωσιν;;1
ωμεν;;1
προφυλαξα;;1
τοιγαρτοι;;1
ολιγακισ;;1
ησυχαζει;;1
αναιρειται;;1
τυραννιδασ;;1
δυναστειασ;;1
μηχανωμενουσ;;1
κολαζων;;1
αυτοφωρουσ;;1
επιτυγχανειν;;1
προαμυνεσθαι;;1
προφυλαξαμενοσ;;1
προπεισεται;;1
φυλασσων;;1
διδασκων;;1
κακουργιασ;;1
δητα;;1
εσκεψαμην;;1
εννομον;;1
ισονομεισθαι;;1
φησει;;1
αριστουσ;;1
πλουσιουσ;;1
ξυνετουσ;;1
ισομοιρειν;;1
μεταδιδωσι;;1
ωφελιμων;;1
πλεονεκτει;;1
ξυμπαντ;;1
αφελομενη;;1
αξυνετωτατοι;;1
μανθανετε;;1
αμαθεστατοι;;1
αδικωτατοι;;1
τολματε;;1
μεταγνοντεσ;;1
αυξετε;;1
αγγελιων;;1
αισθανομενουσ;;1
τρεψοντασ;;1
απαλλαγητε;;1
αμυνειται;;1
σκεψονται;;1
καταπλαγεισα;;1
ελομενη;;1
αυθαιρετον;;1
επιβαλειται;;1
σκοπουσα;;1
κρινει;;1
αφαιρεθησεται;;1
φυλασσομενη;;1
ειασε;;1
ακουοντασ;;1
εσαγγελλομενα;;1
σκευασομεθα;;1
δεησηι;;1
κοσμηθηναι;;1
διαπομπων;;1
φαινηται;;1
επιμεμελημεθα;;1
αισθωμεθα;;1
επεξετασιν;;1
ξυνταξιν;;1
ορμιεισθαι;;1
στρατοπεδευεσθαι;;1
εκληρωσαν;;1
απορωσιν;;1
καταγωγαισ;;1
ευκοσμοτεροι;;1
ραιουσ;;1
προστεταγμενοι;;1
εισομενασ;;1
δεξονται;;1
προαπανταν;;1
καταπλεωσιν;;1
τοσηιδε;;1
επεραιουντο;;1
ροδιοιν;;1
πεντηκοντοροιν;;1
θητεσ;;1
μισθοφορων;;1
σφενδονηταισ;;1
φυγασιν;;1
ιππαγωγωι;;1
αγουσηι;;1
διεπλει;;1
σιταγωγοι;;1
ξυνδιεβαλλε;;1
προσβαλουσα;;1
ηυπορησαν;;1
ορμωι;;1
ηθροιζοντο;;1
αρτεμιδοσ;;1
ρηγινουσ;;1
ιταλιωταισ;;1
ξυνδοκηι;;1
προσοισονται;;1
προπλουσ;;1
προσεμενον;;1
κατασκοπων;;1
περιπολια;;1
εσεκομιζον;;1
εξετασει;;1
προπλοι;;1
αγγελλουσαι;;1
μονα;;1
αντεκεκρουκει;;1
εθελησαντεσ;;1
ετεροιν;;1
αλογωτερα;;1
εξετεχνησαντο;;1
ερυκι;;1
αφροδιτησ;;1
επεδειξαν;;1
αναθηματα;;1
φιαλασ;;1
οινοχοασ;;1
θυμιατηρια;;1
παρειχετο;;1
ξενισεισ;;1
τριηριτων;;1
εκπωματα;;1
χρυσα;;1
φοινικικων;;1
εσεφερον;;1
εστιασεισ;;1
φαινομενων;;1
διεθροησαν;;1
εγεστηι;;1
επεμφθησαν;;1
παρεχωσι;;1
ηιτησαντο;;1
παραμειναντασ;;1
ξυμβασει;;1
διαλλαξαι;;1
παραπλευσαντασ;;1
δηλωσαντασ;;1
τοσαυτηι;;1
εκπλευσαντασ;;1
προσβοληι;;1
ικανωτατην;;1
προσαγαγομενουσ;;1
σελινουντι;;1
ξυμβαινωσιν;;1
χρονισηι;;1
αναθαρσουντασ;;1
προσπεσωσιν;;1
προσδοκιαι;;1
αποληφθηναι;;1
εσκομιζομενων;;1
κρατουσα;;1
καθεζηται;;1
ξυμμαχησειν;;1
διαμελλησειν;;1
περισκοπουντασ;;1
οποτεροι;;1
κρατησουσιν;;1
επανα;;1
εφορμηθεντασ;;1
προσεθετο;;1
ξυμπληρωσαντεσ;;1
αυλισαμενοι;;1
καθειλκυσμενον;;1
προσπλευσαντασ;;1
εκηρυχθη;;1
κατεσκεψαντο;;1
ορμωμενοισ;;1
τετραμμενων;;1
ενωικοδομημενην;;1
ηγοραζον;;1
πληρουσι;;1
πληρουμενον;;1
ορκια;;1
μεταπεμπωσιν;;1
συρακοσιασ;;1
εσκεδασμενουσ;;1
διαφθειραντων;;1
μεμηνυμενων;;1
μυστηριων;;1
ασεβουντων;;1
ζητησιν;;1
ερμασ;;1
δρασθεντων;;1
δοκιμαζοντεσ;;1
μηνυτασ;;1
αποδεχομενοι;;1
χρηστουσ;;1
ξυλλαμβανοντεσ;;1
κατεδουν;;1
βασανισαι;;1
μηνυτου;;1
αιτιαθεντα;;1
ανελεγκτον;;1
τελευτωσαν;;1
καταλυθεισαν;;1
τολμημα;;1
ξυντυχιαν;;1
διηγησαμενοσ;;1
αποφανω;;1
γηραιου;;1
λαμπρου;;1
μεσοσ;;1
εραστησ;;1
πειραθεισ;;1
ερωτικωσ;;1
περιαλγησασ;;1
επιβουλευει;;1
αρχουσησ;;1
αξιωσεωσ;;1
πειρασασ;;1
προπηλακιων;;1
επαχθησ;;1
ανεπιφθονωσ;;1
πρασσομενοι;;1
διεκοσμησαν;;1
κειμενοισ;;1
επεμελοντο;;1
τυραννευσαντοσ;;1
προσοικοδομησασ;;1
βωμου;;1
ηφανισε;;1
τουπιγραμμα;;1
αμυδροισ;;1
γραμμασι;;1
μνημα;;1
τοδ;;1
θηκεν;;1
τεμενει;;1
ηρξεν;;1
ακριβεστερον;;1
ισχυριζομαι;;1
γνησιων;;1
βωμοσ;;1
στηλη;;1
σταθεισα;;1
θεσσαλου;;1
παισ;;1
μυρρινησ;;1
υπεροχιδου;;1
απεοικοτωσ;;1
πρεσβευειν;;1
τυραννευσαι;;1
κατεκρατησε;;1
ηπορησεν;;1
ωμιληκει;;1
ονομασθεντα;;1
απαρνηθεντα;;1
πειρασιν;;1
προυπηλακισεν;;1
κορην;;1
επαγγειλαντεσ;;1
κανουν;;1
οισουσαν;;1
απηλασαν;;1
ενεγκοντοσ;;1
παρωξυνετο;;1
ξυνεπιθησομενουσ;;1
επεπρακτο;;1
παναθηναια;;1
πεμψοντασ;;1
ξυνεπαμυνειν;;1
ξυνομωμοκοτεσ;;1
προειδοτασ;;1
οποσοιουν;;1
τολμησειαν;;1
κεραμεικωι;;1
καλουμενωι;;1
δορυφορων;;1
διεκοσμει;;1
εχρην;;1
πομπησ;;1
ξυνωμοτων;;1
διαλεγομενον;;1
ευπροσοδοσ;;1
λυπησαντα;;1
εκινδυνευον;;1
προτιμωρησασθαι;;1
ερωτικησ;;1
υβρισμενοσ;;1
ετυπτον;;1
διαφευγει;;1
ξυνδραμοντοσ;;1
διετεθη;;1
αγγελθεντοσ;;1
κεραμεικον;;1
πομπεασ;;1
πλασαμενοσ;;1
εξελεγετο;;1
επηιτιατο;;1
εγχειριδιον;;1
ασπιδοσ;;1
δορατοσ;;1
αρμοδιωι;;1
τυραννισ;;1
διεσκοπειτο;;1
ιπποκλου;;1
λαμψακηνου;;1
αιαντιδηι;;1
λαμψακηνωι;;1
λαμψακωι;;1
επιγραμμα;;1
αριστευσαντοσ;;1
κεκευθε;;1
κονισ;;1
ατασθαλιην;;1
τυραννευσασ;;1
παυθεισ;;1
αλκμεωνιδων;;1
αιαντιδην;;1
μαραθωνα;;1
ενθυμουμενοσ;;1
μιμνηισκομενοσ;;1
ηπιστατο;;1
χαλεποσ;;1
υποπτησ;;1
ολιγαρχικηι;;1
τυραννικηι;;1
πεπραχθαι;;1
οργιζομενων;;1
αξιολογοι;;1
δεσμωτηριωι;;1
παυληι;;1
επεδιδοσαν;;1
αγριωτερον;;1
δεδεμενων;;1
ξυνδεσμωτων;;1
μηνυσαι;;1
δεδρακεν;;1
ποιησαμενον;;1
ομολογησαντι;;1
αδειασ;;1
αρνηθεντι;;1
εισονται;;1
μηνυτην;;1
κατηγορηκει;;1
καταιτιαθεντασ;;1
επανειπον;;1
αποκτειναντι;;1
παθοντεσ;;1
ετετιμωρηντο;;1
περιφανωσ;;1
ωφελητο;;1
επαιτιοσ;;1
παρελθουσα;;1
σοντεσ;;1
πραξαντοσ;;1
προδοθηναι;;1
κατεδαρθον;;1
θησειωι;;1
υπωπτευθησαν;;1
κειμενουσ;;1
υποψια;;1
εμεμηνυτο;;1
προειπειν;;1
απολογησομενωι;;1
ακολουθειν;;1
ξυνδιαβεβλημενοι;;1
θουριοισ;;1
επεραιωθη;;1
λαχων;;1
δωσουσιν;;1
εγεσταιουσ;;1
υκκαρα;;1
σικανικον;;1
παραθαλασσιδιον;;1
υκκαρων;;1
χρηματισασ;;1
τανδραποδα;;1
γελεατιν;;1
προιουσαν;;1
κατεφρονησαν;;1
θαρσησασ;;1
προσελαυνοντεσ;;1
εφυβριζον;;1
ξυνοικησοντεσ;;1
καταλαμβανειν;;1
δυνηθεντεσ;;1
εκβιβαζοιεν;;1
γνωσθειεν;;1
βλαψονται;;1
καταναιοσ;;1
ονοματα;;1
εγιγνωσκον;;1
ευνων;;1
αυλιζεσθαι;;1
αποκληισειν;;1
εμπρησειν;;1
προσβαλοντασ;;1
ξυνδρασοντασ;;1
ητοιμασθαι;;1
ανθρωπωι;;1
απερισκεπτοτερον;;1
συμαιθωι;;1
προσεληλυθει;;1
εξεβαινον;;1
καταληψομενοι;;1
ανηκται;;1
αποστρεψαντεσ;;1
πεζοισ;;1
καθισαν;;1
λυπησειν;;1
τειχια;;1
κρημνοι;;1
κοψαντεσ;;1
κατενεγκοντεσ;;1
επηξαν;;1
δασκωνι;;1
ευεφοδωτατον;;1
ωρθωσαν;;1
παρασκευαζομενων;;1
εκωλυε;;1
αντιπροηισαν;;1
πονηι;;1
εφορωντασ;;1
επιτακτων;;1
επεταξαντο;;1
ικανωτερα;;1
χθεντεσ;;1
απολεκτουσ;;1
υπερφρονουσι;;1
υπομενουσι;;1
παραστητω;;1
κτησεσθε;;1
παρακελευονται;;1
επικεισονται;;1
αξιασ;;1
μνησθεντεσ;;1
επελθετε;;1
φοβερωτεραν;;1
απεληλυθεσαν;;1
προσβοηθουντεσ;;1
υστεριζον;;1
προσμειξειε;;1
προυδιδοσαν;;1
λιθοβολοι;;1
σφενδονηται;;1
προυμαχοντο;;1
σφαγια;;1
προυφερον;;1
σαλπιγκται;;1
ξυνοδον;;1
επωτρυνον;;1
ξυγκτησασθαι;;1
παρεργωι;;1
ξυγκαταστρεψαμενοισ;;1
υπακουσεται;;1
αστραπασ;;1
ωμιληκοσι;;1
εμπειροτεροισ;;1
ανθεστωτασ;;1
νικωμενουσ;;1
ωσαμενων;;1
παρερρηγνυτο;;1
εδιωξαν;;1
προδιωκοντασ;;1
ανεστελλον;;1
επακολουθησαντεσ;;1
ιστα;;1
κινησωσι;;1
ξυγκομισαντεσ;;1
πυραν;;1
ξυνελεξαν;;1
μιων;;1
μεταπεμψωσιν;;1
αγειρωσιν;;1
ιπποκρατωνται;;1
ξυλλεξωνται;;1
προσαγαγωνται;;1
υπακουσεσθαι;;1
παρασκευασωνται;;1
διαχειμασοντεσ;;1
θαψαντεσ;;1
λειπομενοσ;;1
επιφανησ;;1
λειφθηναι;;1
χειροτεχναισ;;1
ανταγω;;1
νισαμενουσ;;1
πολυαρχιαν;;1
αξυντακτον;;1
αναρχιαν;;1
παρασκευασωσι;;1
εκποριζοντεσ;;1
προσαναγκαζοντεσ;;1
ευταξιασ;;1
επιδωσειν;;1
μελετωμενην;;1
ευψυχιαν;;1
πιστου;;1
θαρσαλεωτεραν;;1
ορκιον;;1
εασειν;;1
επιστωνται;;1
κρυπτεσθαι;;1
στεγεσθαι;;1
εξηκεστου;;1
παραγενηται;;1
απαγαγωσιν;;1
επιπεμπωσιν;;1
προδοθησομενην;;1
απηιει;;1
μεταπεμπτοσ;;1
φευξοιτο;;1
στασιαζοντεσ;;1
εχειμαζοντο;;1
ορια;;1
σταυρωματα;;1
παραγενωνται;;1
ευαποτειχιστοι;;1
προυσταυ;;1
ρωσαν;;1
χειμαζοντασ;;1
αντεπρε;;1
σβευοντο;;1
προσχωρωσι;;1
ευφημου;;1
προδιαβαλλειν;;1
καταπλαγητε;;1
επρεσβευσαμεθα;;1
πεισωσιν;;1
πυνθανεσθε;;1
υπονοουμεν;;1
εξοικισαι;;1
αναστατουσ;;1
λιποστρατιαν;;1
ευπρεπη;;1
επενεγκοντεσ;;1
καταδουλωσεωσ;;1
δεσποτου;;1
αξυνετωτερου;;1
κακοξυνετωτερου;;1
ευκατηγορητον;;1
αποφανουντεσ;;1
αιτιασομενοι;;1
παραδει;;1
σοφισματα;;1
κατοικισεισ;;1
ελλησποντιοι;;1
δεσποτην;;1
μεταβαλλοντεσ;;1
δουλουνται;;1
αυτονομου;;1
μενομεν;;1
ληφθωμεν;;1
αλωτοι;;1
διισταναι;;1
εκπολεμουν;;1
προσηνεσ;;1
ξυνοικου;;1
προαπολλυμενου;;1
πασχοντα;;1
παρεστηκε;;1
αθηναιωι;;1
ενθυμηθητω;;1
μαχουμενοσ;;1
προδιεφθαρμενου;;1
αγωνιειται;;1
κολασασθαι;;1
φθονει;;1
πασχει;;1
κακωθηναι;;1
σωφρονισθωμεν;;1
ανθρωπινησ;;1
ελπιζει;;1
επιθυμιασ;;1
ταμιαν;;1
αμαρτοι;;1
ολοφυρθεισ;;1
βουληθειη;;1
φθονησαι;;1
προεμενωι;;1
εθελησαντι;;1
σωιζοι;;1
κινδυνευσοντασ;;1
προορασθαι;;1
μαλακωσ;;1
καμαριναιαν;;1
επεκαλεισθε;;1
παρακελευομενουσ;;1
δειλιαι;;1
θεραπευσετε;;1
εποιησασθε;;1
αδικωσιν;;1
εθελουσι;;1
ξυγκατοικιζειν;;1
δικαιωματοσ;;1
υποπτευοντεσ;;1
σωφρονουσιν;;1
ευλογωι;;1
ξυστωμεν;;1
σπευδουσι;;1
διαστωμεν;;1
παρεσομενησ;;1
προμηθιαν;;1
ξυμμαχησαντασ;;1
ημυνατε;;1
εκωλυσατε;;1
προσθεμενουσ;;1
φυλαξαι;;1
ξυνελοντεσ;;1
εκδιδασκειν;;1
γιγνωσκετε;;1
μαρτυρομεθα;;1
πεισομεν;;1
προδιδομεθα;;1
υμετεραισ;;1
τιμηθησονται;;1
αθλον;;1
παρασχοντα;;1
υφεξετε;;1
αιρεισθε;;1
δεσποτασ;;1
αφικομεθα;;1
ανανεωσει;;1
καθαψαμενου;;1
παροικουσιν;;1
εσκεψαμεθα;;1
υπακουσομεθα;;1
απηλλαγημεν;;1
επιτασσειν;;1
οικουμεν;;1
καταστρεψαμενοι;;1
δεδουλωσθαι;;1
απροφασιστον;;1
ορε;;1
γομενοι;;1
καλλιεπουμεθα;;1
κινδυνευσαντεσ;;1
προσηκουσαν;;1
διαβαλλουσι;;1
φοβερωτερον;;1
υπονοειτε;;1
υποπτευοντασ;;1
τερπομενουσ;;1
εγχειρησει;;1
υπολαβηι;;1
κηδομεθα;;1
σωιζομενων;;1
προσηκετε;;1
αρκουμεν;;1
φησι;;1
ξυμφοροσ;;1
αυτονομουμενοι;;1
τυραννωι;;1
κακωσωμεν;;1
εξηγουμεθα;;1
παροκωχηι;;1
φοραι;;1
ξυμμαχουντασ;;1
ευληπτουσ;;1
επικαιροισ;;1
τανθαδε;;1
λυσιτελουν;;1
ξυστησαντεσ;;1
απρακτων;;1
ξυστητε;;1
ξυστασα;;1
ευμεταχειριστοσ;;1
ελεγχει;;1
προσειοντεσ;;1
κινδυνευσομεν;;1
ηξιουτε;;1
υποπτευε;;1
εμμειναι;;1
κατεργασαιμεθα;;1
ηπειρωτιδων;;1
παρουσιασ;;1
εποικουντεσ;;1
επιβουλευουσι;;1
ανιασιν;;1
ανεχοντασ;;1
αναισθητουσ;;1
αληθεστεραν;;1
αντιπαρακαλουμεν;;1
παρασχησειν;;1
τοσησδε;;1
απρακτον;;1
εασετε;;1
πολλοστον;;1
μοριον;;1
περανει;;1
διαβολαισ;;1
αναπειθεσθε;;1
υποπτευομεθα;;1
κεφαλαιοισ;;1
υπομνησαντεσ;;1
αξιωσομεν;;1
υπακουωμεν;;1
βλαπτωμεθα;;1
αναγκαζεσθαι;;1
φυλασσομεθα;;1
ακλητοι;;1
παρακληθεντεσ;;1
πολυπραγμοσυνησ;;1
υπαρχομεν;;1
επιβουλευων;;1
υπειναι;;1
αντιτυχειν;;1
ηξομεν;;1
αδεει;;1
σωφρονειν;;1
εξισωσαντεσ;;1
μεταλαβετε;;1
δουλωσεσθαι;;1
περιγενωνται;;1
νειμαι;;1
επικρατεστεροι;;1
εστρατοπεδευμενοι;;1
αφειστηκεσαν;;1
κατεκομιζον;;1
προσχωρουντασ;;1
βοηθουντων;;1
απεκωλυοντο;;1
μεθορμισαμενοι;;1
ανορθωσαντεσ;;1
τυρσηνιαν;;1
πλινθια;;1
επιβουλευομενα;;1
ξυναπεστελλον;;1
ξυναναπειθοιεν;;1
ξυμφυγαδων;;1
φορτηγικου;;1
μεταπεμψαντων;;1
μαντινικων;;1
πραξιν;;1
δεομενουσ;;1
παρωξυνε;;1
εξωρμησε;;1
ακροασησθε;;1
απειποντων;;1
αναλαμβανων;;1
διατελουντοσ;;1
προθυμου;;1
καταλλασσομενοι;;1
περιεθετε;;1
τραπομενου;;1
ενηντιουμην;;1
εβλαπτεσθε;;1
αναπειθεσθω;;1
προσεκειμην;;1
ηγησηται;;1
αχθεσθαι;;1
εναντιουμενον;;1
δυναστευοντι;;1
ξυμπαρεμεινεν;;1
προστασια;;1
δημοκρατουμενησ;;1
επειρωμεθα;;1
μετριωτεροι;;1
πονηρο;;1
προεστημεν;;1
σχηματι;;1
ελευθερωτατη;;1
ξυνδιασωιζειν;;1
εγιγνωσκομεν;;1
λοιδορησαιμι;;1
ομολογουμενησ;;1
μεθισταναι;;1
προσκαθημενων;;1
εμασ;;1
εσηγη;;1
τεον;;1
επλευσαμεν;;1
καταστρεψομενοι;;1
καρχηδονιων;;1
αποπειρασοντεσ;;1
προχωρησειε;;1
προσγενομενην;;1
ιβηρασ;;1
ομολογουμενωσ;;1
μαχιμωτατουσ;;1
ναυπηγησαμενοι;;1
εχουσησ;;1
αφθονα;;1
εφορμαισ;;1
εντειχισαμενοι;;1
ηλπιζομεν;;1
καταπολεμησειν;;1
ευπορωτερον;;1
στολου;;1
διενοηθημεν;;1
ακηκοατε;;1
πραξουσιν;;1
απειροτεροι;;1
περιγενοιντο;;1
ληφθησεται;;1
εχεται;;1
οιεσθω;;1
πεμψετε;;1
οπλιτευσουσιν;;1
ξυνταξηι;;1
θελοντασ;;1
προσαναγκασηι;;1
υπαρχοντεσ;;1
θαρσησουσι;;1
ενδοιαζοντεσ;;1
προσιασιν;;1
φανερωτερον;;1
εκπολεμειν;;1
πεμπωσιν;;1
φοβουνται;;1
διαπεπειρασθαι;;1
βλαπτοι;;1
αισθανοιτο;;1
επιφεροι;;1
κωλυσετε;;1
κεφαλαιωσω;;1
κατεσκευασται;;1
ληφθεντα;;1
αυτοματα;;1
αργυρειων;;1
δικαστηριων;;1
αποστερησονται;;1
διαφορουμενησ;;1
ολιγωρησουσιν;;1
θαρσω;;1
επερχομαι;;1
φυγαδικην;;1
εξελασαντων;;1
πονηριασ;;1
πειθησθε;;1
πολεμιωτεροι;;1
βλαψαντεσ;;1
φιλοπολι;;1
αδικουμαι;;1
επολιτευθην;;1
ανακτασθαι;;1
πειραθηι;;1
προβαλλομενον;;1
ωφελοιην;;1
ξυμπαραγενομενοι;;1
σωσητε;;1
καθελητε;;1
οικητε;;1
εκουσησ;;1
ηγησθε;;1
διδαξαντοσ;;1
ακηκοεναι;;1
βουλευομενον;;1
ετοιμασ;;1
παρακομισθεντεσ;;1
ενεπιμπρασαν;;1
επισιτισαμενοι;;1
κεντοριπα;;1
πιμπραντεσ;;1
ινησσαιων;;1
υβλαιων;;1
πορισθησομενων;;1
ιπποτοξοτασ;;1
κλεωνων;;1
θυρεατιν;;1
επραθη;;1
επιθεμενοσ;;1
αποκρημνου;;1
κρατοιντο;;1
αποτειχισθηναι;;1
προσβασεισ;;1
εξηρτηται;;1
επικλινεσ;;1
επιπολησ;;1
επιπολαι;;1
λειμωνα;;1
παρειληφοτεσ;;1
εξεκριναν;;1
ανδρου;;1
παραγιγνωνται;;1
εξηταζοντο;;1
αποβιβασαντεσ;;1
χερσονησοσ;;1
θαψωι;;1
διασταυρωσαμενοσ;;1
αισθομενουσ;;1
εξετασεωσ;;1
διομιλον;;1
επαναχωρησαντεσ;;1
ακροισ;;1
κρημνοισ;;1
προιοιεν;;1
τειχιουντεσ;;1
αποθηκη;;1
επριαντο;;1
συκην;;1
οικοδομιασ;;1
επεξελθοντεσ;;1
αντιπαρατασσομενων;;1
ξυντασσομενον;;1
ανηγαγον;;1
λιθοφορειν;;1
αποσκιδνασθαι;;1
μακροτεραν;;1
ετρεψαντο;;1
ιππομαχιασ;;1
ξυμφορουντεσ;;1
παρεβαλλον;;1
αποτειχισμα;;1
εσηγησαμενου;;1
υποτειχιζειν;;1
αποκληισεισ;;1
αντιπεμπειν;;1
φθανειν;;1
προκαταλαμβανοντεσ;;1
σταυροισ;;1
παυομενουσ;;1
εκκοπτοντεσ;;1
καθισταντεσ;;1
περιεπεπλευκεσαν;;1
εσταυρωθη;;1
ωικοδομηθη;;1
υποτειχισματοσ;;1
γιγνομενοισ;;1
μαχωνται;;1
επειγομενοι;;1
οχετουσ;;1
υπονομηδον;;1
ποτου;;1
ηγμενοι;;1
μεσημβριαι;;1
αποκεχωρηκοτασ;;1
αμελωσ;;1
φυλασσοντασ;;1
εκλεκτουσ;;1
προυταξαν;;1
υποτειχισμα;;1
ξυνεσεπεσον;;1
εξεκρουσθησαν;;1
υποτειχισιν;;1
ανεσπασαν;;1
διεφορησαν;;1
καταβασι;;1
ομαλου;;1
παρωρυσσον;;1
επιχειρουσιν;;1
πηλωδεσ;;1
στεριφωτατον;;1
πλατεα;;1
διαβαδισαντεσ;;1
υπολειφθεν;;1
αποκληισασθαι;;1
προσπεσοντων;;1
ξυνεφοβηθη;;1
επιδιαβασ;;1
μονωθεισ;;1
ξυνδιαβαντων;;1
αρπασαντεσ;;1
αναθαρσησαντεσ;;1
δεκαπλεθρον;;1
διεκωλυσεν;;1
υπολελειμμενοσ;;1
καταβεβλημενα;;1
υπηρετασ;;1
ερημιαι;;1
περιγενε;;1
αποδιωξαντων;;1
επανηιει;;1
διπλωι;;1
κοσιουσ;;1
εσηγετο;;1
περιεωρωντο;;1
τυρσηνιασ;;1
πεντηκοντοροι;;1
ηκε;;1
ξυμβατικουσ;;1
κυρωσισ;;1
απορουντων;;1
πολιορκουμενων;;1
ευκλεα;;1
τελλιαν;;1
δειναι;;1
εψευσμεναι;;1
περιποιησαι;;1
λακωνικαιν;;1
κορινθιαιν;;1
πλευ;;1
σεσθαι;;1
πρεσβευσαμενοσ;;1
ανανεωσαμενοσ;;1
αρπασθεισ;;1
τεριναιον;;1
εκπνει;;1
εστηκωσ;;1
αποφερεται;;1
ταραντι;;1
προσμισγει;;1
επονησαν;;1
ανελκυσασ;;1
επεσκευαζεν;;1
προσπλεοντα;;1
υπερειδε;;1
φανερω;;1
τατα;;1
αποβαινοντεσ;;1
δηιωσαντασ;;1
λαισποδιου;;1
δημαρατου;;1
ευπροφασιστον;;1
επεσκευασαν;;1
επιζεφυριουσ;;1
διακινδυνευσωσιν;;1
εσπλευσαι;;1
ιμερασ;;1
λακροισ;;1
απεστειλεν;;1
περαιουνται;;1
ανειλκυσαν;;1
ιμεραι;;1
αρχωνιδου;;1
δοκουντοσ;;1
επιβατων;;1
γογγυλοσ;;1
απαλλαγησ;;1
εκκλησιασειν;;1
παρεθαρσυνε;;1
αποστειλαντων;;1
απαντησομενοι;;1
ιετασ;;1
ξυνταξαμενοσ;;1
συρακο;;1
σιων;;1
ημιεργα;;1
εξειργασμενα;;1
κατελελειπτο;;1
θεμενοσ;;1
αντιπαρεσκευα;;1
ταρασσομενουσ;;1
ξυντασσομενουσ;;1
επανηγε;;1
τεμενιτιν;;1
μενην;;1
παρεταξε;;1
λαβδαλον;;1
απεκτεινεν;;1
αλισκεται;;1
εφορμουσα;;1
επιτελεσαντεσ;;1
αυλιζομενοι;;1
εποικοδομησαντεσ;;1
υψηλοτερον;;1
διεταξαν;;1
ραιων;;1
εσκομιδη;;1
εφορμησειν;;1
μυχου;;1
επαναγωγασ;;1
κινωνται;;1
προσειχε;;1
ανελπιστοτερα;;1
διακομισασ;;1
εκειτο;;1
σπανιωι;;1
εξελθοιεν;;1
κακουργησοντεσ;;1
εξιοιεν;;1
πολιχνηι;;1
επυνθανετο;;1
ναυλοχειν;;1
προπαρεβαλοντο;;1
παρετασσεν;;1
εξαγων;;1
τειχισματων;;1
χρησισ;;1
νικηθεντων;;1
ανελομενων;;1
στησαντων;;1
επαξειν;;1
αξιωσουσι;;1
ξυγκλυδων;;1
επηγεν;;1
εθελοιεν;;1
παροικοδομουμενον;;1
παρεληλυθει;;1
τειχισισ;;1
προελθοι;;1
κοσιοισ;;1
ξυνεμισγεν;;1
ταξασ;;1
εργασιαι;;1
εληγον;;1
κατηραχθη;;1
επιουσηι;;1
παροικοδομησαντεσ;;1
οικο;;1
δομιαν;;1
απεστερηκεναι;;1
κρατοιεν;;1
ερασινιδησ;;1
ξυνετειχισαν;;1
εγκαρσιου;;1
ξυλλεξων;;1
προσαξομενοσ;;1
περαιωθηι;;1
επιμεταπεμπομενων;;1
επιδιδουσαν;;1
επεμπε;;1
μεταπεμψουσιν;;1
αποστελουσιν;;1
απαγγελλωσιν;;1
εγραψεν;;1
αγγελωι;;1
αφανισθεισαν;;1
απεστειλε;;1
εκουσιων;;1
επεμελετο;;1
τελευτωντι;;1
ευετιων;;1
περικομισασ;;1
ιμεραιου;;1
επηρωτα;;1
απεκρινοντο;;1
γραμματευσ;;1
ανεγνω;;1
δηλουσαν;;1
πραχθεντα;;1
επιστολαισ;;1
επεμφθημεν;;1
οικοδομησαμενων;;1
ανεχωρησαμεν;;1
περιτειχισμου;;1
ησυχαζομεν;;1
δυναιμεθ;;1
απανηλωκυιασ;;1
παρωικοδομηκασιν;;1
εληι;;1
ξυμβεβηκε;;1
εξερχομεθα;;1
πεπομφασι;;1
πεισων;;1
ησυχαζουσιν;;1
πυνθανομαι;;1
ξηροτητι;;1
διαβροχοι;;1
θαλασσευουσαι;;1
πληρω;;1
ματα;;1
εφθαρται;;1
ανελκυσαντασ;;1
διαψυξαι;;1
επιπλευ;;1
αναπειρωμεναι;;1
αποξηραναι;;1
εφορμουσιν;;1
τηρησεωσ;;1
εσκομιζομενοι;;1
πληρωματα;;1
υδρειαν;;1
απολλυμενων;;1
θεραποντεσ;;1
καθεστηκαμεν;;1
αυτομολουσι;;1
αποχωρουσιν;;1
επαρθεντεσ;;1
χρηματιεισθαι;;1
ανθεστωτα;;1
αυτομολιασ;;1
εμπορευομενοι;;1
υκκαρικα;;1
αντεμβιβασαι;;1
αφηιρηνται;;1
επισταμενοισ;;1
γραφω;;1
ακμη;;1
πληρωματοσ;;1
εξορμωντεσ;;1
ξυνεχοντεσ;;1
ειρεσιαν;;1
απορωτατον;;1
χαλεπαι;;1
επιπληρωσομεθα;;1
απαναλισκομενα;;1
ναξοσ;;1
κατανη;;1
τρεφοντα;;1
ορωντα;;1
επιβοηθουντων;;1
διαπεπολεμησεται;;1
εκπολιορκηθεντων;;1
ηδιω;;1
επιστελλειν;;1
χρησιμωτερα;;1
εκβηι;;1
σαμην;;1
προσδοκιμοσ;;1
ανταρκουντων;;1
μεταπεμπειν;;1
επιπεμπειν;;1
νεφριτιν;;1
ερρωμην;;1
ηγεμονιαισ;;1
εποιησα;;1
αναβολασ;;1
πρασσετε;;1
ποριουμενων;;1
προσεχητε;;1
επιστολη;;1
παρελυσαν;;1
αιρεθεντεσ;;1
μενανδρον;;1
ευθυδημον;;1
χειμερινασ;;1
αγοντα;;1
αγγελουντα;;1
επαγγελλων;;1
φυλασσοιεν;;1
ηγγελλον;;1
πεμψιν;;1
πεμψοντεσ;;1
αποπειρασωσι;;1
κωλυοιεν;;1
απαιρειν;;1
προυδεδοκτο;;1
διακωλυθηι;;1
εδιδασκε;;1
ευκαθαιρετωτερουσ;;1
λελυκεναι;;1
ενεθυμουντο;;1
οσακισ;;1
αμφισβητουμενων;;1
ημαρτητο;;1
αποπεμψοντεσ;;1
εποριζον;;1
πρωιτατα;;1
ωικοδομειτο;;1
επιλεξαμενοι;;1
ξυναμφοτερων;;1
εκκριτον;;1
σανδροσ;;1
θεσπιευσ;;1
αφηκαν;;1
προσμισθωσαμενοι;;1
αλεξαρχον;;1
κορινθιον;;1
σαργευσ;;1
σικυωνιοσ;;1
πληρωθεισαι;;1
εωσπερ;;1
απολλοδωρου;;1
αφικομενωι;;1
ξυμπορισαντεσ;;1
χαρικλεουσ;;1
περιπλεοντα;;1
ξυστρατευεσθαι;;1
προσπλευσασ;;1
περιεμενε;;1
αποπειραν;;1
κατεργασεσθαι;;1
ξυνανεπειθε;;1
ηπειρωτασ;;1
τολμηρουσ;;1
αντιτολμωντασ;;1
χαλεπωτατουσ;;1
επιχειρουντεσ;;1
καταφοβουσι;;1
εκπλαγεντων;;1
περιγενησομενουσ;;1
βλαψοντασ;;1
πειθοντων;;1
παρεσκευασατο;;1
θορυβωνται;;1
επιλοιποισ;;1
περιπλεουσασ;;1
επικαταβαντων;;1
προσεχοντων;;1
υπομειναντων;;1
αλοντοσ;;1
εξεκομιζοντο;;1
επεδιωκοντο;;1
ναυμαχουσαι;;1
βιασαμεναι;;1
εσεπλεον;;1
ταραχθεισαι;;1
νησιδιωι;;1
τειχοιν;;1
ληφθεντοιν;;1
επισκευα;;1
αλωσει;;1
εζωγρηθησαν;;1
ταμιειωι;;1
ιστια;;1
ανειλκυσμεναι;;1
εσπλοι;;1
επαγωγησ;;1
εσκομιδαι;;1
αγαθαρχον;;1
φρασουσιν;;1
εποτρυνουσι;;1
γεμοντα;;1
επιτυχουσαι;;1
ναυπηγησιμα;;1
καυλωνιατιδι;;1
λαμβανουσιν;;1
ακροβολισμοσ;;1
ορμοιεν;;1
εμβαλλοντεσ;;1
προσαγαγοντεσ;;1
μυριοφορον;;1
ακατων;;1
ωνευον;;1
κατακολυμβωντεσ;;1
αντεβαλλον;;1
σταυρωσεωσ;;1
κρυφιοσ;;1
υπερεχοντασ;;1
προσπλευσαι;;1
ερμα;;1
περιβαληι;;1
δυομενοι;;1
εσταυρωσαν;;1
αντιτεταγμενων;;1
εμηχανωντο;;1
ακροβολισμοισ;;1
πειραισ;;1
παντοιαισ;;1
δηλωσοντασ;;1
αξιωσοντασ;;1
προσδοκιμων;;1
φθασωσιν;;1
διαπεπολεμησομενον;;1
χαρικλει;;1
ξυμμισγει;;1
λιμηρασ;;1
ισθμωδεσ;;1
αυτομολωσι;;1
ξυγκατελαβε;;1
χαρικλησ;;1
απεκομιζετο;;1
διακου;;1
πολυτελεσ;;1
τειχισθεισα;;1
φρουραισ;;1
επιουσαισ;;1
επωικειτο;;1
φθοραι;;1
πρα;;1
γιγνομεναι;;1
απολαυειν;;1
επικαθημενων;;1
καταθεουσησ;;1
εστερηντο;;1
χειροτεχναι;;1
εξελαυνοντων;;1
καταδρομασ;;1
απεχωλουντο;;1
αποκροτωι;;1
πωρουντεσ;;1
ετιτρωσκοντο;;1
κομιδη;;1
θασσων;;1
πολυτελησ;;1
επακτων;;1
εδειτο;;1
επαλξει;;1
εταλαιπωρουντο;;1
επιεζεν;;1
ηπιστησεν;;1
επιτειχισμωι;;1
αντιπολιορκειν;;1
περιοισειν;;1
επτακαιδεκατωι;;1
τετρυχωμενοι;;1
προσανειλοντο;;1
υπαρχοντοσ;;1
βλαπτουσησ;;1
αναλωματων;;1
προσπιπτοντων;;1
δαπαναι;;1
προσοδοι;;1
υστερησαντασ;;1
διειτρεφει;;1
ευριπου;;1
απεβιβασεν;;1
αποβιβασασ;;1
ερμαιωι;;1
ηυλισατο;;1
μυκαλησσου;;1
επιπεσων;;1
επαναβαντασ;;1
πεπτωκοτοσ;;1
ωικοδομημενου;;1
ανεωιγμενων;;1
πρεσβυτερασ;;1
νεωτερασ;;1
εμψυχα;;1
θαρσησηι;;1
φονικωτατον;;1
διδασκαλειωι;;1
εσεληλυθοτεσ;;1
κατεκοψαν;;1
αδοκητοσ;;1
επεπεσεν;;1
ηγαγεν;;1
εσβασει;;1
ορμισαντων;;1
τοξευματοσ;;1
ατοπωσ;;1
προεκθεοντεσ;;1
ξυστρεφομενοι;;1
επιχωριωι;;1
εγκαταληφθεν;;1
ξυνεβοηθησαν;;1
σκιρφωνδαν;;1
μυκαλησσιων;;1
χρησαμενην;;1
ολοφυρασθαι;;1
αξιωι;;1
τειχισιν;;1
ορμουσαν;;1
αποφυγοντεσ;;1
παρελαβε;;1
μετεπεμψατο;;1
αλυζιαν;;1
απεπεμφθη;;1
πυθοιτο;;1
εαλωκοσ;;1
κονων;;1
ανθορμουσαι;;1
καταλυουσι;;1
κονωνι;;1
ητοιμαζοντο;;1
κελευσασ;;1
ξυνηρχε;;1
αποτραπομενοσ;;1
ξυναγειρων;;1
οιχομενοι;;1
προπυθομενοσ;;1
κεντοριπασ;;1
αλικυαιουσ;;1
διαφρησωσι;;1
κωλυσωσι;;1
ακραγαντινοι;;1
πορευομενων;;1
τριχηι;;1
κορινθιου;;1
ακραγαντινων;;1
ετοιμησ;;1
κατισχουσιν;;1
χοιραδασ;;1
ιαπυγιασ;;1
ιαπυγων;;1
μεσσαπιου;;1
εθνουσ;;1
αναβιβαζονται;;1
αρται;;1
δυναστησ;;1
παρεσχετο;;1
μεταποντιον;;1
μεταποντιουσ;;1
εκπεπτωκοτασ;;1
αθροισαντεσ;;1
εξετασαι;;1
θουριουσ;;1
κομιδησ;;1
ρυπικηι;;1
μηνοειδουσ;;1
προσβεβοηθηκωσ;;1
προανεχουσαισ;;1
ακραισ;;1
παρετετακτο;;1
εμφαρξασαι;;1
πολυανθησ;;1
τρισιν;;1
διφιλοσ;;1
αρθεντοσ;;1
απλοι;;1
αντιπρωιροι;;1
εμβαλλομεναι;;1
αναρραγεισαι;;1
παχυτερασ;;1
απωσιν;;1
επαναγωγην;;1
διωξισ;;1
διεσωι;;1
απλουσ;;1
διαλυθεντοσ;;1
ερινεου;;1
παρεσκευασθησαν;;1
κροτωνιατιδοσ;;1
εξετασαντεσ;;1
συβαρει;;1
θουριαδοσ;;1
υλιαι;;1
κροτωνιαται;;1
προσπεμψαντεσ;;1
υλιου;;1
αναβιβασαμενοι;;1
ισχοντεσ;;1
πετραν;;1
ρηγινησ;;1
σχησοντεσ;;1
ξυντεμοντεσ;;1
στεριφωτερασ;;1
πρωιραισ;;1
παχειασ;;1
αντηριδασ;;1
υπετειναν;;1
πηχεισ;;1
επισκευασαμενοι;;1
αντινεναυπηγημενασ;;1
αναρρηξειν;;1
στεριφοισ;;1
παχεσι;;1
κοιλα;;1
παιοντεσ;;1
εμβολοισ;;1
περιπλουν;;1
διεκπλειν;;1
δοκουσηι;;1
αντιπρωιρον;;1
ξυγκρουσαι;;1
εξωθουμενοισ;;1
ξυμφερομενουσ;;1
προσπιπτοντασ;;1
ταραξεσθαι;;1
ναυμαχιαισ;;1
ανακρουσεωσ;;1
επιπλευσιν;;1
δυνησεσθαι;;1
εσομενου;;1
προεξαγαγων;;1
προσηγε;;1
γυμνητεια;;1
επεξεπλεον;;1
επιφερομενασ;;1
προσιουσιν;;1
χωρουντασ;;1
προσπλεοντεσ;;1
ανακρουομενοι;;1
ηναγκαζεν;;1
επισκευαζειν;;1
επεπονηκει;;1
προωρμισε;;1
σταυρωματοσ;;1
κληιστου;;1
διαλειπουσασ;;1
πλεθρα;;1
κατεστησεν;;1
καταφευξισ;;1
διετελεσαν;;1
επιχειρησει;;1
αντικατασταντεσ;;1
αριστων;;1
πυρριχου;;1
κυβερνητησ;;1
επιμελομενουσ;;1
πωλουμενων;;1
εδωδιμα;;1
φεροντασ;;1
αριστοποιησωνται;;1
αυθη;;1
μερον;;1
επιχειρωσιν;;1
κρουσαμενοι;;1
ανακρουσασθαι;;1
διεπρασσοντο;;1
θορυβου;;1
ασιτοι;;1
φυλασσομενοι;;1
διαμελλοντασ;;1
κοπωι;;1
αλισκεσθαι;;1
επιφερομενοι;;1
παρακελευσεωσ;;1
εμβολων;;1
ανερρηγνυσαν;;1
λεπτοισ;;1
ταρσουσ;;1
υποπιπτοντεσ;;1
καταφευξιν;;1
κεραιαι;;1
εσπλων;;1
δελφινοφοροι;;1
ηρμεναι;;1
επαιρομεναι;;1
κατατραυματισαντεσ;;1
εχυραν;;1
ξενικαισ;;1
περασ;;1
πανταχοσε;;1
φαινομενην;;1
διεχειμαζεν;;1
εφθασεν;;1
εμαθον;;1
αποτετειχισμενοι;;1
ανασκοπων;;1
γιγνωσκων;;1
δεινοτατοσ;;1
αποχρησασθαι;;1
αναβασεωσ;;1
ξυντομωτατην;;1
διαπολεμησιν;;1
ξυστρατευομενουσ;;1
παρατειχισματοσ;;1
προσαγαγοντι;;1
κατεκαυθησαν;;1
απεκρουοντο;;1
προσελθοντασ;;1
τειχιζοντασ;;1
υπνου;;1
προσβαντεσ;;1
προτειχισμασιν;;1
εντυχοντεσ;;1
υπομενοντων;;1
ηιρουν;;1
απεσυρον;;1
προτειχισματων;;1
προιοντων;;1
μεμαχημενου;;1
ξυστραφωσιν;;1
νυκτομαχιαι;;1
λαμπρα;;1
σεληνηι;;1
απιστεισθαι;;1
στενο;;1
χωριαι;;1
ανεστρεφοντο;;1
ανεβεβηκει;;1
προσανηιει;;1
ετεταρακτο;;1
παρεκελευοντο;;1
ολιγηι;;1
ερωτημασι;;1
πυκνοισ;;1
γνωρισαι;;1
διεσπασμενουσ;;1
αγνοεισθαι;;1
αποκρινοιντο;;1
εβλαψε;;1
παιανισμοσ;;1
παραπλησιοσ;;1
παιανισειαν;;1
ξυμπεσοντεσ;;1
ριπτοντεσ;;1
καταβασεωσ;;1
καταβαιεν;;1
διεφυγγανον;;1
διαμαρτοντεσ;;1
περιελασαντεσ;;1
προσβασισ;;1
νεκ;;1
αλλεσθαι;;1
απροσδοκητωι;;1
αναρρωσθεντεσ;;1
στασιαζοντα;;1
υπαγαγοιτο;;1
αρρωστιαν;;1
επιχειρημασιν;;1
ελωδεσ;;1
ανελπιστα;;1
διανοηθεισ;;1
διεκινδυνευσεν;;1
εσφαλτο;;1
εψηφιζετο;;1
επελθουσαισ;;1
επιτειχιζοντασ;;1
εμφανωσ;;1
ψηφιζομενουσ;;1
καταγγελτουσ;;1
πονηροτερα;;1
καρτερωσι;;1
προσκαθημενοι;;1
εκτρυχωσειν;;1
θαλασσοκρατουντων;;1
διασκοπων;;1
ανειχε;;1
αποδεξονται;;1
επιτιμησει;;1
γνωσεσθαι;;1
διαβαλλοι;;1
πεισεσθαι;;1
βοωσιν;;1
βοησεσθαι;;1
αισχραι;;1
ξενοτροφουντασ;;1
περιπολιοισ;;1
αναλισκοντασ;;1
βοσκοντασ;;1
αμηχανησειν;;1
προσοφειλειν;;1
εκλιπωσι;;1
φθερεισθαι;;1
επικουρικα;;1
νικηθεντασ;;1
ισχυριζετο;;1
επικηρυκευομενον;;1
εθαρσησε;;1
ψηφισματοσ;;1
θρεψονται;;1
πορθουντεσ;;1
βλαψουσι;;1
αναχωρησεισ;;1
περιγραπτου;;1
καταιροντεσ;;1
εξανιστασθαι;;1
ξυνηγορευεν;;1
αντιλεγοντοσ;;1
οκνοσ;;1
ενεγενετο;;1
υπονοια;;1
ισχυριζηται;;1
διεμελλησαν;;1
αμαρτων;;1
εξεπεπτωκει;;1
αποστα;;1
λεντασ;;1
απενεχθεντεσ;;1
κυρηναιων;;1
ευεσπεριταισ;;1
ξυμμαχησαντεσ;;1
νεαν;;1
καρχηδονιακον;;1
περαιω;;1
προσγεγενημενην;;1
χωρουντα;;1
ισχοντα;;1
πιεζομενα;;1
μελοντο;;1
ενηντιουτο;;1
αδηλοτατα;;1
εκλειπει;;1
πασσεληνοσ;;1
ενθυμιον;;1
θειασμωι;;1
διαβουλευσασθαι;;1
εξηγουντο;;1
κινηθειη;;1
μελλησασι;;1
κατεγνωκοτων;;1
επιβουλευσαι;;1
χαλεπωτερουσ;;1
προσπολεμειν;;1
ικαναι;;1
επεξελθοντοσ;;1
εσοδου;;1
εκπλεουσιν;;1
ογδοη;;1
περικληισασθαι;;1
επεξαγοντα;;1
μυχωι;;1
επισπομενασ;;1
εξεωθουν;;1
νικωμενασ;;1
σταυρωματων;;1
καταφερομενασ;;1
εκβαινοντασ;;1
αφελκειν;;1
επεκβοηθησαντεσ;;1
λυσιμελειαν;;1
επιβοηθησαντεσ;;1
κληματιδων;;1
δαιδοσ;;1
γεμισαντεσ;;1
ουριοσ;;1
αντεμηχανησαντο;;1
σβεστηρια;;1
παυσαντεσ;;1
αποληψεωσ;;1
λαμπρασ;;1
επελθουσασ;;1
αθυμιασ;;1
μεταμελοσ;;1
ομοιοτροποισ;;1
δημοκρατουμεναισ;;1
μεγεθη;;1
εχουσαισ;;1
προσηγοντο;;1
εκρατηθησαν;;1
κωλυσουσι;;1
καθυπερτερα;;1
δυνατην;;1
επενεχθησομενον;;1
ενεγκειν;;1
δοξαντεσ;;1
θαυμασθησεσθαι;;1
εμπαρασχοντεσ;;1
προκοψαντεσ;;1
ξυνηλθε;;1
ξυγκτησομενοι;;1
ξυνδιασωσοντεσ;;1
φωνηι;;1
εστιαιησ;;1
εστιαιαν;;1
υποτελων;;1
στυρησ;;1
κειοι;;1
δρυοπεσ;;1
φορωι;;1
αινιοι;;1
αιολευσι;;1
κτισασι;;1
στρατευομενοισ;;1
κεφαλληνεσ;;1
νησιωτικον;;1
παρεληφθησαν;;1
κρησι;;1
ροδιοισ;;1
ξυγκτισαντασ;;1
επεκουρησαν;;1
οριζομενοι;;1
ιταλιωτων;;1
μεταποντιοι;;1
αναγκαισ;;1
κατειλημμενοι;;1
ιαπυγεσ;;1
αντεβοηθησαν;;1
ακραγαντι;;1
νων;;1
ιδρυμενοι;;1
ιμεραιοι;;1
μοριου;;1
αφεστασαν;;1
νεοδαμωδεσ;;1
αφθονοσ;;1
γεγενημενηι;;1
εκληιον;;1
πλαγιαισ;;1
ακατοισ;;1
αγκυρων;;1
ορμιζοντεσ;;1
τολμησωσι;;1
αποκληισιν;;1
αισθομενοισ;;1
βουλευτεα;;1
ταξιαρχοι;;1
εκπλευσομενοι;;1
ναυκρατησουσιν;;1
απλοωτεραι;;1
εσβιβαζοντεσ;;1
διαναυμαχησαντεσ;;1
μελλωσι;;1
αντιληψεσθαι;;1
υποκατεβησαν;;1
μετεχων;;1
ξυνεπληρωθησαν;;1
εσεβιβαζον;;1
σπανιν;;1
κρατησωμεν;;1
απειροτατοι;;1
ελ;;1
πιδα;;1
ξυστρατευομενοι;;1
μνησθητε;;1
παραλογων;;1
αναμαχουμενοι;;1
εφορατε;;1
αρωγα;;1
ενειδομεν;;1
στενοτητι;;1
εσκεμμενα;;1
ητοιμασται;;1
εχρωμεθα;;1
βαρυτητι;;1
ηναγκασμενηι;;1
ηυρηται;;1
αντιναυπηγησαι;;1
επωτιδων;;1
παχυτητασ;;1
επιβολαι;;1
προσπεσουσησ;;1
υπουργωσιν;;1
ηναγκασμεθα;;1
πεζομαχειν;;1
ανακρουεσθαι;;1
επεχηι;;1
μεμνημενουσ;;1
δυνησθε;;1
εξωθεισθαι;;1
ξυμπεσουσησ;;1
στρωματοσ;;1
απαραξητε;;1
παρακελευομαι;;1
παραινω;;1
δεομαι;;1
εκπεπληχθαι;;1
ενθυμεισθαι;;1
νομιζομενοι;;1
φωνησ;;1
μιμησει;;1
εθαυμαζεσθε;;1
μετειχετε;;1
κοινωνοι;;1
καταπροδιδοτε;;1
αμυνασθε;;1
δειξατε;;1
ευτυχουσησ;;1
υπελιπετε;;1
πλευσομενουσ;;1
γιγνοισθε;;1
επηλθετε;;1
καρτερησατε;;1
εσομενοι;;1
προφερει;;1
αποδειξαμενοσ;;1
σωτηριοσ;;1
προηγγελθη;;1
επιβολη;;1
εξηρτυσαντο;;1
κατεβυρσωσαν;;1
απολισθανοι;;1
αντιλαβην;;1
χειρ;;1
επιβαλλομενη;;1
αντελαβεσθε;;1
ηισθηται;;1
σημανουμεν;;1
κατορθωσειαν;;1
κεκτημενουσ;;1
νικησετε;;1
κολουθωσι;;1
ασθενεστερον;;1
ενδιδοασιν;;1
ανεπιστημονεσ;;1
απετολμησαμεν;;1
προσγεγενημενησ;;1
ενικησαμεν;;1
διπλασια;;1
αντιμιμησεωσ;;1
αναρμοστοι;;1
χερσαιοι;;1
βελοσ;;1
ευρησουσι;;1
σφαλουσι;;1
κινουμενοι;;1
ταραξονται;;1
ωφελησονται;;1
ναυμαχησει;;1
πεφοβηται;;1
αργοτεραι;;1
ραισται;;1
βλα;;1
πτεσθαι;;1
παρεσκευασται;;1
αληθεστατον;;1
πεπυσθαι;;1
υπερβαλλοντων;;1
καθεστηκασιν;;1
αποκινδυνευσαι;;1
ιν;;1
εκπλευσωσιν;;1
παραδεδωκυιαν;;1
προσμειξωμεν;;1
νομισωμεν;;1
νομιμωτατον;;1
προσπεσοντοσ;;1
δικαιωσωσιν;;1
αποπλησαι;;1
θυμουμενον;;1
εκγενησομενον;;1
ηδιστον;;1
εχθιστοι;;1
ταλγιστα;;1
απρεπεστατα;;1
αισχιστην;;1
επικλησιν;;1
δρασουσιν;;1
κολασθηναι;;1
καρπουμενηι;;1
καλοσ;;1
σπανιωτατοι;;1
σφαληναι;;1
ωφελωσιν;;1
αντεπληρουν;;1
πασχουσιν;;1
ανεκαλει;;1
πατροθεν;;1
επονομαζων;;1
πατρικασ;;1
ελευθερωτατησ;;1
υπομιμνηισκων;;1
ανεπιτακτου;;1
αρχαιολογειν;;1
φυλαξαμενοι;;1
ειποιεν;;1
προφερομενα;;1
επιβοωνται;;1
αναγκαια;;1
παρηινησθαι;;1
αποχωρησασ;;1
παρεταξεν;;1
ζευγμα;;1
παραλειφθεντα;;1
προεξαγαγομενοι;;1
παραπλησιαισ;;1
κατισχοιεν;;1
αγαθαρχοσ;;1
κληισεισ;;1
επιφερομενων;;1
κελευσθειη;;1
αντιτεχνησισ;;1
αγωνισμοσ;;1
προσπεσοι;;1
ξυμπεσουσων;;1
ελαχιστωι;;1
απελιπον;;1
εμβολαι;;1
ανακρουσεισ;;1
διεκπλουσ;;1
προσπεσουσα;;1
επιπλεουσα;;1
αφθονωσ;;1
προσμειξειαν;;1
επιβαινειν;;1
ξυνετυγχανε;;1
πολλαχου;;1
εμβεβληκεναι;;1
εμβεβλησθαι;;1
ξυνηρτησθαι;;1
κτυπον;;1
ξυμπιπτουσων;;1
αποστερησιν;;1
κελευσται;;1
φθεγγοιντο;;1
παρακελευσισ;;1
κελευσταισ;;1
τεχνην;;1
επιβοωντεσ;;1
αντιλαβεσθαι;;1
επαυξησαι;;1
ορωιεν;;1
κρουομενον;;1
ανακαλουντεσ;;1
τριηραρχον;;1
πολεμιωτατην;;1
οικειοτεραν;;1
πονου;;1
κεκτημενησ;;1
υποχωρουσιν;;1
προθυμουμενουσ;;1
φευγουσιν;;1
ξυστασιν;;1
πραξωσιν;;1
ανακειμενων;;1
εοικωσ;;1
εποψιν;;1
θεασ;;1
επικρατουντασ;;1
ανεθαρσησαν;;1
ανακλησιν;;1
στερησαι;;1
δρωμενων;;1
εδουλουντο;;1
ακριτωσ;;1
ξυνεχεσ;;1
αμιλλησ;;1
ξυναπονευοντεσ;;1
αγχωμαλα;;1
ολοφυρμοσ;;1
κρατουμενοι;;1
πολυειδη;;1
φθεγγεσθαι;;1
αντισχουσησ;;1
διακελευσμωι;;1
οιμωγηι;;1
στονωι;;1
δυσανασχετουντεσ;;1
σωθησονται;;1
ξυμπασων;;1
διαφθαρεισων;;1
προσαπωλλυντο;;1
απολομενων;;1
επικρατησαντεσ;;1
αιτησαι;;1
πληρωσαντασ;;1
χρησιμαι;;1
περιλοιποι;;1
ξυγχωρουντοσ;;1
καταπεπληχθαι;;1
αναχωρησοντεσ;;1
υποχωρησασα;;1
καθεζομενη;;1
βουλησεται;;1
εσηγειται;;1
αποχωρησαι;;1
αποικοδομησαι;;1
στενοπορα;;1
προδιαλαβοντασ;;1
ξυνεγιγνωσκον;;1
αναπεπαυμενουσ;;1
εορτησ;;1
ηρακλει;;1
θυσια;;1
περιχαρουσ;;1
τετραφθαι;;1
προφθασωσιν;;1
ηνικα;;1
ξυνεσκοταζεν;;1
ακουσεσθαι;;1
ανακαλεσαμενοι;;1
διαγγελοι;;1
φραζειν;;1
παρασκευασαμενον;;1
διηγγειλαν;;1
τηγοισ;;1
αγγελμα;;1
απατην;;1
ξυσκευασαιντο;;1
χρησιμωτατα;;1
προεξελθοντεσ;;1
απεφαργνυσαν;;1
ρειθρων;;1
ποταμων;;1
διαβασεισ;;1
αφειλκον;;1
εκπεπτωκυιαν;;1
αναδησαμενοι;;1
εκομιζον;;1
απολειψει;;1
αλγεινα;;1
καταλειπομενοι;;1
τραυματιαι;;1
λυπηροτεροι;;1
απολωλοτων;;1
αθλιωτεροι;;1
αντιβολιαν;;1
ολοφυρμον;;1
ξυσκηνων;;1
απιοντων;;1
εκκρεμαννυμενοι;;1
επακολουθουντεσ;;1
προλιποι;;1
επιθειασμων;;1
οιμωγησ;;1
υπολειπομενοι;;1
δακρυσι;;1
πλησθεν;;1
δακρυα;;1
πεπονθοτασ;;1
παθωσιν;;1
κατηφεια;;1
καταμεμψισ;;1
εκπεπολιορκημενηι;;1
εωικεσαν;;1
υποφευγουσηι;;1
σμικραι;;1
απηυτομοληκεσαν;;1
αικια;;1
ισομοιρια;;1
κουφισιν;;1
εδοξαζετο;;1
ταπεινοτητα;;1
αφικτο;;1
δουλωσομενουσ;;1
παθωσι;;1
ευχησ;;1
παιανων;;1
εξεπλεον;;1
επιφημισμασιν;;1
οπλιτικωι;;1
προσεχοντασ;;1
επικρεμαμενου;;1
οιστα;;1
αθυμουν;;1
γεγωνισκων;;1
δεινοτερων;;1
κακοπαθιαισ;;1
καγω;;1
προφερων;;1
διακειμαι;;1
φαυλοτατοισ;;1
αιωρουμαι;;1
δεδιηιτημαι;;1
ανεπιφθονα;;1
θρασεια;;1
φοβουσιν;;1
λωφησειαν;;1
ηυτυχηται;;1
επιφθονοι;;1
εστρατευσαμεν;;1
χρωντωσ;;1
τετιμωρημεθα;;1
ανεκτα;;1
ηπιωτερα;;1
φθονου;;1
χωρειτε;;1
καταπεπληχθε;;1
λογιζεσθε;;1
καθεζησθε;;1
ιδρυθεντασ;;1
εξαναστησειεν;;1
ευτακτον;;1
φυλαξατε;;1
αναγκασθηι;;1
αντιλαβωμεθα;;1
εχυρωι;;1
προπεπεμπται;;1
σωθειητε;;1
διαφυγητε;;1
τευξομενοι;;1
επιθυμειτε;;1
πεπτωκυιαν;;1
επανορθωσοντεσ;;1
παρακελευομενοσ;;1
χωρουν;;1
ξυναγων;;1
ηγουμενον;;1
εφεπομενον;;1
διαβασει;;1
παρατεταγμενουσ;;1
πορου;;1
παριππευοντεσ;;1
απεδον;;1
εδωδιμον;;1
ωκειτο;;1
σταδια;;1
αφθονον;;1
προελ;;1
θοντεσ;;1
καρτεροσ;;1
κρημνωδησ;;1
ακραιον;;1
λεπασ;;1
παριππευον;;1
αποτετειχισμενον;;1
αποτειχισματοσ;;1
παρατεταγμενην;;1
ετειχομαχουν;;1
επαντουσ;;1
διικνουντο;;1
βρονται;;1
αναπαυομενων;;1
αποτειχιουντασ;;1
οπισθεν;;1
προεληλυθεσαν;;1
αντιπεμψαντεσ;;1
κατετραυματιζον;;1
αναχωροιεν;;1
υστατοισ;;1
κατατετραυματισμενοι;;1
καυσαντασ;;1
καυσαντεσ;;1
στρατοπεδοισ;;1
φοβοι;;1
δειματα;;1
εγγιγνεσθαι;;1
απεχοντων;;1
ξυνεμενε;;1
προυλαβε;;1
απεσπασθη;;1
κακυπαρει;;1
ιοιεν;;1
μεσογειασ;;1
πεμψαντο;;1
απαντησεσθαι;;1
αποτειχιζουσαν;;1
αποσταυρουσαν;;1
πορον;;1
απεληλυθοτασ;;1
εκοντα;;1
κεχωρηκοτασ;;1
υπομενειν;;1
μαχο;;1
ξυνεχεστερωι;;1
αναχωρουντι;;1
επικεισθαι;;1
ξυνετασσετο;;1
ενδιατριβων;;1
κυκλουται;;1
ανειληθεντεσ;;1
περιην;;1
εβαλλοντο;;1
περισταδον;;1
ξυσταδον;;1
αποκινδυνευειν;;1
απονενοημενουσ;;1
φειδω;;1
σαφει;;1
προαναλωθηναι;;1
καταδαμασαμενοι;;1
τεταλαιπωρημενουσ;;1
τραυμασι;;1
αναγκαιοτατησ;;1
διαιτησ;;1
εξακισχιλιοι;;1
κατεθεσαν;;1
υπτιασ;;1
ενεπλησαν;;1
απεκομιζον;;1
καθισε;;1
παραδεδωκοιεν;;1
απιστων;;1
σκεψομενον;;1
οιχομενοσ;;1
απηγγειλε;;1
παραδεδωκοτασ;;1
επικηρυκευεται;;1
αποδοθηι;;1
περισταντεσ;;1
πονηρωσ;;1
πορευσεσθαι;;1
επαιανισαν;;1
κατακοντιζοντεσ;;1
ασσιναρον;;1
διαβωσι;;1
πωριασ;;1
πιειν;;1
διαβηναι;;1
χαλε;;1
πην;;1
επεπιπτον;;1
κατεπατουν;;1
σκευεσιν;;1
εμπαλασσομενοι;;1
κατερρεον;;1
παρασταντεσ;;1
κρημνωδεσ;;1
πινοντασ;;1
εσφαζον;;1
διεφθαρτο;;1
επινετο;;1
ηιματωμενον;;1
περιμαχητον;;1
διεφθαρμενου;;1
διαφυγοι;;1
παυ;;1
φονευοντασ;;1
απεκρυψαντο;;1
ξυνεκομισαν;;1
διεξηλθον;;1
διωξομενουσ;;1
αθροισθεν;;1
διακλαπεν;;1
διεπλησθη;;1
πλειστοσ;;1
συχναισ;;1
ετεθνηκεσαν;;1
δουλευσαντεσ;;1
διαδιδρασκοντεσ;;1
ξυναθροισθεντεσ;;1
οποσουσ;;1
κατεβιβασαν;;1
λιθοτομιασ;;1
ασφαλεστατην;;1
τηρησιν;;1
απεσφαξαν;;1
αντιστρατηγουσ;;1
πολεμιωτατον;;1
επιτηδειοτατον;;1
εκεκοινολογηντο;;1
πλουσιοσ;;1
αποδραι;;1
δυστυχιασ;;1
νενομισμενην;;1
επιτηδευσιν;;1
λιθοτομιαισ;;1
μετεχειρισαν;;1
ηλιοι;;1
πνιγοσ;;1
αστεγαστον;;1
νυκτεσ;;1
επιγιγνομεναι;;1
μετοπωριναι;;1
ψυχραι;;1
ξυννενημενων;;1
τραυματων;;1
οσμαι;;1
κοτυλην;;1
εμπεπτωκοτασ;;1
κακοπαθησαι;;1
διηιτηθησαν;;1
ιταλιω;;1
εξειπειν;;1
επτακισχιλιων;;1
λαμπροτατον;;1
διαφθαρεισι;;1
δυστυ;;1
χεστατον;;1
κακοπαθησαντεσ;;1
πανωλεθριαι;;1
απενοστησαν;;1
διαπεφευγοσι;;1
πανσυδι;;1
διεφθαρθαι;;1
ξυμπροθυμηθεισι;;1
ρητορων;;1
χρησμολογοισ;;1
μαντεσι;;1
θειασαντεσ;;1
επηλ;;1
πισαν;;1
στερομενοι;;1
πλευσεισθαι;;1
διπλασιωσ;;1
επικεισεσθαι;;1
αποσταντασ;;1
ξυμπορισαμενουσ;;1
σωφρονισαι;;1
προβουλευσουσιν;;1
περιδεεσ;;1
ευτακτειν;;1
παρακαληι;;1
αποστατεον;;1
εθελοντι;;1
ιτεον;;1
ξυμπροθυμηθεντεσ;;1
λαξεσθαι;;1
οργωντεσ;;1
υπολειπειν;;1
εθαρσει;;1
προσγεγενημενου;;1
παρεσεσθαι;;1
προσελαβον;;1
ηργυρολογησεν;;1
τραπομενοσ;;1
λειασ;;1
επραξατο;;1
φθιωτασ;;1
μεμφομενων;;1
προσαγειν;;1
προσταξιν;;1
ναυπηγιασ;;1
φωκευσι;;1
πελληνευσι;;1
τροιζηνιοισ;;1
ερμιονευσι;;1
ξυμπορισαμενοι;;1
ενωικοδομησαν;;1
αναλισκεσθαι;;1
ξυστελλομενοι;;1
διασκοπουντεσ;;1
αρχομενων;;1
κατασκευηι;;1
ευβοησ;;1
προσδεξαμενοσ;;1
μεταπεμπεται;;1
σθενελαιδου;;1
μελανθον;;1
αρμοστην;;1
ξυναγειρειν;;1
δεινοσ;;1
επηγετο;;1
πεπραγμενοσ;;1
επωφειλησεν;;1
κομιεισθαι;;1
κακωσασ;;1
καριαν;;1
λαοφωντοσ;;1
μεγαρευσ;;1
αθηναγορου;;1
κυζικηνοσ;;1
κατοικουντεσ;;1
πεμψαντοσ;;1
κομισειαν;;1
προυθυμειτο;;1
αποστησειε;;1
ποιησειεν;;1
αμιλλα;;1
πεισουσι;;1
ξυνεπρασσε;;1
εφορευοντι;;1
πατρικοσ;;1
λακωνικον;;1
οικια;;1
ξενιαν;;1
κατασκοπον;;1
φρυνιν;;1
περιοικον;;1
λεγομενην;;1
απαγγειλαντοσ;;1
ερυθραιουσ;;1
μελαγχριδαν;;1
μελαγχριδου;;1
δεδιοτων;;1
αισθωνται;;1
κελευσωσι;;1
ξυμπασαι;;1
δεουσαι;;1
εκοινουντο;;1
αποστολην;;1
αφορμωμενασ;;1
επιδιαφερομενασ;;1
διεορτασωσιν;;1
ισθμιαδασ;;1
αρνουμενων;;1
αποστολησ;;1
ξυνειδοτεσ;;1
λαβωσι;;1
διετριβον;;1
επηγγελθησαν;;1
καταδηλα;;1
αφορμηθεισαι;;1
υπηγον;;1
επηκολουθησαν;;1
πιστασ;;1
σπειραιον;;1
εσχατοσ;;1
ορμιζουσιν;;1
αποβαντων;;1
ατακτοσ;;1
κατατραυματιζουσιν;;1
διακριθεντεσ;;1
νησιδιον;;1
προσχωροι;;1
επενοησαν;;1
κατακαυσαι;;1
ανελκυσαι;;1
παρατυχηι;;1
διαφυγη;;1
θερμωνα;;1
ανηγμεναι;;1
αλκαμενει;;1
αθυμησαντεσ;;1
απτομενοι;;1
ιωνικου;;1
επταισαν;;1
προανηγμενασ;;1
καλειν;;1
πιστοτεροσ;;1
αλ;;1
λακεδαιμονιου;;1
ανεκομιζοντο;;1
ξυνδιαπολεμησασαι;;1
αποληφθεισαι;;1
κοπεισαι;;1
ιπποκλησ;;1
μενιππου;;1
επιτυχοιεν;;1
ξυνελαμβανον;;1
εξαγγελτοι;;1
προξυγγενομενοι;;1
καταπλειν;;1
προειποντασ;;1
θαυματι;;1
ξυλλεγομενην;;1
δηλωσαντων;;1
κλαζομενιοι;;1
νησιδοσ;;1
μεθεστηκυιασ;;1
εγλιχοντο;;1
επιψηφισαντι;;1
απολιπουσαι;;1
διωξασαι;;1
καταλαβουσαι;;1
ανεκεχωρηκεσαν;;1
διοτιμου;;1
απολιπουσασ;;1
ξυνεπολιορκουν;;1
κατεδησαν;;1
απελθουσων;;1
σαμιαν;;1
εξανηγετο;;1
μετεωρισθεισ;;1
τηιοι;;1
εσδεχομενοι;;1
περιμενοντεσ;;1
εχρονιζε;;1
ανωικοδομησαν;;1
ξυγκαθηιρουν;;1
σταγησ;;1
οπλισαντεσ;;1
καταλιμπανουσιν;;1
προεστωσι;;1
προσαγαγομενοσ;;1
χαλκιδει;;1
αποστειλαντι;;1
θρασυκλεα;;1
ξυνδιωκων;;1
επικειμενηι;;1
οποσην;;1
εφοιτα;;1
λαμβανωσιν;;1
μαχοισ;;1
καθορωσιν;;1
προσεπλει;;1
φθασαντων;;1
λεβεδον;;1
καταδιωχθεισαι;;1
εφορμουμεναι;;1
επεκπλουν;;1
ποιησαμεναι;;1
κρατησασαι;;1
αποπλευσασαι;;1
κεγχρειασ;;1
ναυαρχια;;1
παραγενομενοσ;;1
επικαθελων;;1
τηιοισ;;1
επαναστασισ;;1
ζημιωσαντεσ;;1
νειμαμενοι;;1
διωικουν;;1
γεωμοροισ;;1
μετεδιδοσαν;;1
εκδουναι;;1
αγαγεσθαι;;1
τρισκαιδεκα;;1
κλαζομενων;;1
ευαλασ;;1
δεινιαδασ;;1
περιοικοσ;;1
καταπλευσασαι;;1
καταλειπονται;;1
τριτην;;1
προσεβοηθησεν;;1
αναγαγομενοσ;;1
χιαν;;1
ωφελοιη;;1
πυνθανεται;;1
βοει;;1
αντισταντασ;;1
ερεσιων;;1
ευβουλου;;1
καταλειφθεισαι;;1
οπλισασ;;1
παραπεμπει;;1
ετεονικον;;1
θαρσησειν;;1
εμελλησεν;;1
αιτιων;;1
κλαζομεναι;;1
παραβοηθησαντα;;1
κρατουσ;;1
σταθεν;;1
οινουσσων;;1
σιδουσσησ;;1
πτελεου;;1
ερυθραιαι;;1
επιβατασ;;1
αναγκαστουσ;;1
καρδαμυληι;;1
βολισκωι;;1
αναστατα;;1
φαναισ;;1
λευκωνιωι;;1
κατεσκευασμενην;;1
απαθη;;1
ηισθομην;;1
ηυδαιμονησαν;;1
εσωφρονησαν;;1
επεδιδου;;1
εκοσμουντο;;1
εχυρωτερον;;1
ξυγκινδυνευσειν;;1
αντιλεγοντασ;;1
σικελικην;;1
ανθρωπειοισ;;1
παραλογοισ;;1
ξυναναιρεθησεσθαι;;1
ξυνεγνωσαν;;1
ειργομενοισ;;1
πορθουμενοισ;;1
ομηρων;;1
ληψει;;1
καταπαυσουσι;;1
ωπλισαν;;1
οπλιταγωγοι;;1
ονομακλεουσ;;1
σκιρωνιδου;;1
στρατηγουντων;;1
προεξαιξαντεσ;;1
δεξομενουσ;;1
ισθμωδουσ;;1
εναγοντοσ;;1
υπολοιπου;;1
σελινουντιαι;;1
ετοιμαι;;1
θηριμενει;;1
λακεδαιμονιωι;;1
προσταχθεισαι;;1
λερον;;1
ιασικον;;1
ιππωι;;1
ξυνεμαχετο;;1
αποτειχισθεισαν;;1
λερου;;1
επιτρεψειν;;1
οποσασ;;1
παρασκευασαμενοισ;;1
ονειδει;;1
ειξασ;;1
διακινδυνευσειν;;1
οτουουν;;1
περιπιπτειν;;1
εκουσιαν;;1
βιαζομενηι;;1
τραυματιασ;;1
αναλαβοντασ;;1
ειληφασι;;1
κουφαι;;1
ξυναγαγοντασ;;1
εδρασε;;1
ατελει;;1
τειχιουσσησ;;1
επικαταγονται;;1
ξυγκαταδιωχθεισασ;;1
εξειλοντο;;1
ιασωι;;1
επηινεθησαν;;1
παραδιδοασιν;;1
παλαιοπλουτον;;1
ξυνεταξαν;;1
δουλα;;1
ελευθερα;;1
στατηρα;;1
δαρεικον;;1
αμοργου;;1
καθιστασιν;;1
διεδωκε;;1
επερηται;;1
κελευηι;;1
ξυμπλεων;;1
οβολοι;;1
ωμολογηθησαν;;1
αριθμου;;1
προσαφιγμεναι;;1
διακληρωσαμενοι;;1
ονομακλησ;;1
οπλιταγωγοισ;;1
εθαλασσοκρατουν;;1
προδοσιαν;;1
ηκουσασ;;1
πτελεωι;;1
ανοικιζεσθαι;;1
ξυνεκελευε;;1
ατειχιστωι;;1
κλαζομεναισ;;1
μαραθουσσαν;;1
πηλην;;1
δρυμουσσαν;;1
ανεμουσ;;1
εσβαλομενοι;;1
πλευσαν;;1
απροθυμοι;;1
σφαλμα;;1
χειμασθεισων;;1
ερυθραισ;;1
διαπεραιουται;;1
καταλειφθεντεσ;;1
πεδαριτωι;;1
παραγενομενουσ;;1
προησειν;;1
εκτην;;1
λακωνικασ;;1
ναυαρχιαν;;1
απειλησασ;;1
ενηυλισατο;;1
διειργοντο;;1
ελεληθεσαν;;1
αφειμενοι;;1
αναζητησαντεσ;;1
δοκουντων;;1
προφασισθεν;;1
απολυσαντεσ;;1
κωρυκου;;1
περιπλεουσα;;1
αργινον;;1
επιτυγχανει;;1
επιγιγνεται;;1
ορμησασαι;;1
εκπιπτουσι;;1
αποθνηισκουσιν;;1
μιμαντι;;1
φοινικουντα;;1
θουριαισ;;1
διαγορου;;1
καταπλει;;1
ημισειαισ;;1
προσβαλλουσασ;;1
κνιδιασ;;1
τριοπιωι;;1
φρουρουσασ;;1
χιστωι;;1
φαρξαμενων;;1
επεσελθοντων;;1
τριοπιου;;1
ουκεθ;;1
ευπορωσ;;1
μισθοσ;;1
ιασου;;1
διαρπασθεντα;;1
υπην;;1
θυμωσ;;1
πρωται;;1
ενδεεισ;;1
βα;;1
σιλεα;;1
τισσα;;1
φερνην;;1
ποιουσι;;1
μεταπεμψαμενου;;1
οποσαι;;1
αμυνετω;;1
κελητι;;1
αφανιζεται;;1
δελφινιον;;1
πεπληγμενοι;;1
τυδεωσ;;1
ιωνοσ;;1
αττικισμωι;;1
κατεχομενησ;;1
εσηκουεν;;1
επιστελλει;;1
αδικουντοσ;;1
ανταναγοιεν;;1
καλλιγειτου;;1
τιμαγορου;;1
κυζικηνου;;1
παρασκευασθεισαι;;1
αρασαι;;1
αντισθενησ;;1
ξυνεπιμελεσθαι;;1
μελλει;;1
προσταξαντασ;;1
παυειν;;1
αντισθενη;;1
μαλεασ;;1
μηνυσωσι;;1
αγγελιαν;;1
ξυμπαρακομισθηναι;;1
διαμελλοντα;;1
αγγελουσ;;1
ειργομενην;;1
πορθουμενην;;1
αδικιαισ;;1
κολαζομενοι;;1
ιδρυσθαι;;1
αυτομολιαι;;1
τειχιζομενου;;1
δελφινιου;;1
ατελουσ;;1
ερυματοσ;;1
προσπεριβαλλομενου;;1
διανοουμενοσ;;1
απειλην;;1
ξυμβουλοι;;1
θαλασσοκρατοιεν;;1
τοσαυτασ;;1
ξυμπαρακομισαι;;1
μεροπιδα;;1
αποβασ;;1
χιστον;;1
μεμνημεθα;;1
ξυμπεπτωκυιαν;;1
εκπορθει;;1
πεφευγοτων;;1
εκβιβασαι;;1
χαρμινωι;;1
καυνωι;;1
περιλαβοι;;1
υετοσ;;1
ξυννεφελα;;1
πλανησιν;;1
σκοτει;;1
διεσπασμενου;;1
πλανωμενου;;1
επαναγονται;;1
κατετραυματισαν;;1
απεκληιοντο;;1
τευτλουσσαν;;1
αλικαρνασσον;;1
καταραντεσ;;1
ξυμμιγεισων;;1
λωρυμοισ;;1
επεσκευαζοντο;;1
ξυμφορωτατα;;1
πολεμησε;;1
εσκοπει;;1
ποιουμενα;;1
ουδετερασ;;1
ενειναι;;1
μηδικην;;1
βελτιουσ;;1
αγανακτων;;1
επικηρυκευομενων;;1
αιτουντεσ;;1
κνιδου;;1
καμειρωι;;1
ροδιασ;;1
εξεφοβησαν;;1
λινδου;;1
ιηλυσου;;1
ροδιουσ;;1
προσεχωρησε;;1
ροδοσ;;1
πελαγιοι;;1
υστερησαντεσ;;1
εξελεξαν;;1
απιστοσ;;1
υποχωρει;;1
εκακου;;1
ξυνετεμεν;;1
δραχμησ;;1
τριω;;1
βολον;;1
επιστημονεσ;;1
πενιαι;;1
υβριζοντεσ;;1
απολειπωσιν;;1
υπολιποντεσ;;1
ομηρειαν;;1
προσοφειλομενον;;1
εδιδασκεν;;1
απηλασεν;;1
αναισχυντοι;;1
πλουσιωτατοι;;1
ανηλουν;;1
φειδομενον;;1
τροφη;;1
καταβηι;;1
κομισαντα;;1
ποριζοντα;;1
ξυγκαθαιρησει;;1
ευτελεστερα;;1
ταδ;;1
κατατριψαι;;1
επιτηδειοτερουσ;;1
κοινωνουσ;;1
ξυγκαταδουλουν;;1
ελευθερωσοντασ;;1
ελευθερωσαι;;1
αποτεμομενον;;1
πελοποννη;;1
σιουσ;;1
απαλλαξαι;;1
παραινουντι;;1
εποριζε;;1
περιοντοσ;;1
αγωνιεισθαι;;1
ακμην;;1
αφειλετο;;1
καταφανεστερον;;1
επιθεραπευων;;1
διαφθερει;;1
πεισαντι;;1
ισχυοντα;;1
προσπεμψαντοσ;;1
πονηριαι;;1
εκβαλουσηι;;1
ξυμπολιτευειν;;1
τριηραρχοι;;1
υποτεινοντοσ;;1
δημοκρατοιντο;;1
ταλαιπωρουνται;;1
επικρατησειν;;1
ξυνιστασαν;;1
παρεξοι;;1
δημοκρατουμενων;;1
ηχθετο;;1
ξυνισταντεσ;;1
ευπορα;;1
σκοπεισθαι;;1
μεταστησασ;;1
παρακληθεισ;;1
περιοπτεον;;1
στασιασωσιν;;1
πεπονθε;;1
υπεσχησθαι;;1
δημοκρατησονται;;1
υπαρχουσαι;;1
βεβαιοτεραι;;1
οποτερου;;1
καγαθουσ;;1
ονομαζομενουσ;;1
ποριστασ;;1
εσηγητασ;;1
ακριτοι;;1
σωφρονιστην;;1
επισταμενασ;;1
ξυλλεγεντεσ;;1
πρασσοιεν;;1
ενδεξονται;;1
εναντιωσιν;;1
κατελθηι;;1
κωλυτην;;1
επιστειλασ;;1
φθειρει;;1
εγγραψασ;;1
αξυμφορου;;1
ιοντα;;1
ανελθων;;1
επισταλεντα;;1
προσεθηκε;;1
κερδεσι;;1
μισθοφορασ;;1
εντελουσ;;1
κωτερωσ;;1
ανθηπτετο;;1
δεδρακε;;1
θορυβουμενοσ;;1
μεμφομενοσ;;1
εκρυφθη;;1
ολον;;1
πραξειε;;1
κινδυνευοντι;;1
προηισθετο;;1
προφθασασ;;1
εξαγγελοσ;;1
πεπυσμενοσ;;1
μελλουσα;;1
επιστολαι;;1
προδιδοται;;1
ξυνειδοτι;;1
ανατιθεναι;;1
εβλαψεν;;1
ξυνεμαρτυρησε;;1
εσαγγειλασ;;1
ανεπειθεν;;1
δεδιοτα;;1
επηληθευσεν;;1
αγωνιζομενοσ;;1
κεφαλαιουντεσ;;1
εξειη;;1
καταγαγουσι;;1
δημοκρατουμενοισ;;1
διαβοωντων;;1
ευμολπιδων;;1
κηρυκων;;1
εφυγε;;1
μαρτυρομενων;;1
επιθειαζοντων;;1
σχετλιασμον;;1
ηρωτα;;1
παραγων;;1
παρεχοντων;;1
πεισει;;1
ερωτωμενοι;;1
πολιτευσομεν;;1
ποιησομεν;;1
βουλευσομεν;;1
εξεσται;;1
μεταθεσθαι;;1
αρεσκηι;;1
καταξομεν;;1
κατεργασασθαι;;1
ακουων;;1
εφερε;;1
διδασκομενοσ;;1
επελπιζων;;1
μεταβαλειται;;1
ενεδωκεν;;1
πλευσαντα;;1
σαφερνην;;1
διαβαλοντοσ;;1
παρελυσεν;;1
ξυναρχοντα;;1
σκιρωνιδην;;1
διομεδοντα;;1
καταλυσουσι;;1
διαμελλεσθαι;;1
ανειλκυσμενασ;;1
ευφυλακτοτερα;;1
απαιροι;;1
ξενοφαντιδασ;;1
επιτετελεσται;;1
βοηθησουσι;;1
απολειται;;1
ανειλκυσμενων;;1
επεκβοηθησαντων;;1
τρεψαμενων;;1
φοβουμενου;;1
βουλομενου;;1
εδιδασκετο;;1
αιτουντα;;1
ξυμβησειοντα;;1
πεπεισμενωι;;1
ηιτει;;1
αιτοιη;;1
φωραθηι;;1
παρερχεται;;1
εκπεπολεμωσθαι;;1
απορωσι;;1
κενωθεισων;;1
πορθησωσι;;1
επανισουν;;1
μεταπεμψαμενοσ;;1
τριτασ;;1
εφορευοντοσ;;1
αλεξιππιδα;;1
ιεραμενη;;1
βουλευετω;;1
παρουσαισ;;1
σκευαζομενοσ;;1
εμφρουρουντων;;1
ξυνεπραξαν;;1
ωρωπιων;;1
κακουμενησ;;1
πελαγιασ;;1
δερκυλιδασ;;1
παρεπεμφθη;;1
αποστησων;;1
ηπορει;;1
βοηθησοι;;1
αντισθενει;;1
επιβατησ;;1
ξυνεξηλθε;;1
κεκομισμενοι;;1
αναιιτισ;;1
μιλησια;;1
καταλαβοντων;;1
αναγαγομενων;;1
καρτερασ;;1
δερκυλιδου;;1
παρεξελθοντοσ;;1
αβυδοσ;;1
δερκυλιδαν;;1
λαμψακοσ;;1
βοηθησασ;;1
λαμψακηνων;;1
κατοικισασ;;1
προσβαλλων;;1
αποπλευσασ;;1
θαλασσοκρατορεσ;;1
απεληλυθοτα;;1
εθαρσησεν;;1
κομιζει;;1
κατελελυτο;;1
προυτρεψαντο;;1
ολιγαρχηθηναι;;1
επανασταντασ;;1
ολιγαρχωνται;;1
κοινολογουμενοι;;1
εσκεψαντο;;1
ανεθησεται;;1
εσφερειν;;1
οικων;;1
ταλαιπωρουντασ;;1
προσσχωσιν;;1
διειτρεφη;;1
ηιρημενον;;1
κατελυσεν;;1
δευτερωι;;1
εναν;;1
τιωσομενον;;1
καταλελυσθαι;;1
καθιστασι;;1
υπουλου;;1
ευνομιασ;;1
προτιμησαντεσ;;1
εδεδοκτο;;1
δημουσ;;1
κατελυον;;1
εταιροισ;;1
ανδροκλεα;;1
προεστωτα;;1
δημαγωγιασ;;1
κατιοντι;;1
ποιησοντι;;1
χαριεισθαι;;1
ανεπιτηδειουσ;;1
προειργαστο;;1
μισθοφορητεον;;1
μεθεκτεον;;1
μεθιστασαν;;1
ξυνεστωσι;;1
ρηθησομενα;;1
σκεπτο;;1
αντειποι;;1
επιτηδειου;;1
υποπτευοιντο;;1
πασχων;;1
σιγωιη;;1
αγνωσιαν;;1
προσολοφυρασθαι;;1
αγανακτησαντα;;1
επιβουλευσαντα;;1
αγνωτα;;1
ερει;;1
γνωριμον;;1
ξυγγραφεασ;;1
ξυγγραψαντασ;;1
εσενεγκειν;;1
οικησεται;;1
εφηκε;;1
ξυνεκληισαν;;1
κολωνον;;1
ανατει;;1
ειποντα;;1
γραψηται;;1
παρανομων;;1
μισθοφορειν;;1
προεδρουσ;;1
ξυλλεγειν;;1
ξυγκαταλυσασ;;1
ξυνθεισ;;1
επιμεληθεισ;;1
διακειμενοσ;;1
ξυμβου;;1
λευσαιτο;;1
μεταπεσοντα;;1
εκακουτο;;1
αιτιαθεισ;;1
ξυγκατεστησε;;1
απολογησαμενοσ;;1
προθυμοτατον;;1
ειδοτα;;1
φερεγγυωτατοσ;;1
ξυγκαταλυουσι;;1
ξυνετων;;1
πραχθεν;;1
εκατοστωι;;1
ειωθοτα;;1
κυρωσασα;;1
δεκε;;1
λειαι;;1
ξυνειδοτασ;;1
ησυχηι;;1
περιμενειν;;1
ενιστηται;;1
ποιουμενοισ;;1
εποικων;;1
οικησοντασ;;1
διατεταγμενων;;1
ξιφιδιου;;1
χειρουργειν;;1
βουλευταισ;;1
λαβουσι;;1
εξιουσιν;;1
αντειπουσα;;1
υπεξηλθε;;1
απεκληρωσαν;;1
ευχαισ;;1
καθισταμενοι;;1
μεταλλαξαντεσ;;1
διοικησεωσ;;1
κατηγον;;1
ενεμον;;1
υπεξαιρεθηναι;;1
μετεστησαντο;;1
μαλ;;1
λον;;1
ταρασσεσθαι;;1
προσμεταπεμψαμενοσ;;1
φρουραι;;1
ταραχθεντασ;;1
χειρωθηναι;;1
γενησομενον;;1
ληψεωσ;;1
προσεμειξε;;1
οπωστιουν;;1
μειναντασ;;1
προσδεχομενου;;1
υπεροριον;;1
βουλευσοντασ;;1
ξυνελθειν;;1
ολιγαρχικωι;;1
εθεληι;;1
αρξαμενου;;1
μεταστησωσιν;;1
ενεωτεριζετο;;1
επανασταντεσ;;1
ξυνεστωτων;;1
ξυνωμοται;;1
υπερβολον;;1
μοχθηρον;;1
ωστρακισμενον;;1
αξιωματοσ;;1
χαρμινου;;1
αισθο;;1
λεοντι;;1
διομεδοντι;;1
σημαινουσι;;1
θρασυβουλωι;;1
θρασυλωι;;1
τριηραρχουντι;;1
οπλιτευοντι;;1
ξυνεστωσιν;;1
διαφθαρεντασ;;1
αλλοτριωθεισαν;;1
μετηισαν;;1
παραλουσ;;1
δηποτε;;1
πλεοιεν;;1
κατελειπον;;1
περιεγενοντο;;1
μνησικακουντεσ;;1
δημοκρατουμενοι;;1
ξυνεπολιτευον;;1
χαιρεαν;;1
απαγγελουντα;;1
καταπλευσαντων;;1
αφελομενοι;;1
μετεμβιβασαντεσ;;1
στρατιωτιν;;1
δεινωσασ;;1
πληγαισ;;1
ζημιουσι;;1
ειρξειν;;1
υπακουσωσι;;1
τεθνηκωσιν;;1
επικαταψευδομενοσ;;1
κωλυθεντεσ;;1
διδαχθεντεσ;;1
αντιπρωιρων;;1
εφορμουντων;;1
λεσωσι;;1
λυκου;;1
προειστηκεσαν;;1
ωρκωσαν;;1
δημοκρατησεσθαι;;1
ομονοησειν;;1
διοισειν;;1
επικηρυκευσεσθαι;;1
ξυνωμνυσαν;;1
ξυνεκοινωσαντο;;1
αποστροφην;;1
διαφθαρησεσθαι;;1
αναγκαζοντεσ;;1
δημοκρατεισθαι;;1
ολιγαρχεισθαι;;1
θρα;;1
συλοσ;;1
ανισταμενοι;;1
ποριμωτερων;;1
μεθεσταναι;;1
αναγκασειν;;1
επολεμησεν;;1
αμυνεισθαι;;1
ποριζεσθαι;;1
προκαθημενουσ;;1
καταστησονται;;1
χρησιμοσ;;1
απολωλεκεναι;;1
εποριζοντο;;1
ημαρτηκεναι;;1
καταλυσαντασ;;1
βουλευοιεν;;1
ποιησωσιν;;1
ασμενον;;1
αποχωρησεισ;;1
ευρησουσιν;;1
εκκλησιασαντεσ;;1
παραθαρσυναντεσ;;1
διεβοων;;1
εθελοντοσ;;1
διατριβηναι;;1
γλαυκηι;;1
διεχει;;1
προηισθοντο;;1
ναυμαχησειοντασ;;1
αφικομεναισ;;1
προσβοηθησειν;;1
πεπεμπτο;;1
αφιγμενοσ;;1
διαναυμαχησαι;;1
αντανηγετο;;1
τοσαυταισ;;1
λαβομεναι;;1
κλεαρχου;;1
κομισθεισ;;1
ελιξου;;1
διασωθεισαι;;1
εχομενοσ;;1
μετεστησε;;1
κατηγεν;;1
μεταστη;;1
σειεν;;1
επηιτιασατο;;1
ανωλοφυρατο;;1
σμικρασ;;1
εμεγαλυνε;;1
φοβοιντο;;1
διαλυθειεν;;1
τιμιωτερον;;1
αγοιεν;;1
θαρσοιεν;;1
διαβαλλοιντο;;1
εκπιπτοιεν;;1
επικομπων;;1
λειπηται;;1
πιστευσηι;;1
τελευτωντα;;1
στρωμνην;;1
εξαργυρωσαι;;1
ασπενδωι;;1
μονωσ;;1
σωσ;;1
αναδεξαιτο;;1
ανετιθεσαν;;1
ηλλαξαντο;;1
ηιρητο;;1
τιμιωτεροσ;;1
ενδεικνυσθαι;;1
ηιρηται;;1
ξυνε;;1
βαινε;;1
φοβειν;;1
διεβεβληντο;;1
ανταναγαγοντεσ;;1
μισθοδοσιαν;;1
αρρωστοτερον;;1
επιδεδωκεναι;;1
ανελογιζοντο;;1
στρατιωτικον;;1
διδομενον;;1
διαναυμαχησει;;1
απολειψειν;;1
επιφεροντα;;1
αναλογισμωι;;1
ξυνη;;1
νεχθη;;1
θουριων;;1
θρασυτατα;;1
αυθαδεστερον;;1
ηπειλησε;;1
δωριει;;1
ξυναγορευοντι;;1
επανηρατο;;1
βακτηριαν;;1
εκραγεντεσ;;1
εβληθη;;1
ενωικοδομημενον;;1
ενοντασ;;1
ξυνεδοκει;;1
ηρεσκετο;;1
επιθεραπευειν;;1
θωνται;;1
τοιουτοτροπα;;1
αποθανοντα;;1
θαψαι;;1
διαδοχοσ;;1
παραλαμβανει;;1
ξυνεπεμψε;;1
γαυλιτην;;1
καρα;;1
διγλωσσον;;1
κατηγορησοντα;;1
απολογησομενον;;1
καταβοηι;;1
φθειροντα;;1
επαμ;;1
φοτεριζοντα;;1
αποδοσεωσ;;1
φυγοντοσ;;1
ποταμιδοσ;;1
μυσκωνοσ;;1
δημαρχου;;1
φυγαδι;;1
αιτησασ;;1
προθοιτο;;1
διεβεβηκει;;1
αναδιδαξοντασ;;1
καταλυοντασ;;1
απηγγελλον;;1
διαφθοραι;;1
παραδοθηι;;1
μεθεξουσιν;;1
σφετε;;1
ροισ;;1
κωλυ;;1
επαυσε;;1
οργιζομενουσ;;1
λοιδορων;;1
απετρεπεν;;1
αποκριναμενοσ;;1
κωλυοι;;1
απαλλασσειν;;1
ξυντετμηται;;1
σωιζομενησ;;1
διαλλαγησεται;;1
επαγγελλομενοι;;1
επαινεσασ;;1
καληι;;1
στρατιωτιδι;;1
πεμπτουσ;;1
λαισποδιαν;;1
αριστοφωντα;;1
μελησιαν;;1
καταλυσαντων;;1
αττικιζοντι;;1
λιχαν;;1
ξυμπορευεσθαι;;1
προσταξειν;;1
ταμων;;1
απηι;;1
διατριβηι;;1
διενοηθη;;1
φοινικασ;;1
εκχρηματισαιτο;;1
καταβοησ;;1
πεπληρωμενασ;;1
φθορασ;;1
διεμελλεν;;1
ανισωσεωσ;;1
προσθεμενοσ;;1
ισχυροτερουσ;;1
εβουληθη;;1
αντιπαλωσ;;1
υποδεεστερωσ;;1
καταφωραι;;1
ξυλλεγηναι;;1
αναλωσασ;;1
ηιτινιδη;;1
τριηρεσιν;;1
παριοντα;;1
διαβαλλειν;;1
διαλλαξειν;;1
μετεχοντων;;1
απαλλαγεντασ;;1
επερρωσαν;;1
διεμεμφοντο;;1
σκελιου;;1
πρεσβευομενουσ;;1
επεμ;;1
επεμμη;;1
δρασωσι;;1
απαλλαξειειν;;1
ισαιτεραν;;1
σχημα;;1
πολιτικον;;1
ελασσουμενοσ;;1
επηρε;;1
μονιμον;;1
ηγωνιζετο;;1
στρατηγησασ;;1
διηνεχθη;;1
μεταβαλλομενουσ;;1
αντιφωντα;;1
ανεκτοσ;;1
χηλη;;1
ηετιωνεια;;1
ετειχιζετο;;1
στενου;;1
τειχιζομενον;;1
διωικοδομησαν;;1
στοαν;;1
εχομενη;;1
εσπλεοντα;;1
εξαιρεισθαι;;1
προαιρουντασ;;1
διεθροει;;1
ιταλιωτιδεσ;;1
σικελικαι;;1
λαι;;1
παρασκευαζομεναι;;1
τειχιζουσι;;1
ηετιωνειαν;;1
λησειν;;1
διαφθαρεν;;1
διαβολη;;1
ολιγαρχουμενοι;;1
εσαγαγομενοι;;1
πυλιδασ;;1
εσοδουσ;;1
επεσαγωγασ;;1
πληγεισ;;1
πληθουσηι;;1
βουλευτηριου;;1
παταξασ;;1
διεφυγεν;;1
ξυνεργοσ;;1
ειδειη;;1
περιπολαρχου;;1
ομογνωμονεσ;;1
λασ;;1
περιπεπλευκυιαι;;1
ορμισαμεναι;;1
κατεδεδραμηκεσαν;;1
κατακολπισαι;;1
ορμειν;;1
παρακληθεισαι;;1
υποψιων;;1
ηετιωνειασ;;1
ταξιαρχων;;1
ξυλλαμβανουσιν;;1
μουνιχιασι;;1
στιφοσ;;1
ξυγκαθημενοι;;1
θηραμενει;;1
ηπειλουν;;1
απολογουμενοσ;;1
ξυναφαιρησομενοσ;;1
ομογνωμων;;1
εκπληκτικοσ;;1
κατειληφθαι;;1
ξυνειλημμενον;;1
τεθναναι;;1
διακωλυοντων;;1
διαθεοντασ;;1
φερομενουσ;;1
φαρσαλιου;;1
επιβοωμενου;;1
απολεσαι;;1
αληθει;;1
οικοδομεισθαι;;1
καθαιρεθεν;;1
ξυνδοκειν;;1
κατεσκαπτον;;1
παρακλησισ;;1
επεκρυπτοντο;;1
ονομαζειν;;1
σφαληι;;1
δηλουσ;;1
μετοχουσ;;1
τεθορυβημενοι;;1
διονυσιακον;;1
θεατρον;;1
εξεκλησιασαν;;1
ανακειωι;;1
ηιρημενοι;;1
διελεγοντο;;1
επιεικεισ;;1
παρακατεχειν;;1
αποφανειν;;1
ανωσαι;;1
πολιτικου;;1
διονυσιωι;;1
ομονοιασ;;1
αγγελλονται;;1
θηραμενουσ;;1
καταπεπτωκεναι;;1
ξυγκειμενου;;1
ανεστρεφετο;;1
στασιασμον;;1
ανεχειν;;1
εσεβαινον;;1
παραπλευσασαι;;1
περιβαλουσαι;;1
θορικου;;1
αξυγκροτητοισ;;1
πληρωμασιν;;1
στασιαζουσησ;;1
μεγιστου;;1
αποκεκληιμενησ;;1
θυμοχαρη;;1
γον;;1
αριστοποιησαμενοσ;;1
ανηγαγε;;1
ωρωποσ;;1
επισιτιζομενοι;;1
επωλειτο;;1
προνοιασ;;1
πληρουμενων;;1
εξαναγκασειαν;;1
ερετριασ;;1
καταδιωκονται;;1
φονευομενοι;;1
αποστησαντεσ;;1
ωρεου;;1
παρεστη;;1
δοξασα;;1
αφεστηκοτοσ;;1
εσβησομενων;;1
ξυρραξουσι;;1
απωλωλεκεσαν;;1
ωφελουντο;;1
εγγυτατου;;1
εθορυβει;;1
τολμησουσι;;1
τολμηροτεροι;;1
ξυμφορωτατοι;;1
προσπολεμησαι;;1
επιχειρηται;;1
ατολμοι;;1
προσεπολεμησαν;;1
ηγγελμενοισ;;1
πυκνα;;1
καταπαυσαντεσ;;1
παρεχονται;;1
νομοθετασ;;1
πολιτευσαντεσ;;1
ξυγκρασισ;;1
ανηνεγκε;;1
κατιεναι;;1
διεκελευοντο;;1
ανθαπτεσθαι;;1
υπεξερχονται;;1
βαρβαρωτατουσ;;1
οινοησ;;1
αναχωρουντων;;1
διαφθορασ;;1
εθελοντ;;1
ηδον;;1
κοινολογησαμενοσ;;1
απαται;;1
κακεινουσ;;1
ξυμβεβασθαι;;1
σπονδοι;;1
εξερχονται;;1
ληφθεισαν;;1
επαυσατο;;1
προσταχθεντων;;1
φιλιπποσ;;1
ξυμπεμφθεισ;;1
επεσταλκει;;1
μινδαρωι;;1
ναυαρχωι;;1
φασηλιδι;;1
παρεσοιντο;;1
παραγγελματοσ;;1
λαθοι;;1
κατεδραμον;;1
αναγκασθεισ;;1
καταιρει;;1
ικαρον;;1
απηρκοτα;;1
επειγομενοσ;;1
φθασηι;;1
ελλησπον;;1
καθεξειν;;1
σκοπουσ;;1
κινοιντο;;1
ερεσοσ;;1
αδυνατωτατοι;;1
διακομισαντεσ;;1
προσεταιριστουσ;;1
αναξανδρου;;1
θηβαιου;;1
μηθυμνηι;;1
αποκρουσθεντεσ;;1
προελθοντασ;;1
απωσθεντεσ;;1
αφι;;1
στασι;;1
προαφιγμενοσ;;1
διαβασισ;;1
υστερησασ;;1
εφωρμει;;1
προσεγενοντο;;1
ανακομιζομεναι;;1
μηθυμναιαι;;1
επισιτισαμεναι;;1
τεσσαρακοστασ;;1
απαιρουσιν;;1
περιτυχωσι;;1
ερεσωι;;1
φωκαιδοσ;;1
καρτεριοισ;;1
κυμαιαν;;1
δειπνο;;1
αργινουσαισ;;1
αρματουντα;;1
λεκτον;;1
λαρισαν;;1
αμαξιτον;;1
φρυκτωροι;;1
εσημαινον;;1
φανεντα;;1
εσπλεουσιν;;1
υπομειξαντεσ;;1
χερσονησωι;;1
ελαιουντοσ;;1
αβυδωι;;1
προειρημενησ;;1
φιλιωι;;1
επιπλωι;;1
ανακωσ;;1
εκπλεωσιν;;1
μινδαρου;;1
υσταται;;1
λαμβανονται;;1
εποκειλασαν;;1
πρωτεσιλαου;;1
ιμβρωι;;1
κενην;;1
ξυμμιγεισαισ;;1
πολιορκησαντεσ;;1
προσεχωρει;;1
ψευσθεντεσ;;1
παραπλουν;;1
τειχομαχουντεσ;;1
σποντον;;1
περιεπεσον;;1
παρεσκευα;;1
σηστου;;1
παρετειναν;;1
χερσονησον;;1
ιδακου;;1
αρριανων;;1
δαρδανου;;1
ταξαντο;;1
υπερσχοντεσ;;1
αποκληισαι;;1
εξωσαι;;1
αποφαρξασθαι;;1
αντεπεξηγον;;1
υπερεβεβληκει;;1
ξυμβαινοντοσ;;1
διεσπασμεναισ;;1
οξειαν;;1
γωνιωδη;;1
περιβολην;;1
επεκεινα;;1
κατοπτα;;1
ξηρον;;1
επεξεβησαν;;1
περισχοντεσ;;1
επικειμενων;;1
επιτεταγμενοι;;1
ατακτοτεροι;;1
επεχουσασ;;1
επεξαγωγησ;;1
επαναστρεψαντεσ;;1
νικησαν;;1
πεπλανημενασ;;1
εκοπτον;;1
ενδεδωκοτεσ;;1
μειδιον;;1
στενοσ;;1
αποφυγασ;;1
επικαιρο;;1
τατην;;1
αξιουσ;;1
πελληνεων;;1
απολλυασιν;;1
αντιλαμβανωνται;;1
αρπαγιον;;1
πριαπον;;1
ορμουσασ;;1
ανεπραξαν;;1
ελαιουσιοι;;1
επικλεα;;1
κομιουντασ;;1
αποστρεψειε;;1
πεποιηκοι;;1
πληρωσασ;;1
αλικαρνασσεασ;;1
εξεπραξε;;1
ετειχισεν;;1
κωι;;1
πεπλευκυιασ;;1
αναζευξασ;;1
ηλαυνεν;;1
αντανδριοι;;1
παρακομισαμενοι;;1
αρσακου;;1
υπαρχου;;1
κατοικησαντασ;;1
επαγγειλασ;;1
βελτιστοισ;;1
εξαγαγων;;1
τηρησασ;;1
αριστοποιουμενουσ;;1
περιστησασ;;1
κατη;;1
κοντισεν;;1
παρανομησηι;;1
επιβαλλοντοσ;;1
εξεπεπτωκεσαν;;1
διαβεβλησθαι;;1
βλαπτωσι;;1
κατορθωσει;;1
μεμψηται;;1
ευπρεπεστατα;;1
απολογησηται;;1
θυσιαν;;1
τελευτησηι;;1
πληρουται;;1
